fiscal_year,ssa,person_orcid,first_name,middle_name,last_name,proposal_role,affiliation_uei,affiliation_name,factor1_assessment,factor2_assessment,factor3_assessment,factor4_assessment,person_overall_assessment,multiple_mitigation,mitigation_explanation_person,mitigation_strategy_proposal,mitigation_explanation_proposal,proposal_number,opportunity_number,proposal_title,submitting_entity_uei,submitting_entity_name,review_type,reviewing_component,reviewing_subcomponent,assessment_state,approved_date,review_notes,mitigation_status,award_type,award_state,fain,awarded_date,award_pop_start,award_pop_end,proposal_files,person_files,review_files
2023,SSA-innovation,2086-8415-7667-4413,Peter,,Anderson,Co-PI,4K0AW4066EK0,Virtucon,Prohibited Factors,No Mitigation Needed,No Mitigation Needed,Mitigation Measures Required,No Mitigation Needed,"Cessation, Increased Reporting",,,,85794245,OPP-192898,Configurable value-added system engine Project,S16GSAX4CIDY,Globex Inc,Mitigation Annual Review,INSCOM,I2O,Completed,5/3/2021 14:47,,Not Needed,Grant,Awarded,FAIN9426185,6/7/2025 5:20,,,proposal_85794245.pdf,person_Anderson.pdf,review_85794245.docx
2025,SSA-deployment,4341-5122-4935-6753,John,,Williams,Collaborator,1317BRU1K5HM,Blue Sun Corp,Mitigation Measures Required,No Mitigation Needed,No Mitigation Needed,Mitigation Measures Required,No Mitigation Needed,"Cessation, Increased Reporting",solutions deployment optimization optimization integration deployment analysis optimization research strategy research synergy research integration.,,,7344374,OPP-528543,Cloned scalable matrix Project,S16GSAX4CIDY,Globex Inc,Mitigation Annual Review,DARPA,DSO,Canceled,4/8/2025 19:02,,Pending,Other,In Negotiation,,11/19/2021 23:11,12/23/2025 12:33,11/25/2021 18:34,proposal_07344374.pdf,person_Williams.pdf,
2025,SSA-deployment,5749-8762-3111-8896,Michael,,Brown,Co-PI,1317BRU1K5HM,Blue Sun Corp,Prohibited Factors,Mitigation Measures Required,Prohibited Factors,Mitigation Measures Required,Mitigation Measures Required,Threat Briefs,,,,7344374,OPP-528543,Cloned scalable matrix Project,S16GSAX4CIDY,Globex Inc,Mitigation Annual Review,DARPA,DSO,Canceled,4/8/2025 19:02,,Pending,Other,In Negotiation,,11/19/2021 23:11,12/23/2025 12:33,11/25/2021 18:34,proposal_07344374.pdf,person_Brown.pdf,
2023,SSA-analysis,8300-2363-5827-8407,Jane,Susan,Williams,Co-PI,EB3Q82NDH2ZA,MomCorp,Mitigation Measures Required,Prohibited Factors,No Mitigation Needed,No Mitigation Needed,No Mitigation Needed,Threat Briefs,strategy strategy analysis development optimization deployment innovation solutions deployment integration.,,,17370382,OPP-382653,Configurable value-added system engine Project,4K0AW4066EK0,Virtucon,Initial,DARPA,CDMRP,Draft,10/11/2020 4:43,cbpMLEXg XJxdlUkCoXSktbRepLafm CxnRezNPIEKIPcBkzvOxbirkhuGYWhdKHSjWdYzMvbDnGLnDJpqBWPADIKYzhoMzxinyQgUVqdPuUBFvrjWJintWBMxNjDZPjMbHgtahSKMzelwnKhsASytSWMiwbTgfqvIxwRXNGBnbTjkDLPtZlElQVwJzhG fTHhtEADEK,Complete,Other Transaction Authority,Pending,,2/20/2025 13:21,,7/1/2021 1:58,proposal_17370382.pdf,,review_17370382.docx
2023,SSA-synergy,9524-6512-3656-5410,Robert,David,Moore,Co-PI,S16GSAX4CIDY,Globex Inc,Prohibited Factors,Prohibited Factors,No Mitigation Needed,Mitigation Measures Required,No Mitigation Needed,,analysis research innovation solutions innovation integration research research analysis strategy strategy research optimization deployment.,"Cessation, Increased Reporting",development optimization innovation integration innovation strategy.,21657714,OPP-345958,Compatible demand-driven workforce Project,EB3Q82NDH2ZA,MomCorp,Mitigation Annual Review,NGA,CDMRP,In Progress,12/20/2021 2:14,AjqnlVbvpQWnztoFaOCEjNbodIADqQqBTxfkLhxAxgMTLSezZlljhwHIRBIlrGjYvzyOOzKOApOOfWNSaxzUoiHLgMIC ,Complete,CRADA,Declined,,9/17/2020 4:27,,6/4/2020 9:01,proposal_21657714.pdf,,
2023,SSA-synergy,8300-2363-5827-8407,Jane,,Williams,Collaborator,S16GSAX4CIDY,Globex Inc,Mitigation Measures Required,Prohibited Factors,Prohibited Factors,No Mitigation Needed,Mitigation Measures Required,"Cessation, Increased Reporting",deployment integration innovation innovation integration innovation solutions solutions analysis innovation synergy analysis strategy optimization synergy.,"Cessation, Increased Reporting",development optimization innovation integration innovation strategy.,21657714,OPP-345958,Compatible demand-driven workforce Project,EB3Q82NDH2ZA,MomCorp,Mitigation Annual Review,NGA,CDMRP,In Progress,12/20/2021 2:14,AjqnlVbvpQWnztoFaOCEjNbodIADqQqBTxfkLhxAxgMTLSezZlljhwHIRBIlrGjYvzyOOzKOApOOfWNSaxzUoiHLgMIC ,Complete,CRADA,Declined,,9/17/2020 4:27,,6/4/2020 9:01,proposal_21657714.pdf,,
2023,SSA-synergy,1139-8650-9589-5613,Patricia,,Smith,PI,7AVPXZBO7E8F,Globex Inc,No Mitigation Needed,Prohibited Factors,No Mitigation Needed,No Mitigation Needed,No Mitigation Needed,"Cessation, Increased Reporting",synergy innovation development analysis strategy innovation strategy innovation strategy solutions optimization solutions development research.,"Cessation, Increased Reporting",development optimization innovation integration innovation strategy.,21657714,OPP-345958,Compatible demand-driven workforce Project,EB3Q82NDH2ZA,MomCorp,Mitigation Annual Review,NGA,CDMRP,In Progress,12/20/2021 2:14,AjqnlVbvpQWnztoFaOCEjNbodIADqQqBTxfkLhxAxgMTLSezZlljhwHIRBIlrGjYvzyOOzKOApOOfWNSaxzUoiHLgMIC ,Complete,CRADA,Declined,,9/17/2020 4:27,,6/4/2020 9:01,proposal_21657714.pdf,person_Smith.pdf,
2023,SSA-synergy,1320-9747-9272-5744,Michael,Peter,Wilson,Collaborator,DNZXLW6P6NNM,Virtucon,Prohibited Factors,Mitigation Measures Required,Mitigation Measures Required,Prohibited Factors,Prohibited Factors,"Cessation, Increased Reporting",optimization innovation innovation development strategy integration innovation integration deployment strategy development.,"Cessation, Increased Reporting",development optimization innovation integration innovation strategy.,21657714,OPP-345958,Compatible demand-driven workforce Project,EB3Q82NDH2ZA,MomCorp,Mitigation Annual Review,NGA,CDMRP,In Progress,12/20/2021 2:14,AjqnlVbvpQWnztoFaOCEjNbodIADqQqBTxfkLhxAxgMTLSezZlljhwHIRBIlrGjYvzyOOzKOApOOfWNSaxzUoiHLgMIC ,Complete,CRADA,Declined,,9/17/2020 4:27,,6/4/2020 9:01,proposal_21657714.pdf,person_Wilson.pdf,
2023,SSA-synergy,4341-5122-4935-6753,John,,Williams,Student,8JK40Q30BVHV,Cyberdyne Systems,No Mitigation Needed,Prohibited Factors,No Mitigation Needed,Mitigation Measures Required,Prohibited Factors,Threat Briefs,integration deployment analysis solutions research research synergy research solutions integration deployment.,"Cessation, Increased Reporting",development optimization innovation integration innovation strategy.,21657714,OPP-345958,Compatible demand-driven workforce Project,EB3Q82NDH2ZA,MomCorp,Mitigation Annual Review,NGA,CDMRP,In Progress,12/20/2021 2:14,AjqnlVbvpQWnztoFaOCEjNbodIADqQqBTxfkLhxAxgMTLSezZlljhwHIRBIlrGjYvzyOOzKOApOOfWNSaxzUoiHLgMIC ,Complete,CRADA,Declined,,9/17/2020 4:27,,6/4/2020 9:01,proposal_21657714.pdf,,
2024,SSA-optimization,2104-2178-8021-8947,David,,Taylor,PI,4K0AW4066EK0,Virtucon,Mitigation Measures Required,Mitigation Measures Required,No Mitigation Needed,Prohibited Factors,No Mitigation Needed,Threat Briefs,,"Cessation, Increased Reporting",,38938501,OPP-718434,Cloned scalable matrix Project,4K0AW4066EK0,Virtucon,Mitigation Annual Review,USA,MSO,Completed,5/27/2021 22:39,ZvKUKMeeYBISxzEssXOEtsvLWvsKjjYvfyd fKKSTpnmvWTmQKPENbvYOnlUtcm HL,Not Needed,CRADA,Awarded,FAIN1914099,,4/7/2020 23:47,,proposal_38938501.pdf,,
2024,SSA-solutions,6426-6062-5484-2188,Jane,,Wilson,PI,S16GSAX4CIDY,Globex Inc,No Mitigation Needed,Prohibited Factors,Mitigation Measures Required,Mitigation Measures Required,Mitigation Measures Required,,deployment integration deployment deployment synergy innovation research research innovation development analysis development development strategy.,Threat Briefs,,74636447,OPP-190127,Adaptive modular solution Project,S16GSAX4CIDY,Globex Inc,Initial,DTRA,DSO,Canceled,9/6/2021 17:22,,Complete,FAR-based Contract,In Negotiation,,4/17/2020 17:08,6/15/2024 10:02,,proposal_74636447.pdf,,
2024,SSA-innovation,9431-6654-7020-4261,Peter,,Wilson,PI,S16GSAX4CIDY,Globex Inc,Mitigation Measures Required,Prohibited Factors,Prohibited Factors,Prohibited Factors,No Mitigation Needed,Threat Briefs,solutions optimization strategy optimization analysis.,,,95096776,OPP-746796,Configurable value-added system engine Project,CZ5TQAGRDPFT,Tyrell Corp,Mitigation Annual Review,INSCOM,I2O,Draft,9/24/2024 9:35,,Not Needed,CRADA,In Negotiation,,,,,proposal_95096776.pdf,person_Wilson.pdf,
2024,SSA-innovation,9892-2316-2928-4644,John,,Wilson,Consultant,VWDUSH65P3UT,Wayne Enterprises,Prohibited Factors,Prohibited Factors,Prohibited Factors,Prohibited Factors,Mitigation Measures Required,,development integration strategy research synergy development deployment.,,,95096776,OPP-746796,Configurable value-added system engine Project,CZ5TQAGRDPFT,Tyrell Corp,Mitigation Annual Review,INSCOM,I2O,Draft,9/24/2024 9:35,,Not Needed,CRADA,In Negotiation,,,,,proposal_95096776.pdf,person_Wilson.pdf,
2023,SSA-integration,1990-7633-2513-1879,Mary,Susan,Williams,PI,CZ5TQAGRDPFT,Tyrell Corp,Mitigation Measures Required,Mitigation Measures Required,Mitigation Measures Required,No Mitigation Needed,No Mitigation Needed,Threat Briefs,solutions research optimization solutions optimization.,Threat Briefs,strategy synergy optimization integration analysis innovation research deployment solutions solutions analysis.,2444891,OPP-889569,Cloned scalable matrix Project,CZ5TQAGRDPFT,Tyrell Corp,Mitigation Annual Review,ACC,TTO,In Progress,4/9/2023 15:36,QFvvIXztijvKLxgbvUJDAmxgJDdTuuyltsoZclSYAbjIVeRPteuObzuSIXrujDWEPGrKdaFkaerPB FJNLeknShSYrKFpoBCShNpAJ MGAakIKwKrxidBeKqRjOgEnauhJk xMdyaBnXPIzWMvMYFqySOVtsXyeCH,Complete,CRADA,Awarded,FAIN6010698,,4/24/2024 13:49,,proposal_02444891.pdf,,
2024,SSA-development,4115-1143-6154-8317,Peter,Robert,Williams,Co-PI,VWDUSH65P3UT,Wayne Enterprises,Mitigation Measures Required,Mitigation Measures Required,Mitigation Measures Required,Mitigation Measures Required,Mitigation Measures Required,,solutions innovation research deployment solutions research deployment integration solutions synergy innovation integration synergy strategy solutions.,"Cessation, Increased Reporting",solutions analysis integration solutions synergy strategy development deployment synergy integration.,65893210,OPP-590529,Ameliorated didactic strategy Project,95C7CBF2RFOV,Acme Corp,Mitigation Annual Review,DARPA,DSO,Canceled,6/1/2021 21:49,,Complete,Grant,Awarded,FAIN4748829,,5/20/2023 22:02,4/21/2021 19:48,proposal_65893210.pdf,,review_65893210.docx
2024,SSA-development,6106-2475-7344-3226,Linda,,Taylor,Co-PI,EB3Q82NDH2ZA,MomCorp,Mitigation Measures Required,Mitigation Measures Required,No Mitigation Needed,Mitigation Measures Required,Mitigation Measures Required,Threat Briefs,development analysis analysis innovation integration integration integration optimization.,"Cessation, Increased Reporting",solutions analysis integration solutions synergy strategy development deployment synergy integration.,65893210,OPP-590529,Ameliorated didactic strategy Project,95C7CBF2RFOV,Acme Corp,Mitigation Annual Review,DARPA,DSO,Canceled,6/1/2021 21:49,,Complete,Grant,Awarded,FAIN4748829,,5/20/2023 22:02,4/21/2021 19:48,proposal_65893210.pdf,person_Taylor.pdf,review_65893210.docx
2024,SSA-development,1385-8950-3310-4586,David,,Moore,Collaborator,2GM2D03Z4F45,Omni Consumer Products,No Mitigation Needed,No Mitigation Needed,Prohibited Factors,Mitigation Measures Required,Mitigation Measures Required,"Cessation, Increased Reporting",analysis deployment integration innovation development research analysis synergy strategy research integration integration optimization.,"Cessation, Increased Reporting",solutions analysis integration solutions synergy strategy development deployment synergy integration.,65893210,OPP-590529,Ameliorated didactic strategy Project,95C7CBF2RFOV,Acme Corp,Mitigation Annual Review,DARPA,DSO,Canceled,6/1/2021 21:49,,Complete,Grant,Awarded,FAIN4748829,,5/20/2023 22:02,4/21/2021 19:48,proposal_65893210.pdf,,review_65893210.docx
2024,SSA-development,1946-3590-5529-1334,John,Mary,Taylor,Collaborator,1317BRU1K5HM,Blue Sun Corp,Mitigation Measures Required,Prohibited Factors,No Mitigation Needed,Prohibited Factors,No Mitigation Needed,Threat Briefs,analysis optimization synergy integration innovation research optimization research deployment optimization optimization integration analysis research optimization.,"Cessation, Increased Reporting",solutions analysis integration solutions synergy strategy development deployment synergy integration.,65893210,OPP-590529,Ameliorated didactic strategy Project,95C7CBF2RFOV,Acme Corp,Mitigation Annual Review,DARPA,DSO,Canceled,6/1/2021 21:49,,Complete,Grant,Awarded,FAIN4748829,,5/20/2023 22:02,4/21/2021 19:48,proposal_65893210.pdf,,review_65893210.docx
2024,SSA-development,7029-7310-4137-1786,Robert,,Smith,Student,VWDUSH65P3UT,Wayne Enterprises,Mitigation Measures Required,Prohibited Factors,No Mitigation Needed,Mitigation Measures Required,Mitigation Measures Required,,development synergy integration research research optimization development.,"Cessation, Increased Reporting",solutions analysis integration solutions synergy strategy development deployment synergy integration.,65893210,OPP-590529,Ameliorated didactic strategy Project,95C7CBF2RFOV,Acme Corp,Mitigation Annual Review,DARPA,DSO,Canceled,6/1/2021 21:49,,Complete,Grant,Awarded,FAIN4748829,,5/20/2023 22:02,4/21/2021 19:48,proposal_65893210.pdf,person_Smith.pdf,review_65893210.docx
2025,SSA-optimization,5260-7018-8099-8748,Susan,Linda,Smith,Student,1317BRU1K5HM,Blue Sun Corp,Mitigation Measures Required,Prohibited Factors,No Mitigation Needed,Mitigation Measures Required,No Mitigation Needed,Threat Briefs,integration development research deployment optimization research deployment solutions.,Threat Briefs,development deployment integration development solutions innovation optimization innovation research analysis integration.,79854209,OPP-326387,Cloned scalable matrix Project,4K0AW4066EK0,Virtucon,Mitigation Annual Review,ACC,DSO,Draft,2/3/2023 4:21, qGtawhjjrZmoVyVqiSbSGaCKoQf njeHosuNZbJuwSnafzsXzJLwDZWmlRtbKXYttM ZZjNQNMOzlISHZSEeukqFLtEVHIPvytSCoSsQQgpPhQk,Not Needed,Other Transaction Authority,In Negotiation,,,9/11/2025 14:01,9/25/2024 16:25,proposal_79854209.pdf,person_Smith.pdf,
2025,SSA-optimization,6089-1576-5011-7603,Michael,,Miller,Student,S16GSAX4CIDY,Globex Inc,No Mitigation Needed,Mitigation Measures Required,No Mitigation Needed,Prohibited Factors,No Mitigation Needed,,solutions solutions research integration deployment strategy solutions synergy analysis synergy deployment.,Threat Briefs,development deployment integration development solutions innovation optimization innovation research analysis integration.,79854209,OPP-326387,Cloned scalable matrix Project,4K0AW4066EK0,Virtucon,Mitigation Annual Review,ACC,DSO,Draft,2/3/2023 4:21, qGtawhjjrZmoVyVqiSbSGaCKoQf njeHosuNZbJuwSnafzsXzJLwDZWmlRtbKXYttM ZZjNQNMOzlISHZSEeukqFLtEVHIPvytSCoSsQQgpPhQk,Not Needed,Other Transaction Authority,In Negotiation,,,9/11/2025 14:01,9/25/2024 16:25,proposal_79854209.pdf,person_Miller.pdf,
2025,SSA-optimization,5012-1650-2203-8432,David,,Smith,Consultant,1317BRU1K5HM,Blue Sun Corp,No Mitigation Needed,No Mitigation Needed,Mitigation Measures Required,Mitigation Measures Required,Prohibited Factors,,optimization research solutions strategy strategy solutions optimization synergy deployment deployment innovation optimization strategy development.,Threat Briefs,development deployment integration development solutions innovation optimization innovation research analysis integration.,79854209,OPP-326387,Cloned scalable matrix Project,4K0AW4066EK0,Virtucon,Mitigation Annual Review,ACC,DSO,Draft,2/3/2023 4:21, qGtawhjjrZmoVyVqiSbSGaCKoQf njeHosuNZbJuwSnafzsXzJLwDZWmlRtbKXYttM ZZjNQNMOzlISHZSEeukqFLtEVHIPvytSCoSsQQgpPhQk,Not Needed,Other Transaction Authority,In Negotiation,,,9/11/2025 14:01,9/25/2024 16:25,proposal_79854209.pdf,person_Smith.pdf,
2025,SSA-optimization,4139-2131-1680-6186,Susan,,Williams,Co-PI,95C7CBF2RFOV,Acme Corp,Mitigation Measures Required,Mitigation Measures Required,No Mitigation Needed,No Mitigation Needed,Prohibited Factors,,,Threat Briefs,development deployment integration development solutions innovation optimization innovation research analysis integration.,79854209,OPP-326387,Cloned scalable matrix Project,4K0AW4066EK0,Virtucon,Mitigation Annual Review,ACC,DSO,Draft,2/3/2023 4:21, qGtawhjjrZmoVyVqiSbSGaCKoQf njeHosuNZbJuwSnafzsXzJLwDZWmlRtbKXYttM ZZjNQNMOzlISHZSEeukqFLtEVHIPvytSCoSsQQgpPhQk,Not Needed,Other Transaction Authority,In Negotiation,,,9/11/2025 14:01,9/25/2024 16:25,proposal_79854209.pdf,person_Williams.pdf,
2025,SSA-optimization,7902-9517-3520-2799,Linda,Peter,Smith,Student,1317BRU1K5HM,Blue Sun Corp,Prohibited Factors,Prohibited Factors,No Mitigation Needed,No Mitigation Needed,No Mitigation Needed,"Cessation, Increased Reporting",analysis synergy research strategy solutions integration integration deployment optimization solutions research analysis.,Threat Briefs,development deployment integration development solutions innovation optimization innovation research analysis integration.,79854209,OPP-326387,Cloned scalable matrix Project,4K0AW4066EK0,Virtucon,Mitigation Annual Review,ACC,DSO,Draft,2/3/2023 4:21, qGtawhjjrZmoVyVqiSbSGaCKoQf njeHosuNZbJuwSnafzsXzJLwDZWmlRtbKXYttM ZZjNQNMOzlISHZSEeukqFLtEVHIPvytSCoSsQQgpPhQk,Not Needed,Other Transaction Authority,In Negotiation,,,9/11/2025 14:01,9/25/2024 16:25,proposal_79854209.pdf,person_Smith.pdf,
2024,SSA-optimization,4018-3350-8748-8348,Peter,Mary,Taylor,Co-PI,P0BJREZAN0YF,Stark Industries,No Mitigation Needed,Prohibited Factors,Prohibited Factors,No Mitigation Needed,Mitigation Measures Required,,development deployment optimization research integration.,"Cessation, Increased Reporting",,60215946,OPP-242031,Compatible demand-driven workforce Project,S16GSAX4CIDY,Globex Inc,Mitigation Annual Review,NGA,MSO,Draft,1/22/2025 20:26,ugojBHJSRgplweRDINdmbwIqCQObpvngxQAngLNYQZZRYOwSgxLndBtBIEEclzOZmJcwUqgQMPNHNgiyzQhaYDyaLtvZGnfyCNIQzdBpmqgUYFmgDSSmnSPZOYhRvIBiOeTQrcfXlgvtrXTZqLWJaWbmsDPyU XhlBvPnkhuuniXTQDuFMZjPmfsCDzbpAD Fg,Not Needed,Other Transaction Authority,Pending,,4/3/2025 12:53,6/12/2024 14:14,3/9/2023 16:27,proposal_60215946.pdf,person_Taylor.pdf,review_60215946.docx
2024,SSA-optimization,9586-4824-9787-8619,Linda,,Anderson,Collaborator,CZ5TQAGRDPFT,Tyrell Corp,Prohibited Factors,Mitigation Measures Required,Prohibited Factors,Mitigation Measures Required,No Mitigation Needed,"Cessation, Increased Reporting",,"Cessation, Increased Reporting",,60215946,OPP-242031,Compatible demand-driven workforce Project,S16GSAX4CIDY,Globex Inc,Mitigation Annual Review,NGA,MSO,Draft,1/22/2025 20:26,ugojBHJSRgplweRDINdmbwIqCQObpvngxQAngLNYQZZRYOwSgxLndBtBIEEclzOZmJcwUqgQMPNHNgiyzQhaYDyaLtvZGnfyCNIQzdBpmqgUYFmgDSSmnSPZOYhRvIBiOeTQrcfXlgvtrXTZqLWJaWbmsDPyU XhlBvPnkhuuniXTQDuFMZjPmfsCDzbpAD Fg,Not Needed,Other Transaction Authority,Pending,,4/3/2025 12:53,6/12/2024 14:14,3/9/2023 16:27,proposal_60215946.pdf,,review_60215946.docx
2024,SSA-innovation,7274-7939-3479-9584,John,David,Smith,Co-PI,EB3Q82NDH2ZA,MomCorp,Mitigation Measures Required,No Mitigation Needed,Mitigation Measures Required,Mitigation Measures Required,Prohibited Factors,"Cessation, Increased Reporting",analysis solutions development analysis deployment research strategy integration research analysis innovation solutions.,,,48822,OPP-327475,Automated bi-directional pricing structure Project,4K0AW4066EK0,Virtucon,Mitigation Annual Review,INSCOM,TTO,Draft,3/14/2021 12:07,,Complete,Other,Pending,,,,7/12/2023 16:36,proposal_00048822.pdf,,review_00048822.docx
2024,SSA-innovation,8305-6338-1273-4359,Jane,,Taylor,Co-PI,95C7CBF2RFOV,Acme Corp,Mitigation Measures Required,Prohibited Factors,No Mitigation Needed,Prohibited Factors,Prohibited Factors,Threat Briefs,synergy research deployment synergy innovation innovation integration.,,,48822,OPP-327475,Automated bi-directional pricing structure Project,4K0AW4066EK0,Virtucon,Mitigation Annual Review,INSCOM,TTO,Draft,3/14/2021 12:07,,Complete,Other,Pending,,,,7/12/2023 16:36,proposal_00048822.pdf,,review_00048822.docx
2024,SSA-innovation,4607-7811-9415-6646,Mary,,Davis,Student,8JK40Q30BVHV,Cyberdyne Systems,Prohibited Factors,Prohibited Factors,Mitigation Measures Required,No Mitigation Needed,Mitigation Measures Required,,analysis integration deployment strategy deployment development optimization deployment strategy integration.,,,48822,OPP-327475,Automated bi-directional pricing structure Project,4K0AW4066EK0,Virtucon,Mitigation Annual Review,INSCOM,TTO,Draft,3/14/2021 12:07,,Complete,Other,Pending,,,,7/12/2023 16:36,proposal_00048822.pdf,,review_00048822.docx
2024,SSA-innovation,5449-1918-8071-9289,John,Peter,Moore,Co-PI,P0BJREZAN0YF,Stark Industries,Mitigation Measures Required,Mitigation Measures Required,Mitigation Measures Required,No Mitigation Needed,Mitigation Measures Required,"Cessation, Increased Reporting",analysis deployment solutions solutions deployment integration integration innovation innovation solutions optimization integration integration innovation.,,,48822,OPP-327475,Automated bi-directional pricing structure Project,4K0AW4066EK0,Virtucon,Mitigation Annual Review,INSCOM,TTO,Draft,3/14/2021 12:07,,Complete,Other,Pending,,,,7/12/2023 16:36,proposal_00048822.pdf,person_Moore.pdf,review_00048822.docx
2023,SSA-synergy,4115-1143-6154-8317,Peter,,Williams,Collaborator,P0BJREZAN0YF,Stark Industries,Mitigation Measures Required,No Mitigation Needed,Prohibited Factors,No Mitigation Needed,Prohibited Factors,,,"Cessation, Increased Reporting",deployment synergy strategy development integration solutions research research solutions integration solutions.,57980993,OPP-079682,Ameliorated didactic strategy Project,EB3Q82NDH2ZA,MomCorp,Mitigation Annual Review,USA,I2O,In Progress,10/9/2022 9:36,iByJURddcEVKYJLtUmBawtxSzsbERKBiWcYpijxOXBywEpLxyuCZXYOcSvldpBaAQeUQIXyVYFENtSYNaUvnPsxRV tbwtUBAjpVGwioZJeRSXZaeH IkBvddeWKqbGSYQXheELrko UHiFjzZfBgux,Not Needed,Other,Declined,,5/5/2021 15:46,,,proposal_57980993.pdf,person_Williams.pdf,
2023,SSA-innovation,4018-3350-8748-8348,Peter,Jane,Taylor,Consultant,P0BJREZAN0YF,Stark Industries,Prohibited Factors,Prohibited Factors,Prohibited Factors,Mitigation Measures Required,No Mitigation Needed,,development analysis synergy integration research strategy optimization research analysis research.,,,7036553,OPP-226106,Assimilated tangible parallelism Project,4K0AW4066EK0,Virtucon,Mitigation Annual Review,DARPA,CDMRP,Completed,10/28/2020 22:04,tVXISKVYGpJyyJiyBZtSvjNXzHpHwcXSaOIGUSjQjpzByCUPnvOzuzyKimtyZiaHlUMQNEbKcLgEQtCsOgeacgaPJMmjDMQ  KUlafJiUiiHUVqS,Not Needed,CRADA,Declined,,9/27/2022 10:42,2/8/2020 15:33,,proposal_07036553.pdf,,
2023,SSA-innovation,2086-8415-7667-4413,Peter,Peter,Anderson,Student,4K0AW4066EK0,Virtucon,No Mitigation Needed,Mitigation Measures Required,Mitigation Measures Required,No Mitigation Needed,Prohibited Factors,,integration deployment solutions development deployment solutions synergy innovation optimization innovation.,,,7036553,OPP-226106,Assimilated tangible parallelism Project,4K0AW4066EK0,Virtucon,Mitigation Annual Review,DARPA,CDMRP,Completed,10/28/2020 22:04,tVXISKVYGpJyyJiyBZtSvjNXzHpHwcXSaOIGUSjQjpzByCUPnvOzuzyKimtyZiaHlUMQNEbKcLgEQtCsOgeacgaPJMmjDMQ  KUlafJiUiiHUVqS,Not Needed,CRADA,Declined,,9/27/2022 10:42,2/8/2020 15:33,,proposal_07036553.pdf,,
2023,SSA-innovation,1821-4676-2980-7386,Patricia,,Moore,Collaborator,1317BRU1K5HM,Blue Sun Corp,No Mitigation Needed,Prohibited Factors,Mitigation Measures Required,Mitigation Measures Required,Mitigation Measures Required,"Cessation, Increased Reporting",integration synergy synergy synergy strategy innovation research deployment synergy synergy.,,,7036553,OPP-226106,Assimilated tangible parallelism Project,4K0AW4066EK0,Virtucon,Mitigation Annual Review,DARPA,CDMRP,Completed,10/28/2020 22:04,tVXISKVYGpJyyJiyBZtSvjNXzHpHwcXSaOIGUSjQjpzByCUPnvOzuzyKimtyZiaHlUMQNEbKcLgEQtCsOgeacgaPJMmjDMQ  KUlafJiUiiHUVqS,Not Needed,CRADA,Declined,,9/27/2022 10:42,2/8/2020 15:33,,proposal_07036553.pdf,person_Moore.pdf,
2023,SSA-innovation,7209-9708-3693-3439,Michael,,Moore,Co-PI,S16GSAX4CIDY,Globex Inc,No Mitigation Needed,Prohibited Factors,Mitigation Measures Required,No Mitigation Needed,Prohibited Factors,"Cessation, Increased Reporting",deployment analysis innovation integration synergy synergy solutions innovation innovation.,,,7036553,OPP-226106,Assimilated tangible parallelism Project,4K0AW4066EK0,Virtucon,Mitigation Annual Review,DARPA,CDMRP,Completed,10/28/2020 22:04,tVXISKVYGpJyyJiyBZtSvjNXzHpHwcXSaOIGUSjQjpzByCUPnvOzuzyKimtyZiaHlUMQNEbKcLgEQtCsOgeacgaPJMmjDMQ  KUlafJiUiiHUVqS,Not Needed,CRADA,Declined,,9/27/2022 10:42,2/8/2020 15:33,,proposal_07036553.pdf,,
2023,SSA-innovation,6066-9462-5085-9762,Jane,,Jones,Consultant,95C7CBF2RFOV,Acme Corp,Mitigation Measures Required,No Mitigation Needed,No Mitigation Needed,Mitigation Measures Required,Prohibited Factors,"Cessation, Increased Reporting",strategy solutions solutions deployment research innovation analysis optimization research analysis synergy.,,,7036553,OPP-226106,Assimilated tangible parallelism Project,4K0AW4066EK0,Virtucon,Mitigation Annual Review,DARPA,CDMRP,Completed,10/28/2020 22:04,tVXISKVYGpJyyJiyBZtSvjNXzHpHwcXSaOIGUSjQjpzByCUPnvOzuzyKimtyZiaHlUMQNEbKcLgEQtCsOgeacgaPJMmjDMQ  KUlafJiUiiHUVqS,Not Needed,CRADA,Declined,,9/27/2022 10:42,2/8/2020 15:33,,proposal_07036553.pdf,,
2023,SSA-research,6969-3078-2618-4315,Susan,,Moore,Collaborator,1317BRU1K5HM,Blue Sun Corp,Prohibited Factors,Mitigation Measures Required,No Mitigation Needed,Prohibited Factors,No Mitigation Needed,,development strategy optimization research integration.,,,80809736,OPP-689852,Adaptive modular solution Project,95C7CBF2RFOV,Acme Corp,Mitigation Annual Review,USA,I2O,Canceled,10/11/2025 20:48,,Not Needed,CRADA,Awarded,FAIN7057255,,7/5/2022 1:21,6/26/2022 13:06,proposal_80809736.pdf,,review_80809736.docx
2023,SSA-research,2104-2178-8021-8947,David,,Taylor,Co-PI,EB3Q82NDH2ZA,MomCorp,Prohibited Factors,No Mitigation Needed,Mitigation Measures Required,Prohibited Factors,Mitigation Measures Required,,optimization research development synergy optimization integration deployment deployment analysis.,,,80809736,OPP-689852,Adaptive modular solution Project,95C7CBF2RFOV,Acme Corp,Mitigation Annual Review,USA,I2O,Canceled,10/11/2025 20:48,,Not Needed,CRADA,Awarded,FAIN7057255,,7/5/2022 1:21,6/26/2022 13:06,proposal_80809736.pdf,person_Taylor.pdf,review_80809736.docx
2024,SSA-deployment,7079-5719-4320-8616,Peter,Michael,Miller,Collaborator,EB3Q82NDH2ZA,MomCorp,No Mitigation Needed,Prohibited Factors,Mitigation Measures Required,Prohibited Factors,No Mitigation Needed,,development strategy solutions research research.,Threat Briefs,,76675944,OPP-938469,Cross-platform multimedia project Project,VWDUSH65P3UT,Wayne Enterprises,Initial,USA,MSO,In Progress,7/8/2024 10:26,,Not Needed,Other Transaction Authority,Awarded,FAIN4615095,,6/12/2024 10:08,,proposal_76675944.pdf,,review_76675944.docx
2024,SSA-deployment,6666-2150-1318-9273,Michael,,Williams,Student,1317BRU1K5HM,Blue Sun Corp,Prohibited Factors,Prohibited Factors,Prohibited Factors,Mitigation Measures Required,Prohibited Factors,"Cessation, Increased Reporting",,Threat Briefs,,76675944,OPP-938469,Cross-platform multimedia project Project,VWDUSH65P3UT,Wayne Enterprises,Initial,USA,MSO,In Progress,7/8/2024 10:26,,Not Needed,Other Transaction Authority,Awarded,FAIN4615095,,6/12/2024 10:08,,proposal_76675944.pdf,,review_76675944.docx
2024,SSA-deployment,5260-7018-8099-8748,Susan,,Smith,PI,CZ5TQAGRDPFT,Tyrell Corp,No Mitigation Needed,No Mitigation Needed,No Mitigation Needed,No Mitigation Needed,Prohibited Factors,"Cessation, Increased Reporting",solutions synergy integration solutions innovation solutions innovation.,Threat Briefs,,76675944,OPP-938469,Cross-platform multimedia project Project,VWDUSH65P3UT,Wayne Enterprises,Initial,USA,MSO,In Progress,7/8/2024 10:26,,Not Needed,Other Transaction Authority,Awarded,FAIN4615095,,6/12/2024 10:08,,proposal_76675944.pdf,,review_76675944.docx
2023,SSA-synergy,8603-5590-1153-5798,David,,Wilson,Student,95C7CBF2RFOV,Acme Corp,No Mitigation Needed,Prohibited Factors,Mitigation Measures Required,Prohibited Factors,Prohibited Factors,Threat Briefs,development optimization analysis analysis research research.,Threat Briefs,innovation innovation deployment development development deployment.,38187858,OPP-052584,Configurable value-added system engine Project,8JK40Q30BVHV,Cyberdyne Systems,Initial,DHA,MSO,In Progress,8/8/2024 20:08,mNEg gfSOBVvDPnXWbKOEGbyrHREIjaecLOyUogjQCSRxpUaUwen,Pending,Grant,Declined,,7/9/2025 13:29,11/12/2021 20:24,,proposal_38187858.pdf,person_Wilson.pdf,
2023,SSA-synergy,6969-3078-2618-4315,Susan,Michael,Moore,Consultant,1317BRU1K5HM,Blue Sun Corp,Prohibited Factors,Prohibited Factors,No Mitigation Needed,No Mitigation Needed,Mitigation Measures Required,,development synergy strategy strategy development strategy optimization strategy strategy integration synergy innovation solutions analysis.,Threat Briefs,innovation innovation deployment development development deployment.,38187858,OPP-052584,Configurable value-added system engine Project,8JK40Q30BVHV,Cyberdyne Systems,Initial,DHA,MSO,In Progress,8/8/2024 20:08,mNEg gfSOBVvDPnXWbKOEGbyrHREIjaecLOyUogjQCSRxpUaUwen,Pending,Grant,Declined,,7/9/2025 13:29,11/12/2021 20:24,,proposal_38187858.pdf,,
2023,SSA-innovation,3721-3731-4798-8779,Susan,,Jones,Student,P0BJREZAN0YF,Stark Industries,Mitigation Measures Required,Prohibited Factors,Prohibited Factors,Prohibited Factors,No Mitigation Needed,Threat Briefs,integration innovation research research deployment development integration development.,"Cessation, Increased Reporting",,15163156,OPP-947473,Adaptive modular solution Project,2GM2D03Z4F45,Omni Consumer Products,Initial,DARPA,DSO,In Progress,9/1/2023 20:20,wonHWMWQowrgQrAgArVXT,Pending,Other,In Negotiation,,,1/3/2025 19:07,4/28/2023 19:16,proposal_15163156.pdf,person_Jones.pdf,review_15163156.docx
2023,SSA-innovation,5051-6236-8974-1785,Robert,,Brown,Consultant,HUWUOZZIA6YC,Wayne Enterprises,Prohibited Factors,No Mitigation Needed,No Mitigation Needed,Prohibited Factors,Mitigation Measures Required,Threat Briefs,,"Cessation, Increased Reporting",,15163156,OPP-947473,Adaptive modular solution Project,2GM2D03Z4F45,Omni Consumer Products,Initial,DARPA,DSO,In Progress,9/1/2023 20:20,wonHWMWQowrgQrAgArVXT,Pending,Other,In Negotiation,,,1/3/2025 19:07,4/28/2023 19:16,proposal_15163156.pdf,person_Brown.pdf,review_15163156.docx
2024,SSA-research,5449-1918-8071-9289,John,,Moore,PI,1317BRU1K5HM,Blue Sun Corp,Prohibited Factors,Mitigation Measures Required,Mitigation Measures Required,Prohibited Factors,Prohibited Factors,Threat Briefs,research innovation research innovation analysis integration optimization synergy analysis innovation research research optimization strategy integration.,"Cessation, Increased Reporting",research strategy optimization synergy development.,84381694,OPP-047022,Adaptive modular solution Project,95C7CBF2RFOV,Acme Corp,Mitigation Annual Review,DTRA,DSO,In Progress,7/18/2021 0:23,HOPaDbamCwmuMOmmZBdFofvOvtevSrwMcNivIPlUAjFF KnSpFIOoyrFrTaZq gbpXEwtpYYdVRonkhnGlkwurHNtPklnAWgQVwDQMGjfXpnGVsNlZwgvpxV WfPNKUqWopNuArZrzHrSy xfleCUUoFZTmfstosJVGJPceUDBop,Complete,CRADA,Pending,,11/16/2023 1:29,11/15/2022 15:51,,proposal_84381694.pdf,,review_84381694.docx
2024,SSA-research,2718-8439-2632-4495,Robert,,Jones,Student,CZ5TQAGRDPFT,Tyrell Corp,Mitigation Measures Required,No Mitigation Needed,No Mitigation Needed,No Mitigation Needed,No Mitigation Needed,Threat Briefs,optimization strategy integration solutions optimization integration solutions deployment development research deployment innovation synergy strategy synergy.,"Cessation, Increased Reporting",research strategy optimization synergy development.,84381694,OPP-047022,Adaptive modular solution Project,95C7CBF2RFOV,Acme Corp,Mitigation Annual Review,DTRA,DSO,In Progress,7/18/2021 0:23,HOPaDbamCwmuMOmmZBdFofvOvtevSrwMcNivIPlUAjFF KnSpFIOoyrFrTaZq gbpXEwtpYYdVRonkhnGlkwurHNtPklnAWgQVwDQMGjfXpnGVsNlZwgvpxV WfPNKUqWopNuArZrzHrSy xfleCUUoFZTmfstosJVGJPceUDBop,Complete,CRADA,Pending,,11/16/2023 1:29,11/15/2022 15:51,,proposal_84381694.pdf,,review_84381694.docx
2024,SSA-research,9818-6881-1670-7498,Linda,Susan,Davis,Student,4K0AW4066EK0,Virtucon,No Mitigation Needed,Mitigation Measures Required,Prohibited Factors,Mitigation Measures Required,Prohibited Factors,,strategy analysis synergy innovation analysis innovation solutions research integration integration analysis integration.,"Cessation, Increased Reporting",research strategy optimization synergy development.,84381694,OPP-047022,Adaptive modular solution Project,95C7CBF2RFOV,Acme Corp,Mitigation Annual Review,DTRA,DSO,In Progress,7/18/2021 0:23,HOPaDbamCwmuMOmmZBdFofvOvtevSrwMcNivIPlUAjFF KnSpFIOoyrFrTaZq gbpXEwtpYYdVRonkhnGlkwurHNtPklnAWgQVwDQMGjfXpnGVsNlZwgvpxV WfPNKUqWopNuArZrzHrSy xfleCUUoFZTmfstosJVGJPceUDBop,Complete,CRADA,Pending,,11/16/2023 1:29,11/15/2022 15:51,,proposal_84381694.pdf,,review_84381694.docx
2024,SSA-research,9586-4824-9787-8619,Linda,Patricia,Anderson,Co-PI,2GM2D03Z4F45,Omni Consumer Products,Mitigation Measures Required,Mitigation Measures Required,Prohibited Factors,Prohibited Factors,No Mitigation Needed,"Cessation, Increased Reporting",research analysis solutions research integration optimization research.,"Cessation, Increased Reporting",research strategy optimization synergy development.,84381694,OPP-047022,Adaptive modular solution Project,95C7CBF2RFOV,Acme Corp,Mitigation Annual Review,DTRA,DSO,In Progress,7/18/2021 0:23,HOPaDbamCwmuMOmmZBdFofvOvtevSrwMcNivIPlUAjFF KnSpFIOoyrFrTaZq gbpXEwtpYYdVRonkhnGlkwurHNtPklnAWgQVwDQMGjfXpnGVsNlZwgvpxV WfPNKUqWopNuArZrzHrSy xfleCUUoFZTmfstosJVGJPceUDBop,Complete,CRADA,Pending,,11/16/2023 1:29,11/15/2022 15:51,,proposal_84381694.pdf,,review_84381694.docx
2023,SSA-development,2553-1903-5850-9269,Susan,,Davis,PI,1317BRU1K5HM,Blue Sun Corp,Prohibited Factors,Mitigation Measures Required,No Mitigation Needed,Mitigation Measures Required,Mitigation Measures Required,"Cessation, Increased Reporting",deployment research development deployment integration deployment development strategy analysis optimization solutions.,,,32771750,OPP-296821,Configurable value-added system engine Project,95C7CBF2RFOV,Acme Corp,Mitigation Annual Review,NGA,I2O,Canceled,10/8/2024 14:21,iLKKmlPSOdMrUDPSwrFizDxLeKPgDElegVeZSKhZsAFFSowugFGNGmeEAoQthXkpGcHMoPeFhhepFwVdJwELZwkwnbzGU ziXdZOemtFrwPykynMCppWiOTMKTjbHZeLHcLQUuZdeGSmCiOWzq jaQTkMRwLApjncFuXVqCbRIigdllPLWapHid,Pending,FAR-based Contract,Declined,,7/13/2021 3:57,4/11/2025 22:43,,proposal_32771750.pdf,,review_32771750.docx
2023,SSA-innovation,1990-7633-2513-1879,Mary,Peter,Williams,Student,P0BJREZAN0YF,Stark Industries,Mitigation Measures Required,No Mitigation Needed,No Mitigation Needed,Prohibited Factors,Mitigation Measures Required,Threat Briefs,integration strategy strategy integration innovation synergy synergy deployment innovation optimization.,"Cessation, Increased Reporting",development analysis optimization development innovation innovation integration synergy.,33228385,OPP-228584,Cloned scalable matrix Project,VWDUSH65P3UT,Wayne Enterprises,Initial,DARPA,TTO,In Progress,11/24/2022 13:11,AvNKYabuGxTVALkFpGQMxYUtRxYZbknxxyAqik YqP zCZNhZnjacPATik CkPNUoJtypRqAWcVQhdB LhqxaxKFRVDWOHsBT,Complete,FAR-based Contract,Declined,,11/28/2021 8:44,2/11/2022 2:45,,proposal_33228385.pdf,,
2023,SSA-analysis,2553-1903-5850-9269,Susan,,Davis,Co-PI,8JK40Q30BVHV,Cyberdyne Systems,No Mitigation Needed,Mitigation Measures Required,Prohibited Factors,No Mitigation Needed,No Mitigation Needed,Threat Briefs,,Threat Briefs,development analysis analysis synergy development research innovation analysis.,68160041,OPP-570824,Business-focused client-driven initiative Project,VWDUSH65P3UT,Wayne Enterprises,Initial,INSCOM,TTO,Completed,9/25/2023 3:39,QvcbTGqjbfnheflJurIZjy eoEDSSVJccayCJIZEoBitwRdcWFeneUAgqFPou wlWa KSVIj BIVShHFraKsKajoLtVcahw ywC,Pending,FAR-based Contract,Pending,,3/27/2020 3:34,11/24/2024 0:20,,proposal_68160041.pdf,,
2023,SSA-analysis,8291-2539-5590-1671,Jane,John,Moore,Consultant,95C7CBF2RFOV,Acme Corp,Mitigation Measures Required,No Mitigation Needed,No Mitigation Needed,No Mitigation Needed,Mitigation Measures Required,,,Threat Briefs,development analysis analysis synergy development research innovation analysis.,68160041,OPP-570824,Business-focused client-driven initiative Project,VWDUSH65P3UT,Wayne Enterprises,Initial,INSCOM,TTO,Completed,9/25/2023 3:39,QvcbTGqjbfnheflJurIZjy eoEDSSVJccayCJIZEoBitwRdcWFeneUAgqFPou wlWa KSVIj BIVShHFraKsKajoLtVcahw ywC,Pending,FAR-based Contract,Pending,,3/27/2020 3:34,11/24/2024 0:20,,proposal_68160041.pdf,,
2023,SSA-analysis,6011-3541-8756-9276,John,John,Anderson,Consultant,2GM2D03Z4F45,Omni Consumer Products,Prohibited Factors,No Mitigation Needed,No Mitigation Needed,Prohibited Factors,Mitigation Measures Required,"Cessation, Increased Reporting",,Threat Briefs,development analysis analysis synergy development research innovation analysis.,68160041,OPP-570824,Business-focused client-driven initiative Project,VWDUSH65P3UT,Wayne Enterprises,Initial,INSCOM,TTO,Completed,9/25/2023 3:39,QvcbTGqjbfnheflJurIZjy eoEDSSVJccayCJIZEoBitwRdcWFeneUAgqFPou wlWa KSVIj BIVShHFraKsKajoLtVcahw ywC,Pending,FAR-based Contract,Pending,,3/27/2020 3:34,11/24/2024 0:20,,proposal_68160041.pdf,person_Anderson.pdf,
2023,SSA-analysis,2718-8439-2632-4495,Robert,,Jones,Student,95C7CBF2RFOV,Acme Corp,No Mitigation Needed,Mitigation Measures Required,Prohibited Factors,No Mitigation Needed,Prohibited Factors,Threat Briefs,solutions analysis solutions research strategy innovation innovation research development solutions research innovation integration.,Threat Briefs,development analysis analysis synergy development research innovation analysis.,68160041,OPP-570824,Business-focused client-driven initiative Project,VWDUSH65P3UT,Wayne Enterprises,Initial,INSCOM,TTO,Completed,9/25/2023 3:39,QvcbTGqjbfnheflJurIZjy eoEDSSVJccayCJIZEoBitwRdcWFeneUAgqFPou wlWa KSVIj BIVShHFraKsKajoLtVcahw ywC,Pending,FAR-based Contract,Pending,,3/27/2020 3:34,11/24/2024 0:20,,proposal_68160041.pdf,,
2023,SSA-analysis,8397-4644-6998-9181,Michael,,Davis,Collaborator,EB3Q82NDH2ZA,MomCorp,No Mitigation Needed,Prohibited Factors,No Mitigation Needed,Prohibited Factors,Prohibited Factors,"Cessation, Increased Reporting",analysis development analysis synergy analysis deployment optimization innovation innovation optimization solutions solutions.,Threat Briefs,development analysis analysis synergy development research innovation analysis.,68160041,OPP-570824,Business-focused client-driven initiative Project,VWDUSH65P3UT,Wayne Enterprises,Initial,INSCOM,TTO,Completed,9/25/2023 3:39,QvcbTGqjbfnheflJurIZjy eoEDSSVJccayCJIZEoBitwRdcWFeneUAgqFPou wlWa KSVIj BIVShHFraKsKajoLtVcahw ywC,Pending,FAR-based Contract,Pending,,3/27/2020 3:34,11/24/2024 0:20,,proposal_68160041.pdf,,
2023,SSA-synergy,7274-7939-3479-9584,John,,Smith,Collaborator,S16GSAX4CIDY,Globex Inc,No Mitigation Needed,No Mitigation Needed,Prohibited Factors,No Mitigation Needed,No Mitigation Needed,"Cessation, Increased Reporting",analysis deployment analysis synergy strategy research research deployment integration analysis strategy research strategy.,Threat Briefs,,92373248,OPP-745758,Automated bi-directional pricing structure Project,1317BRU1K5HM,Blue Sun Corp,Initial,DTRA,MSO,In Progress,9/11/2020 16:00,nTLRJFpNahlWFXADpRTgkr NQtjJDmRlhRGyMFtW swQTbXqKaS,Pending,FAR-based Contract,Pending,,5/10/2022 14:45,9/28/2021 20:22,,proposal_92373248.pdf,,
2025,SSA-solutions,4115-1143-6154-8317,Peter,,Williams,PI,CZ5TQAGRDPFT,Tyrell Corp,Mitigation Measures Required,Prohibited Factors,Mitigation Measures Required,No Mitigation Needed,No Mitigation Needed,"Cessation, Increased Reporting",analysis optimization innovation deployment development optimization strategy.,Threat Briefs,research development analysis optimization analysis research research analysis deployment research innovation synergy integration deployment.,63928815,OPP-167956,Cloned scalable matrix Project,P0BJREZAN0YF,Stark Industries,Mitigation Annual Review,DARPA,DSO,Canceled,3/23/2023 16:09,FSMMpjCMfAVAoHRDIzKKzCozdPMKMIPGLwAaSwztDVkNJTFtcutZOyVjV xtxCYaQWxsNkuSvaLtOVRJUKyFkeYZAZLFCqCHEFwwLTJecDjlIJOmKiMaJmBZdi LELtYwftAnFLLZIKrmiUbsZsgBUkqswgjITGYhveP,Complete,Other Transaction Authority,In Negotiation,,5/3/2025 6:29,2/6/2023 13:10,,proposal_63928815.pdf,person_Williams.pdf,review_63928815.docx
2025,SSA-solutions,8397-4644-6998-9181,Michael,,Davis,Consultant,S16GSAX4CIDY,Globex Inc,Prohibited Factors,Mitigation Measures Required,Prohibited Factors,Prohibited Factors,No Mitigation Needed,"Cessation, Increased Reporting",innovation research optimization optimization synergy integration innovation innovation strategy optimization.,Threat Briefs,research development analysis optimization analysis research research analysis deployment research innovation synergy integration deployment.,63928815,OPP-167956,Cloned scalable matrix Project,P0BJREZAN0YF,Stark Industries,Mitigation Annual Review,DARPA,DSO,Canceled,3/23/2023 16:09,FSMMpjCMfAVAoHRDIzKKzCozdPMKMIPGLwAaSwztDVkNJTFtcutZOyVjV xtxCYaQWxsNkuSvaLtOVRJUKyFkeYZAZLFCqCHEFwwLTJecDjlIJOmKiMaJmBZdi LELtYwftAnFLLZIKrmiUbsZsgBUkqswgjITGYhveP,Complete,Other Transaction Authority,In Negotiation,,5/3/2025 6:29,2/6/2023 13:10,,proposal_63928815.pdf,,review_63928815.docx
2025,SSA-solutions,1139-8650-9589-5613,Patricia,Patricia,Smith,PI,VWDUSH65P3UT,Wayne Enterprises,Mitigation Measures Required,Mitigation Measures Required,Mitigation Measures Required,No Mitigation Needed,No Mitigation Needed,,deployment development integration development optimization synergy analysis development integration innovation deployment solutions synergy.,Threat Briefs,research development analysis optimization analysis research research analysis deployment research innovation synergy integration deployment.,63928815,OPP-167956,Cloned scalable matrix Project,P0BJREZAN0YF,Stark Industries,Mitigation Annual Review,DARPA,DSO,Canceled,3/23/2023 16:09,FSMMpjCMfAVAoHRDIzKKzCozdPMKMIPGLwAaSwztDVkNJTFtcutZOyVjV xtxCYaQWxsNkuSvaLtOVRJUKyFkeYZAZLFCqCHEFwwLTJecDjlIJOmKiMaJmBZdi LELtYwftAnFLLZIKrmiUbsZsgBUkqswgjITGYhveP,Complete,Other Transaction Authority,In Negotiation,,5/3/2025 6:29,2/6/2023 13:10,,proposal_63928815.pdf,person_Smith.pdf,review_63928815.docx
2025,SSA-solutions,6969-3078-2618-4315,Susan,,Moore,Consultant,EB3Q82NDH2ZA,MomCorp,Mitigation Measures Required,Mitigation Measures Required,Mitigation Measures Required,No Mitigation Needed,Mitigation Measures Required,Threat Briefs,deployment optimization solutions development solutions strategy.,Threat Briefs,research development analysis optimization analysis research research analysis deployment research innovation synergy integration deployment.,63928815,OPP-167956,Cloned scalable matrix Project,P0BJREZAN0YF,Stark Industries,Mitigation Annual Review,DARPA,DSO,Canceled,3/23/2023 16:09,FSMMpjCMfAVAoHRDIzKKzCozdPMKMIPGLwAaSwztDVkNJTFtcutZOyVjV xtxCYaQWxsNkuSvaLtOVRJUKyFkeYZAZLFCqCHEFwwLTJecDjlIJOmKiMaJmBZdi LELtYwftAnFLLZIKrmiUbsZsgBUkqswgjITGYhveP,Complete,Other Transaction Authority,In Negotiation,,5/3/2025 6:29,2/6/2023 13:10,,proposal_63928815.pdf,person_Moore.pdf,review_63928815.docx
2023,SSA-analysis,6743-4763-9778-8814,Robert,,Taylor,Collaborator,2GM2D03Z4F45,Omni Consumer Products,No Mitigation Needed,Mitigation Measures Required,No Mitigation Needed,Mitigation Measures Required,Prohibited Factors,Threat Briefs,optimization research development research synergy synergy.,Threat Briefs,,66376325,OPP-465677,Adaptive modular solution Project,VWDUSH65P3UT,Wayne Enterprises,Initial,ACC,DSO,Completed,6/12/2024 1:19,,Not Needed,FAR-based Contract,Pending,,2/5/2021 1:31,9/1/2021 11:54,1/10/2023 18:05,proposal_66376325.pdf,person_Taylor.pdf,review_66376325.docx
2023,SSA-analysis,3624-2474-4256-1521,David,,Williams,Consultant,4K0AW4066EK0,Virtucon,Mitigation Measures Required,Mitigation Measures Required,Prohibited Factors,Mitigation Measures Required,No Mitigation Needed,,innovation solutions analysis innovation research development research optimization strategy synergy innovation development.,Threat Briefs,,66376325,OPP-465677,Adaptive modular solution Project,VWDUSH65P3UT,Wayne Enterprises,Initial,ACC,DSO,Completed,6/12/2024 1:19,,Not Needed,FAR-based Contract,Pending,,2/5/2021 1:31,9/1/2021 11:54,1/10/2023 18:05,proposal_66376325.pdf,person_Williams.pdf,review_66376325.docx
2023,SSA-analysis,6011-3541-8756-9276,John,,Anderson,PI,EB3Q82NDH2ZA,MomCorp,No Mitigation Needed,Prohibited Factors,Mitigation Measures Required,No Mitigation Needed,No Mitigation Needed,Threat Briefs,innovation strategy synergy innovation solutions analysis.,Threat Briefs,,66376325,OPP-465677,Adaptive modular solution Project,VWDUSH65P3UT,Wayne Enterprises,Initial,ACC,DSO,Completed,6/12/2024 1:19,,Not Needed,FAR-based Contract,Pending,,2/5/2021 1:31,9/1/2021 11:54,1/10/2023 18:05,proposal_66376325.pdf,person_Anderson.pdf,review_66376325.docx
2025,SSA-optimization,4139-2131-1680-6186,Susan,,Williams,Consultant,2GM2D03Z4F45,Omni Consumer Products,Prohibited Factors,Mitigation Measures Required,No Mitigation Needed,Mitigation Measures Required,No Mitigation Needed,"Cessation, Increased Reporting",,Threat Briefs,development synergy integration analysis synergy deployment strategy research strategy solutions strategy analysis.,35593784,OPP-821864,Cross-platform multimedia project Project,95C7CBF2RFOV,Acme Corp,Initial,USA,MSO,Completed,8/9/2025 22:22,,Not Needed,CRADA,Pending,,5/8/2021 22:27,6/14/2020 15:20,12/15/2024 12:21,proposal_35593784.pdf,,
2024,SSA-innovation,7368-9539-7504-1401,John,,Davis,Collaborator,S16GSAX4CIDY,Globex Inc,Mitigation Measures Required,Prohibited Factors,Prohibited Factors,No Mitigation Needed,No Mitigation Needed,Threat Briefs,development innovation optimization optimization analysis synergy strategy strategy integration optimization development optimization strategy optimization.,Threat Briefs,optimization solutions research analysis research development.,68995180,OPP-542303,Compatible demand-driven workforce Project,S16GSAX4CIDY,Globex Inc,Mitigation Annual Review,ACC,DSO,In Progress,2/6/2024 13:13,yRcQK UdtVCslOmUiWAgMhZPVIUJLJQtibopCZjWorGbLsPQRcRFZlgquzyBOjSWcQ,Pending,Other,Pending,,,5/21/2023 0:27,4/17/2021 2:21,proposal_68995180.pdf,person_Davis.pdf,
2024,SSA-innovation,4712-9564-9492-1032,Peter,Patricia,Moore,Collaborator,VWDUSH65P3UT,Wayne Enterprises,Prohibited Factors,No Mitigation Needed,Mitigation Measures Required,Prohibited Factors,Prohibited Factors,Threat Briefs,development optimization development analysis research development integration.,Threat Briefs,optimization solutions research analysis research development.,68995180,OPP-542303,Compatible demand-driven workforce Project,S16GSAX4CIDY,Globex Inc,Mitigation Annual Review,ACC,DSO,In Progress,2/6/2024 13:13,yRcQK UdtVCslOmUiWAgMhZPVIUJLJQtibopCZjWorGbLsPQRcRFZlgquzyBOjSWcQ,Pending,Other,Pending,,,5/21/2023 0:27,4/17/2021 2:21,proposal_68995180.pdf,person_Moore.pdf,
2024,SSA-synergy,2086-8415-7667-4413,Peter,,Anderson,Student,4K0AW4066EK0,Virtucon,Prohibited Factors,Prohibited Factors,No Mitigation Needed,Mitigation Measures Required,Mitigation Measures Required,Threat Briefs,optimization optimization strategy solutions strategy strategy synergy optimization deployment research synergy development strategy strategy innovation.,"Cessation, Increased Reporting",analysis solutions analysis innovation synergy deployment innovation innovation strategy integration integration synergy.,56203920,OPP-409683,Configurable value-added system engine Project,95C7CBF2RFOV,Acme Corp,Initial,USA,DSO,Completed,11/21/2023 3:59,HdjR gwJIoXtcjDQKPosgAwydZpaZivphavkGSCQyKRHqPcvMVRsWOKvOpfSpfnLwUjhdJPjfMyRDFvirEdiIW,Not Needed,Other Transaction Authority,In Negotiation,,,6/17/2024 1:27,9/5/2023 8:33,proposal_56203920.pdf,person_Anderson.pdf,review_56203920.docx
2024,SSA-deployment,9283-9306-5786-5335,Linda,,Brown,PI,2GM2D03Z4F45,Omni Consumer Products,No Mitigation Needed,Prohibited Factors,Mitigation Measures Required,Prohibited Factors,No Mitigation Needed,,solutions integration strategy research integration analysis research.,"Cessation, Increased Reporting",,24257052,OPP-968247,Business-focused client-driven initiative Project,4K0AW4066EK0,Virtucon,Mitigation Annual Review,NGA,DSO,Completed,6/20/2020 4:28,,Not Needed,Other,Declined,,,9/20/2022 16:31,,proposal_24257052.pdf,,
2024,SSA-deployment,6637-3966-2365-1403,John,,Jones,Consultant,VWDUSH65P3UT,Wayne Enterprises,Mitigation Measures Required,No Mitigation Needed,Mitigation Measures Required,No Mitigation Needed,No Mitigation Needed,"Cessation, Increased Reporting",innovation synergy deployment strategy innovation synergy optimization innovation analysis development deployment.,"Cessation, Increased Reporting",,24257052,OPP-968247,Business-focused client-driven initiative Project,4K0AW4066EK0,Virtucon,Mitigation Annual Review,NGA,DSO,Completed,6/20/2020 4:28,,Not Needed,Other,Declined,,,9/20/2022 16:31,,proposal_24257052.pdf,,
2023,SSA-strategy,6189-1769-2614-2033,Susan,,Brown,PI,VWDUSH65P3UT,Wayne Enterprises,Prohibited Factors,No Mitigation Needed,Prohibited Factors,Mitigation Measures Required,Prohibited Factors,"Cessation, Increased Reporting",integration research research development strategy integration strategy optimization research research deployment solutions solutions integration integration.,,,59777897,OPP-657259,Configurable value-added system engine Project,S16GSAX4CIDY,Globex Inc,Initial,DTRA,DSO,Canceled,10/13/2024 18:14,,Complete,CRADA,Awarded,FAIN4426778,4/24/2022 18:46,3/3/2023 17:59,10/9/2020 14:29,proposal_59777897.pdf,,review_59777897.docx
2025,SSA-strategy,6426-6062-5484-2188,Jane,,Wilson,Collaborator,8JK40Q30BVHV,Cyberdyne Systems,Mitigation Measures Required,Mitigation Measures Required,Mitigation Measures Required,Prohibited Factors,Mitigation Measures Required,"Cessation, Increased Reporting",integration synergy deployment integration integration.,"Cessation, Increased Reporting",,36137558,OPP-652502,Configurable value-added system engine Project,EB3Q82NDH2ZA,MomCorp,Mitigation Annual Review,DHA,TTO,Canceled,1/25/2024 12:26,,Complete,CRADA,In Negotiation,,10/9/2022 1:57,9/2/2023 12:49,10/11/2020 12:40,proposal_36137558.pdf,person_Wilson.pdf,review_36137558.docx
2025,SSA-strategy,7751-3047-7207-7844,John,,Brown,PI,EB3Q82NDH2ZA,MomCorp,Prohibited Factors,Prohibited Factors,Mitigation Measures Required,Mitigation Measures Required,No Mitigation Needed,Threat Briefs,,"Cessation, Increased Reporting",,36137558,OPP-652502,Configurable value-added system engine Project,EB3Q82NDH2ZA,MomCorp,Mitigation Annual Review,DHA,TTO,Canceled,1/25/2024 12:26,,Complete,CRADA,In Negotiation,,10/9/2022 1:57,9/2/2023 12:49,10/11/2020 12:40,proposal_36137558.pdf,person_Brown.pdf,review_36137558.docx
2025,SSA-strategy,9524-6512-3656-5410,Robert,,Moore,Consultant,1317BRU1K5HM,Blue Sun Corp,Prohibited Factors,Mitigation Measures Required,No Mitigation Needed,No Mitigation Needed,Mitigation Measures Required,Threat Briefs,innovation strategy synergy development innovation integration research.,"Cessation, Increased Reporting",,36137558,OPP-652502,Configurable value-added system engine Project,EB3Q82NDH2ZA,MomCorp,Mitigation Annual Review,DHA,TTO,Canceled,1/25/2024 12:26,,Complete,CRADA,In Negotiation,,10/9/2022 1:57,9/2/2023 12:49,10/11/2020 12:40,proposal_36137558.pdf,person_Moore.pdf,review_36137558.docx
2023,SSA-synergy,5051-6236-8974-1785,Robert,,Brown,Student,VWDUSH65P3UT,Wayne Enterprises,Mitigation Measures Required,No Mitigation Needed,No Mitigation Needed,Prohibited Factors,Prohibited Factors,"Cessation, Increased Reporting",deployment deployment research research analysis strategy solutions strategy optimization deployment analysis.,Threat Briefs,research optimization synergy deployment development.,20267151,OPP-883995,Ameliorated didactic strategy Project,P0BJREZAN0YF,Stark Industries,Mitigation Annual Review,USA,TTO,Canceled,7/10/2021 15:24,JfClpYFpdjafOFuqacM PDvGsoodlTadnifXuukZASAWUxoWscdFVCjmwvBPRUuIYFLOH IiGpgVqxQqBdvPPcyIZAMsBRylMdugKRmXnPlEaOCmYEnCWBRSyTyjUoagfnlhRQTExYNVfNKxWiNecBTKnpxiEbvjguAwcixOpUBTBdcitJlgaQajgbSDa NokfP,Pending,FAR-based Contract,In Negotiation,,,12/23/2023 9:42,,proposal_20267151.pdf,,
2025,SSA-synergy,5006-7509-4651-4179,Michael,,Anderson,Consultant,EB3Q82NDH2ZA,MomCorp,Mitigation Measures Required,Prohibited Factors,No Mitigation Needed,Mitigation Measures Required,No Mitigation Needed,,,Threat Briefs,,48747758,OPP-039070,Configurable value-added system engine Project,VWDUSH65P3UT,Wayne Enterprises,Mitigation Annual Review,DTRA,MSO,Draft,4/11/2024 23:55,,Pending,Grant,Declined,,,,,proposal_48747758.pdf,person_Anderson.pdf,review_48747758.docx
2025,SSA-synergy,7274-7939-3479-9584,John,,Smith,Collaborator,95C7CBF2RFOV,Acme Corp,Prohibited Factors,Prohibited Factors,Mitigation Measures Required,No Mitigation Needed,Prohibited Factors,,analysis synergy integration integration development deployment research analysis optimization analysis innovation strategy optimization analysis.,Threat Briefs,,48747758,OPP-039070,Configurable value-added system engine Project,VWDUSH65P3UT,Wayne Enterprises,Mitigation Annual Review,DTRA,MSO,Draft,4/11/2024 23:55,,Pending,Grant,Declined,,,,,proposal_48747758.pdf,person_Smith.pdf,review_48747758.docx
2025,SSA-synergy,4712-9564-9492-1032,Peter,,Moore,Consultant,1317BRU1K5HM,Blue Sun Corp,No Mitigation Needed,No Mitigation Needed,Prohibited Factors,Prohibited Factors,No Mitigation Needed,"Cessation, Increased Reporting",deployment solutions innovation solutions analysis strategy integration.,Threat Briefs,,48747758,OPP-039070,Configurable value-added system engine Project,VWDUSH65P3UT,Wayne Enterprises,Mitigation Annual Review,DTRA,MSO,Draft,4/11/2024 23:55,,Pending,Grant,Declined,,,,,proposal_48747758.pdf,person_Moore.pdf,review_48747758.docx
2025,SSA-synergy,7029-7310-4137-1786,Robert,,Smith,Collaborator,P0BJREZAN0YF,Stark Industries,Mitigation Measures Required,Mitigation Measures Required,Prohibited Factors,No Mitigation Needed,No Mitigation Needed,,development strategy solutions synergy solutions strategy integration analysis innovation synergy development solutions solutions.,Threat Briefs,,48747758,OPP-039070,Configurable value-added system engine Project,VWDUSH65P3UT,Wayne Enterprises,Mitigation Annual Review,DTRA,MSO,Draft,4/11/2024 23:55,,Pending,Grant,Declined,,,,,proposal_48747758.pdf,person_Smith.pdf,review_48747758.docx
2025,SSA-strategy,4712-9564-9492-1032,Peter,,Moore,Collaborator,S16GSAX4CIDY,Globex Inc,Prohibited Factors,Prohibited Factors,Prohibited Factors,No Mitigation Needed,Mitigation Measures Required,,development solutions research synergy integration analysis innovation development strategy development.,Threat Briefs,,10754256,OPP-214949,Cross-platform multimedia project Project,P0BJREZAN0YF,Stark Industries,Mitigation Annual Review,DTRA,DSO,Canceled,8/2/2023 4:46,,Pending,Other Transaction Authority,Pending,,6/26/2021 3:40,,4/25/2022 18:03,proposal_10754256.pdf,person_Moore.pdf,
2025,SSA-strategy,8936-7468-4916-2583,David,,Anderson,Co-PI,1317BRU1K5HM,Blue Sun Corp,No Mitigation Needed,Prohibited Factors,No Mitigation Needed,Mitigation Measures Required,No Mitigation Needed,,,Threat Briefs,,10754256,OPP-214949,Cross-platform multimedia project Project,P0BJREZAN0YF,Stark Industries,Mitigation Annual Review,DTRA,DSO,Canceled,8/2/2023 4:46,,Pending,Other Transaction Authority,Pending,,6/26/2021 3:40,,4/25/2022 18:03,proposal_10754256.pdf,person_Anderson.pdf,
2025,SSA-strategy,3259-2258-9144-5642,Linda,,Wilson,Consultant,EB3Q82NDH2ZA,MomCorp,No Mitigation Needed,No Mitigation Needed,Prohibited Factors,No Mitigation Needed,No Mitigation Needed,,,Threat Briefs,,10754256,OPP-214949,Cross-platform multimedia project Project,P0BJREZAN0YF,Stark Industries,Mitigation Annual Review,DTRA,DSO,Canceled,8/2/2023 4:46,,Pending,Other Transaction Authority,Pending,,6/26/2021 3:40,,4/25/2022 18:03,proposal_10754256.pdf,person_Wilson.pdf,
2025,SSA-strategy,2086-8415-7667-4413,Peter,,Anderson,Collaborator,P0BJREZAN0YF,Stark Industries,Mitigation Measures Required,Mitigation Measures Required,No Mitigation Needed,Prohibited Factors,No Mitigation Needed,,development development synergy innovation integration.,Threat Briefs,,10754256,OPP-214949,Cross-platform multimedia project Project,P0BJREZAN0YF,Stark Industries,Mitigation Annual Review,DTRA,DSO,Canceled,8/2/2023 4:46,,Pending,Other Transaction Authority,Pending,,6/26/2021 3:40,,4/25/2022 18:03,proposal_10754256.pdf,,
2025,SSA-strategy,3624-2474-4256-1521,David,,Williams,Consultant,8JK40Q30BVHV,Cyberdyne Systems,Mitigation Measures Required,No Mitigation Needed,No Mitigation Needed,Mitigation Measures Required,Prohibited Factors,"Cessation, Increased Reporting",integration solutions research deployment research innovation research research development synergy optimization deployment.,Threat Briefs,,10754256,OPP-214949,Cross-platform multimedia project Project,P0BJREZAN0YF,Stark Industries,Mitigation Annual Review,DTRA,DSO,Canceled,8/2/2023 4:46,,Pending,Other Transaction Authority,Pending,,6/26/2021 3:40,,4/25/2022 18:03,proposal_10754256.pdf,,
2025,SSA-deployment,4341-5122-4935-6753,John,,Williams,Co-PI,VWDUSH65P3UT,Wayne Enterprises,Prohibited Factors,No Mitigation Needed,Mitigation Measures Required,Prohibited Factors,Mitigation Measures Required,Threat Briefs,optimization synergy strategy innovation strategy optimization synergy synergy research deployment strategy.,Threat Briefs,integration integration optimization solutions solutions research innovation solutions synergy innovation.,54706028,OPP-453353,Cross-platform multimedia project Project,8JK40Q30BVHV,Cyberdyne Systems,Mitigation Annual Review,DARPA,TTO,Completed,10/11/2024 7:44,,Complete,Other Transaction Authority,Pending,,,,6/24/2023 11:19,proposal_54706028.pdf,person_Williams.pdf,review_54706028.docx
2025,SSA-deployment,5749-8762-3111-8896,Michael,Patricia,Brown,Co-PI,95C7CBF2RFOV,Acme Corp,No Mitigation Needed,No Mitigation Needed,Prohibited Factors,No Mitigation Needed,Mitigation Measures Required,"Cessation, Increased Reporting",analysis solutions analysis research research research synergy solutions synergy analysis synergy integration research innovation.,Threat Briefs,integration integration optimization solutions solutions research innovation solutions synergy innovation.,54706028,OPP-453353,Cross-platform multimedia project Project,8JK40Q30BVHV,Cyberdyne Systems,Mitigation Annual Review,DARPA,TTO,Completed,10/11/2024 7:44,,Complete,Other Transaction Authority,Pending,,,,6/24/2023 11:19,proposal_54706028.pdf,,review_54706028.docx
2025,SSA-deployment,2752-3991-9420-1857,Jane,,Davis,Student,4K0AW4066EK0,Virtucon,No Mitigation Needed,Mitigation Measures Required,Prohibited Factors,No Mitigation Needed,Prohibited Factors,,innovation research optimization optimization integration strategy integration development.,Threat Briefs,integration integration optimization solutions solutions research innovation solutions synergy innovation.,54706028,OPP-453353,Cross-platform multimedia project Project,8JK40Q30BVHV,Cyberdyne Systems,Mitigation Annual Review,DARPA,TTO,Completed,10/11/2024 7:44,,Complete,Other Transaction Authority,Pending,,,,6/24/2023 11:19,proposal_54706028.pdf,person_Davis.pdf,review_54706028.docx
2025,SSA-deployment,6066-9462-5085-9762,Jane,,Jones,Co-PI,2GM2D03Z4F45,Omni Consumer Products,Prohibited Factors,Mitigation Measures Required,Mitigation Measures Required,No Mitigation Needed,Mitigation Measures Required,"Cessation, Increased Reporting",,Threat Briefs,integration integration optimization solutions solutions research innovation solutions synergy innovation.,54706028,OPP-453353,Cross-platform multimedia project Project,8JK40Q30BVHV,Cyberdyne Systems,Mitigation Annual Review,DARPA,TTO,Completed,10/11/2024 7:44,,Complete,Other Transaction Authority,Pending,,,,6/24/2023 11:19,proposal_54706028.pdf,,review_54706028.docx
2025,SSA-synergy,6089-1576-5011-7603,Michael,,Miller,Consultant,8JK40Q30BVHV,Cyberdyne Systems,No Mitigation Needed,Prohibited Factors,Mitigation Measures Required,Prohibited Factors,No Mitigation Needed,,deployment research development development strategy research development optimization integration strategy integration optimization.,"Cessation, Increased Reporting",,20294999,OPP-491251,Adaptive modular solution Project,8JK40Q30BVHV,Cyberdyne Systems,Mitigation Annual Review,ACC,DSO,In Progress,3/16/2022 19:54,,Complete,CRADA,Awarded,FAIN2281959,,9/19/2021 2:24,1/15/2023 9:06,proposal_20294999.pdf,,review_20294999.docx
2025,SSA-innovation,2086-8415-7667-4413,Peter,Susan,Anderson,Co-PI,EB3Q82NDH2ZA,MomCorp,No Mitigation Needed,No Mitigation Needed,No Mitigation Needed,Prohibited Factors,Prohibited Factors,"Cessation, Increased Reporting",integration innovation innovation analysis integration solutions analysis deployment synergy research optimization integration development.,Threat Briefs,,43672925,OPP-472747,Adaptive modular solution Project,EB3Q82NDH2ZA,MomCorp,Initial,DARPA,DSO,Canceled,11/7/2023 0:13,B JgTMWYWGxbKxyJaXDlodaDKHLeqiPkyMvWfFQNidgThfcsppI,Complete,Other Transaction Authority,Pending,,7/2/2024 7:41,4/14/2025 8:18,11/9/2020 22:33,proposal_43672925.pdf,person_Anderson.pdf,
2025,SSA-innovation,4119-2857-8173-6600,Mary,,Miller,Student,CZ5TQAGRDPFT,Tyrell Corp,Prohibited Factors,No Mitigation Needed,Mitigation Measures Required,Prohibited Factors,Mitigation Measures Required,Threat Briefs,,Threat Briefs,,43672925,OPP-472747,Adaptive modular solution Project,EB3Q82NDH2ZA,MomCorp,Initial,DARPA,DSO,Canceled,11/7/2023 0:13,B JgTMWYWGxbKxyJaXDlodaDKHLeqiPkyMvWfFQNidgThfcsppI,Complete,Other Transaction Authority,Pending,,7/2/2024 7:41,4/14/2025 8:18,11/9/2020 22:33,proposal_43672925.pdf,,
2025,SSA-innovation,5260-7018-8099-8748,Susan,Mary,Smith,Co-PI,95C7CBF2RFOV,Acme Corp,Mitigation Measures Required,Prohibited Factors,Mitigation Measures Required,Mitigation Measures Required,Prohibited Factors,Threat Briefs,,Threat Briefs,,43672925,OPP-472747,Adaptive modular solution Project,EB3Q82NDH2ZA,MomCorp,Initial,DARPA,DSO,Canceled,11/7/2023 0:13,B JgTMWYWGxbKxyJaXDlodaDKHLeqiPkyMvWfFQNidgThfcsppI,Complete,Other Transaction Authority,Pending,,7/2/2024 7:41,4/14/2025 8:18,11/9/2020 22:33,proposal_43672925.pdf,person_Smith.pdf,
2023,SSA-innovation,9586-4824-9787-8619,Linda,,Anderson,Collaborator,RH8MQOS16ADG,Virtucon,Mitigation Measures Required,Mitigation Measures Required,No Mitigation Needed,No Mitigation Needed,Mitigation Measures Required,Threat Briefs,optimization strategy solutions integration innovation analysis optimization solutions development innovation solutions analysis development.,Threat Briefs,development research solutions analysis deployment strategy synergy solutions synergy.,13123966,OPP-887680,Advanced cohesive hardware Project,2GM2D03Z4F45,Omni Consumer Products,Mitigation Annual Review,NGA,I2O,Draft,9/21/2022 19:30,,Not Needed,Other Transaction Authority,In Negotiation,,7/28/2023 23:05,,12/10/2024 1:39,proposal_13123966.pdf,person_Anderson.pdf,
2023,SSA-innovation,6066-9462-5085-9762,Jane,,Jones,Collaborator,1317BRU1K5HM,Blue Sun Corp,Prohibited Factors,Mitigation Measures Required,Prohibited Factors,No Mitigation Needed,Prohibited Factors,"Cessation, Increased Reporting",analysis development research integration strategy solutions development integration deployment.,Threat Briefs,development research solutions analysis deployment strategy synergy solutions synergy.,13123966,OPP-887680,Advanced cohesive hardware Project,2GM2D03Z4F45,Omni Consumer Products,Mitigation Annual Review,NGA,I2O,Draft,9/21/2022 19:30,,Not Needed,Other Transaction Authority,In Negotiation,,7/28/2023 23:05,,12/10/2024 1:39,proposal_13123966.pdf,person_Jones.pdf,
2023,SSA-deployment,7079-5719-4320-8616,Peter,,Miller,Student,1317BRU1K5HM,Blue Sun Corp,Prohibited Factors,No Mitigation Needed,No Mitigation Needed,No Mitigation Needed,Prohibited Factors,"Cessation, Increased Reporting",analysis deployment optimization deployment innovation deployment integration synergy synergy integration solutions solutions development.,"Cessation, Increased Reporting",,92325919,OPP-381198,Automated bi-directional pricing structure Project,EB3Q82NDH2ZA,MomCorp,Initial,USA,MSO,Completed,12/24/2023 11:47,,Complete,FAR-based Contract,Awarded,FAIN6029150,5/18/2022 0:32,9/7/2020 4:47,,proposal_92325919.pdf,,review_92325919.docx
2023,SSA-deployment,2553-1903-5850-9269,Susan,,Davis,Consultant,VWDUSH65P3UT,Wayne Enterprises,No Mitigation Needed,Prohibited Factors,Mitigation Measures Required,Mitigation Measures Required,Prohibited Factors,Threat Briefs,research analysis solutions solutions analysis analysis research research optimization analysis integration strategy development strategy analysis.,"Cessation, Increased Reporting",,92325919,OPP-381198,Automated bi-directional pricing structure Project,EB3Q82NDH2ZA,MomCorp,Initial,USA,MSO,Completed,12/24/2023 11:47,,Complete,FAR-based Contract,Awarded,FAIN6029150,5/18/2022 0:32,9/7/2020 4:47,,proposal_92325919.pdf,,review_92325919.docx
2023,SSA-deployment,3676-7476-9924-9756,Peter,Patricia,Jones,Co-PI,1317BRU1K5HM,Blue Sun Corp,Mitigation Measures Required,No Mitigation Needed,Mitigation Measures Required,Mitigation Measures Required,No Mitigation Needed,Threat Briefs,,"Cessation, Increased Reporting",,92325919,OPP-381198,Automated bi-directional pricing structure Project,EB3Q82NDH2ZA,MomCorp,Initial,USA,MSO,Completed,12/24/2023 11:47,,Complete,FAR-based Contract,Awarded,FAIN6029150,5/18/2022 0:32,9/7/2020 4:47,,proposal_92325919.pdf,,review_92325919.docx
2024,SSA-development,6743-4763-9778-8814,Robert,Linda,Taylor,Co-PI,S16GSAX4CIDY,Globex Inc,No Mitigation Needed,No Mitigation Needed,Prohibited Factors,No Mitigation Needed,Prohibited Factors,Threat Briefs,deployment development strategy development strategy analysis research analysis strategy.,,,20980489,OPP-000550,Advanced cohesive hardware Project,CZ5TQAGRDPFT,Tyrell Corp,Initial,USA,DSO,Canceled,11/22/2024 6:37,,Not Needed,CRADA,Pending,,,,,proposal_20980489.pdf,person_Taylor.pdf,
2025,SSA-integration,7058-6482-4903-3575,Susan,,Miller,Co-PI,95C7CBF2RFOV,Acme Corp,Prohibited Factors,Mitigation Measures Required,Mitigation Measures Required,No Mitigation Needed,Mitigation Measures Required,"Cessation, Increased Reporting",,"Cessation, Increased Reporting",deployment research integration deployment innovation strategy synergy integration synergy deployment research optimization synergy analysis.,23833787,OPP-669783,Advanced cohesive hardware Project,S16GSAX4CIDY,Globex Inc,Mitigation Annual Review,USA,I2O,Draft,6/13/2021 11:10,,Not Needed,Other Transaction Authority,Declined,,5/15/2023 5:48,9/28/2024 11:28,8/23/2022 1:59,proposal_23833787.pdf,person_Miller.pdf,
2025,SSA-integration,7209-9708-3693-3439,Michael,,Moore,Student,1317BRU1K5HM,Blue Sun Corp,Prohibited Factors,Mitigation Measures Required,Prohibited Factors,No Mitigation Needed,Prohibited Factors,,strategy integration synergy development synergy synergy deployment development integration strategy analysis.,"Cessation, Increased Reporting",deployment research integration deployment innovation strategy synergy integration synergy deployment research optimization synergy analysis.,23833787,OPP-669783,Advanced cohesive hardware Project,S16GSAX4CIDY,Globex Inc,Mitigation Annual Review,USA,I2O,Draft,6/13/2021 11:10,,Not Needed,Other Transaction Authority,Declined,,5/15/2023 5:48,9/28/2024 11:28,8/23/2022 1:59,proposal_23833787.pdf,person_Moore.pdf,
2025,SSA-integration,3676-7476-9924-9756,Peter,,Jones,Consultant,EB3Q82NDH2ZA,MomCorp,No Mitigation Needed,Mitigation Measures Required,Prohibited Factors,Prohibited Factors,Prohibited Factors,Threat Briefs,development deployment synergy research innovation strategy.,"Cessation, Increased Reporting",deployment research integration deployment innovation strategy synergy integration synergy deployment research optimization synergy analysis.,23833787,OPP-669783,Advanced cohesive hardware Project,S16GSAX4CIDY,Globex Inc,Mitigation Annual Review,USA,I2O,Draft,6/13/2021 11:10,,Not Needed,Other Transaction Authority,Declined,,5/15/2023 5:48,9/28/2024 11:28,8/23/2022 1:59,proposal_23833787.pdf,,
2025,SSA-integration,2018-4402-9157-7426,Mary,,Smith,PI,1317BRU1K5HM,Blue Sun Corp,Prohibited Factors,No Mitigation Needed,No Mitigation Needed,Prohibited Factors,Prohibited Factors,Threat Briefs,development synergy optimization innovation optimization synergy synergy optimization deployment innovation research strategy integration integration.,"Cessation, Increased Reporting",deployment research integration deployment innovation strategy synergy integration synergy deployment research optimization synergy analysis.,23833787,OPP-669783,Advanced cohesive hardware Project,S16GSAX4CIDY,Globex Inc,Mitigation Annual Review,USA,I2O,Draft,6/13/2021 11:10,,Not Needed,Other Transaction Authority,Declined,,5/15/2023 5:48,9/28/2024 11:28,8/23/2022 1:59,proposal_23833787.pdf,person_Smith.pdf,
2025,SSA-solutions,9950-1762-8322-8866,Linda,,Williams,Collaborator,P0BJREZAN0YF,Stark Industries,No Mitigation Needed,No Mitigation Needed,Prohibited Factors,No Mitigation Needed,No Mitigation Needed,,development strategy strategy optimization innovation optimization solutions.,"Cessation, Increased Reporting",solutions development deployment deployment synergy research development analysis.,46305072,OPP-060653,Assimilated tangible parallelism Project,S16GSAX4CIDY,Globex Inc,Initial,USA,I2O,Draft,3/6/2022 17:44,veLBiuiJdqKUqaWPgYYDomdgJcQwSQMugzXQdgsjFHB,Complete,CRADA,Pending,,,,9/25/2024 15:58,proposal_46305072.pdf,person_Williams.pdf,review_46305072.docx
2025,SSA-solutions,9714-1709-5838-4727,Robert,,Anderson,Student,VWDUSH65P3UT,Wayne Enterprises,No Mitigation Needed,No Mitigation Needed,Prohibited Factors,No Mitigation Needed,Prohibited Factors,"Cessation, Increased Reporting",optimization analysis synergy research deployment innovation optimization analysis innovation synergy deployment research.,"Cessation, Increased Reporting",solutions development deployment deployment synergy research development analysis.,46305072,OPP-060653,Assimilated tangible parallelism Project,S16GSAX4CIDY,Globex Inc,Initial,USA,I2O,Draft,3/6/2022 17:44,veLBiuiJdqKUqaWPgYYDomdgJcQwSQMugzXQdgsjFHB,Complete,CRADA,Pending,,,,9/25/2024 15:58,proposal_46305072.pdf,person_Anderson.pdf,review_46305072.docx
2025,SSA-development,3721-3731-4798-8779,Susan,,Jones,Collaborator,8BP8905AWE7T,Tyrell Corp,Prohibited Factors,Prohibited Factors,Mitigation Measures Required,Prohibited Factors,Mitigation Measures Required,,,"Cessation, Increased Reporting",solutions innovation innovation synergy research analysis strategy integration deployment.,65125949,OPP-712009,Configurable value-added system engine Project,4K0AW4066EK0,Virtucon,Initial,DHA,CDMRP,Draft,11/14/2022 6:51,,Pending,CRADA,In Negotiation,,6/9/2025 20:23,3/28/2025 15:59,,proposal_65125949.pdf,,
2025,SSA-development,9283-9306-5786-5335,Linda,Susan,Brown,Consultant,VWDUSH65P3UT,Wayne Enterprises,Mitigation Measures Required,No Mitigation Needed,Prohibited Factors,Prohibited Factors,Mitigation Measures Required,Threat Briefs,,"Cessation, Increased Reporting",solutions innovation innovation synergy research analysis strategy integration deployment.,65125949,OPP-712009,Configurable value-added system engine Project,4K0AW4066EK0,Virtucon,Initial,DHA,CDMRP,Draft,11/14/2022 6:51,,Pending,CRADA,In Negotiation,,6/9/2025 20:23,3/28/2025 15:59,,proposal_65125949.pdf,person_Brown.pdf,
2023,SSA-innovation,6426-6062-5484-2188,Jane,,Wilson,Collaborator,2GM2D03Z4F45,Omni Consumer Products,Prohibited Factors,No Mitigation Needed,Prohibited Factors,Prohibited Factors,Prohibited Factors,Threat Briefs,,Threat Briefs,development development research synergy synergy deployment.,3443637,OPP-870590,Compatible demand-driven workforce Project,1317BRU1K5HM,Blue Sun Corp,Mitigation Annual Review,DHA,TTO,In Progress,9/11/2025 13:21,,Not Needed,CRADA,Pending,,,10/22/2021 10:12,,proposal_03443637.pdf,,
2023,SSA-innovation,6089-1576-5011-7603,Michael,,Miller,PI,S16GSAX4CIDY,Globex Inc,Prohibited Factors,Mitigation Measures Required,Mitigation Measures Required,Prohibited Factors,No Mitigation Needed,,innovation integration strategy analysis optimization innovation deployment.,Threat Briefs,development development research synergy synergy deployment.,3443637,OPP-870590,Compatible demand-driven workforce Project,1317BRU1K5HM,Blue Sun Corp,Mitigation Annual Review,DHA,TTO,In Progress,9/11/2025 13:21,,Not Needed,CRADA,Pending,,,10/22/2021 10:12,,proposal_03443637.pdf,person_Miller.pdf,
2023,SSA-innovation,8397-4644-6998-9181,Michael,Mary,Davis,PI,95C7CBF2RFOV,Acme Corp,Mitigation Measures Required,Prohibited Factors,Prohibited Factors,Mitigation Measures Required,Mitigation Measures Required,"Cessation, Increased Reporting",integration integration development analysis analysis integration synergy research.,Threat Briefs,development development research synergy synergy deployment.,3443637,OPP-870590,Compatible demand-driven workforce Project,1317BRU1K5HM,Blue Sun Corp,Mitigation Annual Review,DHA,TTO,In Progress,9/11/2025 13:21,,Not Needed,CRADA,Pending,,,10/22/2021 10:12,,proposal_03443637.pdf,,
2025,SSA-solutions,7079-5719-4320-8616,Peter,,Miller,Consultant,CZ5TQAGRDPFT,Tyrell Corp,No Mitigation Needed,Mitigation Measures Required,Mitigation Measures Required,Mitigation Measures Required,Prohibited Factors,Threat Briefs,,,,36539840,OPP-821165,Cloned scalable matrix Project,4K0AW4066EK0,Virtucon,Initial,USA,MSO,Draft,7/3/2021 6:34,,Not Needed,Other Transaction Authority,Pending,,,2/4/2021 17:09,2/24/2023 8:53,proposal_36539840.pdf,person_Miller.pdf,
2025,SSA-solutions,3721-3731-4798-8779,Susan,John,Jones,Co-PI,VWDUSH65P3UT,Wayne Enterprises,Prohibited Factors,Prohibited Factors,Prohibited Factors,Prohibited Factors,Prohibited Factors,,analysis deployment innovation development analysis development synergy solutions innovation.,,,36539840,OPP-821165,Cloned scalable matrix Project,4K0AW4066EK0,Virtucon,Initial,USA,MSO,Draft,7/3/2021 6:34,,Not Needed,Other Transaction Authority,Pending,,,2/4/2021 17:09,2/24/2023 8:53,proposal_36539840.pdf,person_Jones.pdf,
2025,SSA-solutions,6106-2475-7344-3226,Linda,,Taylor,PI,EB3Q82NDH2ZA,MomCorp,Prohibited Factors,Mitigation Measures Required,No Mitigation Needed,Mitigation Measures Required,Mitigation Measures Required,Threat Briefs,innovation optimization strategy integration integration optimization solutions development development strategy synergy.,,,36539840,OPP-821165,Cloned scalable matrix Project,4K0AW4066EK0,Virtucon,Initial,USA,MSO,Draft,7/3/2021 6:34,,Not Needed,Other Transaction Authority,Pending,,,2/4/2021 17:09,2/24/2023 8:53,proposal_36539840.pdf,,
2025,SSA-solutions,2104-2178-8021-8947,David,Susan,Taylor,Collaborator,4K0AW4066EK0,Virtucon,No Mitigation Needed,No Mitigation Needed,No Mitigation Needed,Mitigation Measures Required,Mitigation Measures Required,,analysis strategy innovation synergy deployment innovation solutions integration development deployment.,,,36539840,OPP-821165,Cloned scalable matrix Project,4K0AW4066EK0,Virtucon,Initial,USA,MSO,Draft,7/3/2021 6:34,,Not Needed,Other Transaction Authority,Pending,,,2/4/2021 17:09,2/24/2023 8:53,proposal_36539840.pdf,,
2025,SSA-solutions,5012-1650-2203-8432,David,,Smith,PI,CZ5TQAGRDPFT,Tyrell Corp,Mitigation Measures Required,No Mitigation Needed,No Mitigation Needed,Prohibited Factors,Mitigation Measures Required,Threat Briefs,,,,36539840,OPP-821165,Cloned scalable matrix Project,4K0AW4066EK0,Virtucon,Initial,USA,MSO,Draft,7/3/2021 6:34,,Not Needed,Other Transaction Authority,Pending,,,2/4/2021 17:09,2/24/2023 8:53,proposal_36539840.pdf,person_Smith.pdf,
2024,SSA-strategy,7079-5719-4320-8616,Peter,,Miller,PI,S16GSAX4CIDY,Globex Inc,Prohibited Factors,Mitigation Measures Required,Mitigation Measures Required,No Mitigation Needed,Prohibited Factors,,synergy solutions research strategy analysis research development integration.,,,12936268,OPP-861236,Configurable value-added system engine Project,P0BJREZAN0YF,Stark Industries,Mitigation Annual Review,DTRA,MSO,Canceled,12/2/2025 8:49,,Complete,CRADA,Declined,,,1/7/2022 19:10,5/9/2021 16:29,proposal_12936268.pdf,person_Miller.pdf,
2024,SSA-strategy,1385-8950-3310-4586,David,David,Moore,Student,4K0AW4066EK0,Virtucon,Mitigation Measures Required,Mitigation Measures Required,No Mitigation Needed,Prohibited Factors,Mitigation Measures Required,Threat Briefs,optimization development innovation deployment deployment.,,,12936268,OPP-861236,Configurable value-added system engine Project,P0BJREZAN0YF,Stark Industries,Mitigation Annual Review,DTRA,MSO,Canceled,12/2/2025 8:49,,Complete,CRADA,Declined,,,1/7/2022 19:10,5/9/2021 16:29,proposal_12936268.pdf,person_Moore.pdf,
2025,SSA-solutions,5342-2934-7908-4582,David,Patricia,Jones,Collaborator,8JK40Q30BVHV,Cyberdyne Systems,Prohibited Factors,No Mitigation Needed,Prohibited Factors,No Mitigation Needed,No Mitigation Needed,Threat Briefs,,,,89512320,OPP-534997,Adaptive modular solution Project,95C7CBF2RFOV,Acme Corp,Mitigation Annual Review,DHA,MSO,Draft,12/17/2022 0:59,QgtldGydIqIDvbjqSLKgvrhdLmdv,Complete,FAR-based Contract,In Negotiation,,10/25/2020 4:11,,1/27/2020 7:40,proposal_89512320.pdf,person_Jones.pdf,review_89512320.docx
2025,SSA-solutions,8053-6398-6844-8437,David,,Davis,Consultant,S16GSAX4CIDY,Globex Inc,Mitigation Measures Required,No Mitigation Needed,Prohibited Factors,Prohibited Factors,Mitigation Measures Required,"Cessation, Increased Reporting",research research analysis solutions research development analysis solutions development development strategy research deployment.,,,89512320,OPP-534997,Adaptive modular solution Project,95C7CBF2RFOV,Acme Corp,Mitigation Annual Review,DHA,MSO,Draft,12/17/2022 0:59,QgtldGydIqIDvbjqSLKgvrhdLmdv,Complete,FAR-based Contract,In Negotiation,,10/25/2020 4:11,,1/27/2020 7:40,proposal_89512320.pdf,person_Davis.pdf,review_89512320.docx
2023,SSA-development,7728-7119-1585-5278,Patricia,,Jones,Co-PI,95C7CBF2RFOV,Acme Corp,Mitigation Measures Required,Mitigation Measures Required,Mitigation Measures Required,No Mitigation Needed,Prohibited Factors,,research analysis deployment analysis strategy strategy development analysis analysis deployment.,Threat Briefs,deployment optimization research solutions innovation deployment research development deployment synergy integration innovation strategy.,7267030,OPP-166978,Compatible demand-driven workforce Project,1317BRU1K5HM,Blue Sun Corp,Mitigation Annual Review,DHA,CDMRP,Draft,3/25/2023 2:54,SmysZwmdSVpYYFdIrVeYeOKYyYuAy JnuWOAyCKReAMOQt MrPAinWsYccVPIDHMm,Complete,FAR-based Contract,Awarded,FAIN5849772,,1/1/2025 18:56,9/10/2023 3:15,proposal_07267030.pdf,person_Jones.pdf,
2023,SSA-development,5260-7018-8099-8748,Susan,,Smith,Collaborator,8JK40Q30BVHV,Cyberdyne Systems,Mitigation Measures Required,Mitigation Measures Required,Prohibited Factors,Mitigation Measures Required,Prohibited Factors,Threat Briefs,solutions research research deployment deployment development analysis development innovation research deployment optimization solutions optimization.,Threat Briefs,deployment optimization research solutions innovation deployment research development deployment synergy integration innovation strategy.,7267030,OPP-166978,Compatible demand-driven workforce Project,1317BRU1K5HM,Blue Sun Corp,Mitigation Annual Review,DHA,CDMRP,Draft,3/25/2023 2:54,SmysZwmdSVpYYFdIrVeYeOKYyYuAy JnuWOAyCKReAMOQt MrPAinWsYccVPIDHMm,Complete,FAR-based Contract,Awarded,FAIN5849772,,1/1/2025 18:56,9/10/2023 3:15,proposal_07267030.pdf,person_Smith.pdf,
2023,SSA-development,9950-1762-8322-8866,Linda,,Williams,Student,P0BJREZAN0YF,Stark Industries,Mitigation Measures Required,Prohibited Factors,No Mitigation Needed,Prohibited Factors,No Mitigation Needed,,research analysis solutions research analysis research.,Threat Briefs,deployment optimization research solutions innovation deployment research development deployment synergy integration innovation strategy.,7267030,OPP-166978,Compatible demand-driven workforce Project,1317BRU1K5HM,Blue Sun Corp,Mitigation Annual Review,DHA,CDMRP,Draft,3/25/2023 2:54,SmysZwmdSVpYYFdIrVeYeOKYyYuAy JnuWOAyCKReAMOQt MrPAinWsYccVPIDHMm,Complete,FAR-based Contract,Awarded,FAIN5849772,,1/1/2025 18:56,9/10/2023 3:15,proposal_07267030.pdf,person_Williams.pdf,
2023,SSA-analysis,8603-5590-1153-5798,David,Linda,Wilson,Co-PI,VMU600O13ONR,Blue Sun Corp,No Mitigation Needed,No Mitigation Needed,Prohibited Factors,No Mitigation Needed,Prohibited Factors,,,Threat Briefs,integration innovation solutions innovation development research synergy development integration development.,89734020,OPP-664992,Advanced cohesive hardware Project,VWDUSH65P3UT,Wayne Enterprises,Initial,DTRA,I2O,Completed,8/7/2021 15:42,nekXVBoSxsYqEHogBRynGMrczIwZZrACizgiDhNtBbsLXGCceCJpeGTKXZgDANhHNNpsXtBGHKiBfhmbViFaaVKtTFeyZTjweIiVpJnvtwSqjiTKtOUNGWLSRFINXyvVPPXZkBeobpXSCCEXYcQjXvk,Pending,CRADA,Pending,,,,,proposal_89734020.pdf,person_Wilson.pdf,review_89734020.docx
2023,SSA-solutions,7077-4353-8590-5084,Linda,,Jones,Student,95C7CBF2RFOV,Acme Corp,No Mitigation Needed,Prohibited Factors,Prohibited Factors,Mitigation Measures Required,Mitigation Measures Required,Threat Briefs,optimization deployment solutions integration deployment solutions solutions solutions development.,"Cessation, Increased Reporting",research innovation analysis research strategy.,12522189,OPP-932461,Configurable value-added system engine Project,P0BJREZAN0YF,Stark Industries,Mitigation Annual Review,DTRA,I2O,In Progress,1/20/2020 8:20,SSLKMVTwznScTvzccAnKHFxQFIAMDZOeJlWpexjAXuDKQXZtaiQwdLVCxXVoTCOzu,Complete,Other Transaction Authority,Awarded,FAIN8769782,1/4/2020 3:53,,1/10/2020 21:59,proposal_12522189.pdf,person_Jones.pdf,
2025,SSA-solutions,7902-9517-3520-2799,Linda,,Smith,PI,VWDUSH65P3UT,Wayne Enterprises,Prohibited Factors,No Mitigation Needed,No Mitigation Needed,Prohibited Factors,Mitigation Measures Required,,innovation development strategy synergy integration research optimization optimization integration optimization innovation innovation strategy synergy optimization.,Threat Briefs,strategy deployment innovation deployment research optimization analysis synergy.,85187922,OPP-202412,Ameliorated didactic strategy Project,EB3Q82NDH2ZA,MomCorp,Mitigation Annual Review,ACC,CDMRP,In Progress,7/1/2025 1:57,aENWfDKZMzlpygZKIVHZpDmWNIPjqSTfghP UP rXschmVXpLjYaaWGqZtgtaydCVNxjxJxQpizLPaAXTFOhyyecirwcJqGMTwkaImkdoMwfuPvqqKMyQcSijrPzUfjLtpxljAcdoZmQXdrTgic,Not Needed,CRADA,In Negotiation,,,,,proposal_85187922.pdf,person_Smith.pdf,review_85187922.docx
2025,SSA-solutions,6969-3078-2618-4315,Susan,,Moore,PI,P0BJREZAN0YF,Stark Industries,Prohibited Factors,Mitigation Measures Required,Prohibited Factors,Prohibited Factors,Prohibited Factors,Threat Briefs,,Threat Briefs,strategy deployment innovation deployment research optimization analysis synergy.,85187922,OPP-202412,Ameliorated didactic strategy Project,EB3Q82NDH2ZA,MomCorp,Mitigation Annual Review,ACC,CDMRP,In Progress,7/1/2025 1:57,aENWfDKZMzlpygZKIVHZpDmWNIPjqSTfghP UP rXschmVXpLjYaaWGqZtgtaydCVNxjxJxQpizLPaAXTFOhyyecirwcJqGMTwkaImkdoMwfuPvqqKMyQcSijrPzUfjLtpxljAcdoZmQXdrTgic,Not Needed,CRADA,In Negotiation,,,,,proposal_85187922.pdf,,review_85187922.docx
2025,SSA-solutions,1532-1355-6668-6924,Patricia,,Williams,PI,EB3Q82NDH2ZA,MomCorp,Mitigation Measures Required,Prohibited Factors,Prohibited Factors,Mitigation Measures Required,Mitigation Measures Required,Threat Briefs,analysis research solutions innovation synergy analysis solutions solutions integration deployment research optimization solutions.,Threat Briefs,strategy deployment innovation deployment research optimization analysis synergy.,85187922,OPP-202412,Ameliorated didactic strategy Project,EB3Q82NDH2ZA,MomCorp,Mitigation Annual Review,ACC,CDMRP,In Progress,7/1/2025 1:57,aENWfDKZMzlpygZKIVHZpDmWNIPjqSTfghP UP rXschmVXpLjYaaWGqZtgtaydCVNxjxJxQpizLPaAXTFOhyyecirwcJqGMTwkaImkdoMwfuPvqqKMyQcSijrPzUfjLtpxljAcdoZmQXdrTgic,Not Needed,CRADA,In Negotiation,,,,,proposal_85187922.pdf,,review_85187922.docx
2025,SSA-solutions,5723-5633-2716-1119,Michael,,Taylor,Student,1317BRU1K5HM,Blue Sun Corp,Mitigation Measures Required,Prohibited Factors,Prohibited Factors,No Mitigation Needed,No Mitigation Needed,,,Threat Briefs,strategy deployment innovation deployment research optimization analysis synergy.,85187922,OPP-202412,Ameliorated didactic strategy Project,EB3Q82NDH2ZA,MomCorp,Mitigation Annual Review,ACC,CDMRP,In Progress,7/1/2025 1:57,aENWfDKZMzlpygZKIVHZpDmWNIPjqSTfghP UP rXschmVXpLjYaaWGqZtgtaydCVNxjxJxQpizLPaAXTFOhyyecirwcJqGMTwkaImkdoMwfuPvqqKMyQcSijrPzUfjLtpxljAcdoZmQXdrTgic,Not Needed,CRADA,In Negotiation,,,,,proposal_85187922.pdf,person_Taylor.pdf,review_85187922.docx
2025,SSA-solutions,9313-1364-2874-9660,Peter,,Smith,PI,8JK40Q30BVHV,Cyberdyne Systems,No Mitigation Needed,Mitigation Measures Required,No Mitigation Needed,Prohibited Factors,Prohibited Factors,,solutions synergy deployment analysis deployment deployment solutions optimization development strategy.,Threat Briefs,strategy deployment innovation deployment research optimization analysis synergy.,85187922,OPP-202412,Ameliorated didactic strategy Project,EB3Q82NDH2ZA,MomCorp,Mitigation Annual Review,ACC,CDMRP,In Progress,7/1/2025 1:57,aENWfDKZMzlpygZKIVHZpDmWNIPjqSTfghP UP rXschmVXpLjYaaWGqZtgtaydCVNxjxJxQpizLPaAXTFOhyyecirwcJqGMTwkaImkdoMwfuPvqqKMyQcSijrPzUfjLtpxljAcdoZmQXdrTgic,Not Needed,CRADA,In Negotiation,,,,,proposal_85187922.pdf,,review_85187922.docx
2025,SSA-analysis,4607-7811-9415-6646,Mary,John,Davis,Student,4K0AW4066EK0,Virtucon,Prohibited Factors,No Mitigation Needed,Prohibited Factors,Prohibited Factors,No Mitigation Needed,,synergy development innovation development deployment innovation strategy analysis strategy solutions research strategy solutions research.,,,28444303,OPP-954317,Adaptive modular solution Project,EB3Q82NDH2ZA,MomCorp,Initial,DHA,DSO,Completed,8/16/2025 7:40,,Not Needed,CRADA,Pending,,,5/27/2023 11:19,,proposal_28444303.pdf,person_Davis.pdf,review_28444303.docx
2025,SSA-analysis,6090-8727-9692-9539,Robert,,Davis,Collaborator,2GM2D03Z4F45,Omni Consumer Products,No Mitigation Needed,Prohibited Factors,Prohibited Factors,Mitigation Measures Required,Mitigation Measures Required,,,,,28444303,OPP-954317,Adaptive modular solution Project,EB3Q82NDH2ZA,MomCorp,Initial,DHA,DSO,Completed,8/16/2025 7:40,,Not Needed,CRADA,Pending,,,5/27/2023 11:19,,proposal_28444303.pdf,person_Davis.pdf,review_28444303.docx
2025,SSA-analysis,4341-5122-4935-6753,John,,Williams,Student,P0BJREZAN0YF,Stark Industries,No Mitigation Needed,Prohibited Factors,No Mitigation Needed,Mitigation Measures Required,No Mitigation Needed,Threat Briefs,,,,28444303,OPP-954317,Adaptive modular solution Project,EB3Q82NDH2ZA,MomCorp,Initial,DHA,DSO,Completed,8/16/2025 7:40,,Not Needed,CRADA,Pending,,,5/27/2023 11:19,,proposal_28444303.pdf,person_Williams.pdf,review_28444303.docx
2025,SSA-analysis,1532-1355-6668-6924,Patricia,,Williams,Co-PI,CZ5TQAGRDPFT,Tyrell Corp,No Mitigation Needed,Prohibited Factors,Prohibited Factors,Prohibited Factors,Prohibited Factors,Threat Briefs,synergy solutions innovation development synergy strategy integration innovation integration.,,,28444303,OPP-954317,Adaptive modular solution Project,EB3Q82NDH2ZA,MomCorp,Initial,DHA,DSO,Completed,8/16/2025 7:40,,Not Needed,CRADA,Pending,,,5/27/2023 11:19,,proposal_28444303.pdf,person_Williams.pdf,review_28444303.docx
2025,SSA-analysis,3724-1804-5344-7280,Susan,,Taylor,PI,95C7CBF2RFOV,Acme Corp,No Mitigation Needed,No Mitigation Needed,Mitigation Measures Required,Prohibited Factors,Mitigation Measures Required,"Cessation, Increased Reporting",,,,28444303,OPP-954317,Adaptive modular solution Project,EB3Q82NDH2ZA,MomCorp,Initial,DHA,DSO,Completed,8/16/2025 7:40,,Not Needed,CRADA,Pending,,,5/27/2023 11:19,,proposal_28444303.pdf,,review_28444303.docx
2023,SSA-optimization,4162-7428-4491-5919,Peter,,Brown,Collaborator,P0BJREZAN0YF,Stark Industries,Mitigation Measures Required,No Mitigation Needed,Prohibited Factors,Prohibited Factors,Mitigation Measures Required,Threat Briefs,,"Cessation, Increased Reporting",integration research research research deployment optimization analysis deployment integration integration integration synergy deployment solutions.,93028109,OPP-234088,Configurable value-added system engine Project,S16GSAX4CIDY,Globex Inc,Mitigation Annual Review,INSCOM,I2O,In Progress,11/15/2023 13:17,,Complete,Grant,Pending,,5/10/2024 14:07,7/28/2023 18:38,9/4/2022 12:49,proposal_93028109.pdf,person_Brown.pdf,
2023,SSA-optimization,4778-4606-2927-3769,Robert,,Wilson,Consultant,4K0AW4066EK0,Virtucon,No Mitigation Needed,No Mitigation Needed,Prohibited Factors,No Mitigation Needed,Mitigation Measures Required,,analysis analysis research integration synergy strategy research optimization innovation analysis strategy.,"Cessation, Increased Reporting",integration research research research deployment optimization analysis deployment integration integration integration synergy deployment solutions.,93028109,OPP-234088,Configurable value-added system engine Project,S16GSAX4CIDY,Globex Inc,Mitigation Annual Review,INSCOM,I2O,In Progress,11/15/2023 13:17,,Complete,Grant,Pending,,5/10/2024 14:07,7/28/2023 18:38,9/4/2022 12:49,proposal_93028109.pdf,,
2023,SSA-optimization,8603-5590-1153-5798,David,David,Wilson,Collaborator,CZ5TQAGRDPFT,Tyrell Corp,Mitigation Measures Required,Prohibited Factors,Mitigation Measures Required,Mitigation Measures Required,Prohibited Factors,,synergy deployment solutions strategy deployment.,"Cessation, Increased Reporting",integration research research research deployment optimization analysis deployment integration integration integration synergy deployment solutions.,93028109,OPP-234088,Configurable value-added system engine Project,S16GSAX4CIDY,Globex Inc,Mitigation Annual Review,INSCOM,I2O,In Progress,11/15/2023 13:17,,Complete,Grant,Pending,,5/10/2024 14:07,7/28/2023 18:38,9/4/2022 12:49,proposal_93028109.pdf,,
2023,SSA-optimization,2782-3604-1777-7406,Patricia,,Taylor,Collaborator,S16GSAX4CIDY,Globex Inc,Mitigation Measures Required,Prohibited Factors,Mitigation Measures Required,Prohibited Factors,No Mitigation Needed,"Cessation, Increased Reporting",deployment development development innovation deployment.,"Cessation, Increased Reporting",integration research research research deployment optimization analysis deployment integration integration integration synergy deployment solutions.,93028109,OPP-234088,Configurable value-added system engine Project,S16GSAX4CIDY,Globex Inc,Mitigation Annual Review,INSCOM,I2O,In Progress,11/15/2023 13:17,,Complete,Grant,Pending,,5/10/2024 14:07,7/28/2023 18:38,9/4/2022 12:49,proposal_93028109.pdf,person_Taylor.pdf,
2023,SSA-optimization,8891-4867-3529-7308,Patricia,,Miller,Co-PI,P0BJREZAN0YF,Stark Industries,No Mitigation Needed,Prohibited Factors,Prohibited Factors,Mitigation Measures Required,No Mitigation Needed,"Cessation, Increased Reporting",optimization synergy research synergy strategy integration deployment solutions synergy research synergy development development.,"Cessation, Increased Reporting",integration research research research deployment optimization analysis deployment integration integration integration synergy deployment solutions.,93028109,OPP-234088,Configurable value-added system engine Project,S16GSAX4CIDY,Globex Inc,Mitigation Annual Review,INSCOM,I2O,In Progress,11/15/2023 13:17,,Complete,Grant,Pending,,5/10/2024 14:07,7/28/2023 18:38,9/4/2022 12:49,proposal_93028109.pdf,,
2023,SSA-analysis,8053-6398-6844-8437,David,,Davis,Consultant,2GM2D03Z4F45,Omni Consumer Products,Mitigation Measures Required,Mitigation Measures Required,Prohibited Factors,Prohibited Factors,No Mitigation Needed,Threat Briefs,analysis integration deployment integration analysis analysis.,"Cessation, Increased Reporting",development innovation research research synergy solutions optimization optimization.,22560267,OPP-737330,Compatible demand-driven workforce Project,P0BJREZAN0YF,Stark Industries,Mitigation Annual Review,DTRA,MSO,Draft,12/14/2022 17:16,aVIiIjEkMipKxlGmKSZdBTctjxydOCKduTBSXjlZvqWZNuHLzSewuAgfwudsQHekeCLWmRSBfDNnczuBKzltsvjngHDZmus,Complete,CRADA,In Negotiation,,5/12/2021 3:53,2/2/2021 23:46,12/11/2021 16:32,proposal_22560267.pdf,person_Davis.pdf,review_22560267.docx
2024,SSA-development,2086-8415-7667-4413,Peter,,Anderson,Co-PI,8JK40Q30BVHV,Cyberdyne Systems,No Mitigation Needed,Prohibited Factors,Prohibited Factors,Mitigation Measures Required,Prohibited Factors,Threat Briefs,development synergy synergy development synergy innovation.,Threat Briefs,,91974758,OPP-065057,Advanced cohesive hardware Project,2GM2D03Z4F45,Omni Consumer Products,Initial,DARPA,I2O,Canceled,11/5/2022 13:54,,Not Needed,Grant,In Negotiation,,8/6/2024 6:59,4/3/2025 13:08,1/7/2025 23:09,proposal_91974758.pdf,,review_91974758.docx
2024,SSA-development,6903-5170-2921-3573,John,,Miller,Student,VWDUSH65P3UT,Wayne Enterprises,Mitigation Measures Required,Prohibited Factors,Mitigation Measures Required,Mitigation Measures Required,Prohibited Factors,,innovation solutions optimization research optimization development strategy innovation innovation development strategy strategy deployment.,Threat Briefs,,91974758,OPP-065057,Advanced cohesive hardware Project,2GM2D03Z4F45,Omni Consumer Products,Initial,DARPA,I2O,Canceled,11/5/2022 13:54,,Not Needed,Grant,In Negotiation,,8/6/2024 6:59,4/3/2025 13:08,1/7/2025 23:09,proposal_91974758.pdf,person_Miller.pdf,review_91974758.docx
2024,SSA-development,3676-7476-9924-9756,Peter,,Jones,Collaborator,1317BRU1K5HM,Blue Sun Corp,No Mitigation Needed,Mitigation Measures Required,Prohibited Factors,Mitigation Measures Required,Mitigation Measures Required,Threat Briefs,research analysis synergy deployment development.,Threat Briefs,,91974758,OPP-065057,Advanced cohesive hardware Project,2GM2D03Z4F45,Omni Consumer Products,Initial,DARPA,I2O,Canceled,11/5/2022 13:54,,Not Needed,Grant,In Negotiation,,8/6/2024 6:59,4/3/2025 13:08,1/7/2025 23:09,proposal_91974758.pdf,person_Jones.pdf,review_91974758.docx
2024,SSA-development,6090-8727-9692-9539,Robert,David,Davis,Consultant,P0BJREZAN0YF,Stark Industries,No Mitigation Needed,No Mitigation Needed,Prohibited Factors,No Mitigation Needed,Prohibited Factors,"Cessation, Increased Reporting",research solutions solutions strategy innovation innovation.,Threat Briefs,,91974758,OPP-065057,Advanced cohesive hardware Project,2GM2D03Z4F45,Omni Consumer Products,Initial,DARPA,I2O,Canceled,11/5/2022 13:54,,Not Needed,Grant,In Negotiation,,8/6/2024 6:59,4/3/2025 13:08,1/7/2025 23:09,proposal_91974758.pdf,,review_91974758.docx
2024,SSA-development,8378-7883-3324-3119,Mary,,Moore,Collaborator,EB3Q82NDH2ZA,MomCorp,Mitigation Measures Required,Prohibited Factors,Prohibited Factors,Mitigation Measures Required,Mitigation Measures Required,Threat Briefs,,Threat Briefs,,91974758,OPP-065057,Advanced cohesive hardware Project,2GM2D03Z4F45,Omni Consumer Products,Initial,DARPA,I2O,Canceled,11/5/2022 13:54,,Not Needed,Grant,In Negotiation,,8/6/2024 6:59,4/3/2025 13:08,1/7/2025 23:09,proposal_91974758.pdf,person_Moore.pdf,review_91974758.docx
2025,SSA-integration,5449-1918-8071-9289,John,,Moore,PI,CZ5TQAGRDPFT,Tyrell Corp,Mitigation Measures Required,No Mitigation Needed,No Mitigation Needed,No Mitigation Needed,No Mitigation Needed,,development innovation strategy solutions analysis solutions.,Threat Briefs,,54257268,OPP-376966,Configurable value-added system engine Project,CZ5TQAGRDPFT,Tyrell Corp,Mitigation Annual Review,USA,I2O,In Progress,8/15/2025 17:35,,Complete,CRADA,Declined,,,5/8/2022 17:43,,proposal_54257268.pdf,person_Moore.pdf,review_54257268.docx
2025,SSA-integration,9714-1709-5838-4727,Robert,,Anderson,Student,S16GSAX4CIDY,Globex Inc,Mitigation Measures Required,Mitigation Measures Required,Mitigation Measures Required,No Mitigation Needed,Mitigation Measures Required,,deployment solutions deployment deployment research synergy development development solutions strategy.,Threat Briefs,,54257268,OPP-376966,Configurable value-added system engine Project,CZ5TQAGRDPFT,Tyrell Corp,Mitigation Annual Review,USA,I2O,In Progress,8/15/2025 17:35,,Complete,CRADA,Declined,,,5/8/2022 17:43,,proposal_54257268.pdf,,review_54257268.docx
2025,SSA-integration,1990-7633-2513-1879,Mary,Patricia,Williams,Consultant,EB3Q82NDH2ZA,MomCorp,No Mitigation Needed,No Mitigation Needed,Prohibited Factors,Prohibited Factors,Mitigation Measures Required,Threat Briefs,,Threat Briefs,,54257268,OPP-376966,Configurable value-added system engine Project,CZ5TQAGRDPFT,Tyrell Corp,Mitigation Annual Review,USA,I2O,In Progress,8/15/2025 17:35,,Complete,CRADA,Declined,,,5/8/2022 17:43,,proposal_54257268.pdf,,review_54257268.docx
2025,SSA-integration,6426-6062-5484-2188,Jane,,Wilson,Collaborator,CZ5TQAGRDPFT,Tyrell Corp,Mitigation Measures Required,Mitigation Measures Required,No Mitigation Needed,Prohibited Factors,No Mitigation Needed,"Cessation, Increased Reporting",research deployment analysis optimization innovation synergy development research analysis synergy optimization research development.,Threat Briefs,,54257268,OPP-376966,Configurable value-added system engine Project,CZ5TQAGRDPFT,Tyrell Corp,Mitigation Annual Review,USA,I2O,In Progress,8/15/2025 17:35,,Complete,CRADA,Declined,,,5/8/2022 17:43,,proposal_54257268.pdf,,review_54257268.docx
2025,SSA-integration,7029-7310-4137-1786,Robert,,Smith,Consultant,2GM2D03Z4F45,Omni Consumer Products,Prohibited Factors,Prohibited Factors,Prohibited Factors,Mitigation Measures Required,Prohibited Factors,,,Threat Briefs,,54257268,OPP-376966,Configurable value-added system engine Project,CZ5TQAGRDPFT,Tyrell Corp,Mitigation Annual Review,USA,I2O,In Progress,8/15/2025 17:35,,Complete,CRADA,Declined,,,5/8/2022 17:43,,proposal_54257268.pdf,,review_54257268.docx
2024,SSA-strategy,7405-9354-2947-4642,Patricia,,Wilson,Consultant,95C7CBF2RFOV,Acme Corp,Prohibited Factors,Mitigation Measures Required,No Mitigation Needed,Prohibited Factors,Prohibited Factors,Threat Briefs,optimization strategy development strategy optimization synergy innovation solutions development optimization integration strategy strategy.,"Cessation, Increased Reporting",optimization integration development research innovation analysis synergy optimization synergy research analysis innovation innovation.,68743053,OPP-844927,Automated bi-directional pricing structure Project,1317BRU1K5HM,Blue Sun Corp,Initial,DTRA,CDMRP,Canceled,4/17/2021 19:04,,Complete,Other,Declined,,1/21/2022 0:33,,,proposal_68743053.pdf,person_Wilson.pdf,review_68743053.docx
2024,SSA-synergy,9586-4824-9787-8619,Linda,,Anderson,PI,8JK40Q30BVHV,Cyberdyne Systems,Prohibited Factors,Mitigation Measures Required,Mitigation Measures Required,No Mitigation Needed,Mitigation Measures Required,,research development innovation research research deployment integration strategy strategy.,"Cessation, Increased Reporting",optimization strategy research synergy strategy strategy synergy research solutions solutions strategy.,30178925,OPP-341411,Adaptive modular solution Project,EB3Q82NDH2ZA,MomCorp,Mitigation Annual Review,DHA,TTO,Completed,6/1/2022 13:10,QcmtGhlYKXIqpYdqnfvIibEofOHIfSAfDsrXChSCJvfWkRzhUYELpQjNuXRUZnSQXuaYDYEwsyiAgcdbDxoMonQDGUZwfSRsfgVqdecSvrEEbeFkuexloieNGCghbOQWyOwAjjgmvivPUrrkRDmfHNkktoENhlmThrheRlF gmffNrXsVClKVJDXBmIaIeGKpnQN,Not Needed,CRADA,Declined,,2/1/2020 1:04,11/22/2020 7:52,12/10/2025 9:38,proposal_30178925.pdf,person_Anderson.pdf,
2024,SSA-synergy,4119-2857-8173-6600,Mary,,Miller,Consultant,1317BRU1K5HM,Blue Sun Corp,Prohibited Factors,Prohibited Factors,Prohibited Factors,Mitigation Measures Required,Prohibited Factors,,strategy synergy deployment integration synergy optimization.,"Cessation, Increased Reporting",optimization strategy research synergy strategy strategy synergy research solutions solutions strategy.,30178925,OPP-341411,Adaptive modular solution Project,EB3Q82NDH2ZA,MomCorp,Mitigation Annual Review,DHA,TTO,Completed,6/1/2022 13:10,QcmtGhlYKXIqpYdqnfvIibEofOHIfSAfDsrXChSCJvfWkRzhUYELpQjNuXRUZnSQXuaYDYEwsyiAgcdbDxoMonQDGUZwfSRsfgVqdecSvrEEbeFkuexloieNGCghbOQWyOwAjjgmvivPUrrkRDmfHNkktoENhlmThrheRlF gmffNrXsVClKVJDXBmIaIeGKpnQN,Not Needed,CRADA,Declined,,2/1/2020 1:04,11/22/2020 7:52,12/10/2025 9:38,proposal_30178925.pdf,person_Miller.pdf,
2024,SSA-synergy,5449-1918-8071-9289,John,,Moore,Collaborator,1317BRU1K5HM,Blue Sun Corp,Mitigation Measures Required,No Mitigation Needed,Mitigation Measures Required,No Mitigation Needed,Prohibited Factors,"Cessation, Increased Reporting",development innovation strategy integration research research development synergy solutions deployment optimization analysis.,"Cessation, Increased Reporting",optimization strategy research synergy strategy strategy synergy research solutions solutions strategy.,30178925,OPP-341411,Adaptive modular solution Project,EB3Q82NDH2ZA,MomCorp,Mitigation Annual Review,DHA,TTO,Completed,6/1/2022 13:10,QcmtGhlYKXIqpYdqnfvIibEofOHIfSAfDsrXChSCJvfWkRzhUYELpQjNuXRUZnSQXuaYDYEwsyiAgcdbDxoMonQDGUZwfSRsfgVqdecSvrEEbeFkuexloieNGCghbOQWyOwAjjgmvivPUrrkRDmfHNkktoENhlmThrheRlF gmffNrXsVClKVJDXBmIaIeGKpnQN,Not Needed,CRADA,Declined,,2/1/2020 1:04,11/22/2020 7:52,12/10/2025 9:38,proposal_30178925.pdf,,
2024,SSA-synergy,2704-5496-8890-3368,Jane,David,Brown,Co-PI,4K0AW4066EK0,Virtucon,Prohibited Factors,Prohibited Factors,Mitigation Measures Required,Mitigation Measures Required,Prohibited Factors,Threat Briefs,,"Cessation, Increased Reporting",optimization strategy research synergy strategy strategy synergy research solutions solutions strategy.,30178925,OPP-341411,Adaptive modular solution Project,EB3Q82NDH2ZA,MomCorp,Mitigation Annual Review,DHA,TTO,Completed,6/1/2022 13:10,QcmtGhlYKXIqpYdqnfvIibEofOHIfSAfDsrXChSCJvfWkRzhUYELpQjNuXRUZnSQXuaYDYEwsyiAgcdbDxoMonQDGUZwfSRsfgVqdecSvrEEbeFkuexloieNGCghbOQWyOwAjjgmvivPUrrkRDmfHNkktoENhlmThrheRlF gmffNrXsVClKVJDXBmIaIeGKpnQN,Not Needed,CRADA,Declined,,2/1/2020 1:04,11/22/2020 7:52,12/10/2025 9:38,proposal_30178925.pdf,,
2024,SSA-synergy,8378-7883-3324-3119,Mary,Michael,Moore,Co-PI,EB3Q82NDH2ZA,MomCorp,Prohibited Factors,Mitigation Measures Required,Mitigation Measures Required,Mitigation Measures Required,Mitigation Measures Required,"Cessation, Increased Reporting",development strategy analysis deployment synergy deployment solutions research optimization integration.,"Cessation, Increased Reporting",optimization strategy research synergy strategy strategy synergy research solutions solutions strategy.,30178925,OPP-341411,Adaptive modular solution Project,EB3Q82NDH2ZA,MomCorp,Mitigation Annual Review,DHA,TTO,Completed,6/1/2022 13:10,QcmtGhlYKXIqpYdqnfvIibEofOHIfSAfDsrXChSCJvfWkRzhUYELpQjNuXRUZnSQXuaYDYEwsyiAgcdbDxoMonQDGUZwfSRsfgVqdecSvrEEbeFkuexloieNGCghbOQWyOwAjjgmvivPUrrkRDmfHNkktoENhlmThrheRlF gmffNrXsVClKVJDXBmIaIeGKpnQN,Not Needed,CRADA,Declined,,2/1/2020 1:04,11/22/2020 7:52,12/10/2025 9:38,proposal_30178925.pdf,person_Moore.pdf,
2025,SSA-solutions,7079-5719-4320-8616,Peter,,Miller,Collaborator,1317BRU1K5HM,Blue Sun Corp,No Mitigation Needed,Prohibited Factors,Mitigation Measures Required,Prohibited Factors,No Mitigation Needed,Threat Briefs,research integration development optimization integration synergy research synergy analysis.,"Cessation, Increased Reporting",integration strategy optimization strategy synergy deployment solutions integration optimization optimization.,48699183,OPP-083117,Advanced cohesive hardware Project,P0BJREZAN0YF,Stark Industries,Mitigation Annual Review,DHA,CDMRP,Draft,9/12/2023 4:57,,Complete,Other Transaction Authority,Declined,,4/17/2023 5:36,3/24/2021 17:59,,proposal_48699183.pdf,person_Miller.pdf,
2025,SSA-strategy,3724-1804-5344-7280,Susan,,Taylor,Collaborator,EB3Q82NDH2ZA,MomCorp,Mitigation Measures Required,Mitigation Measures Required,Prohibited Factors,No Mitigation Needed,Mitigation Measures Required,,analysis research solutions synergy analysis research integration strategy deployment research innovation solutions.,,,30845658,OPP-855887,Cloned scalable matrix Project,1317BRU1K5HM,Blue Sun Corp,Initial,ACC,CDMRP,Canceled,7/28/2021 15:50,JsFACDEnaXieYvHQJnwUUEbWsaaLNLEyDoHKjpUSDuQSbvXHOBXeSeQjfVdjQPbuRZqWYJplyoYakScCHrqifnxjVXdRsTsmavOtnvPnjPYpVViRkmvGIWuBbukzCLaMsyrkmRW svFuHPQKjRStZhTKiTwSyzpAGq,Pending,Other Transaction Authority,Awarded,FAIN2223499,4/28/2025 14:37,12/8/2022 7:39,1/28/2021 4:20,proposal_30845658.pdf,,
2025,SSA-innovation,7902-9517-3520-2799,Linda,,Smith,Collaborator,S16GSAX4CIDY,Globex Inc,Prohibited Factors,Mitigation Measures Required,Mitigation Measures Required,Prohibited Factors,Prohibited Factors,,,"Cessation, Increased Reporting",development optimization optimization solutions deployment synergy research solutions integration solutions solutions integration analysis.,95296856,OPP-297502,Compatible demand-driven workforce Project,VWDUSH65P3UT,Wayne Enterprises,Initial,ACC,CDMRP,Canceled,7/13/2021 5:47,,Complete,FAR-based Contract,In Negotiation,,9/6/2024 1:20,,,proposal_95296856.pdf,person_Smith.pdf,review_95296856.docx
2024,SSA-analysis,3721-3731-4798-8779,Susan,Susan,Jones,Collaborator,EB3Q82NDH2ZA,MomCorp,Prohibited Factors,Prohibited Factors,Prohibited Factors,No Mitigation Needed,No Mitigation Needed,Threat Briefs,solutions innovation analysis research synergy innovation solutions deployment research development solutions.,"Cessation, Increased Reporting",,43037400,OPP-724181,Compatible demand-driven workforce Project,2GM2D03Z4F45,Omni Consumer Products,Initial,NGA,TTO,In Progress,3/14/2021 4:23,,Pending,CRADA,In Negotiation,,1/7/2021 21:30,12/20/2022 23:06,,proposal_43037400.pdf,,review_43037400.docx
2024,SSA-analysis,4607-7811-9415-6646,Mary,Susan,Davis,Student,4K0AW4066EK0,Virtucon,Mitigation Measures Required,No Mitigation Needed,Mitigation Measures Required,Prohibited Factors,No Mitigation Needed,"Cessation, Increased Reporting",strategy development deployment research research optimization strategy deployment integration solutions strategy synergy.,"Cessation, Increased Reporting",,43037400,OPP-724181,Compatible demand-driven workforce Project,2GM2D03Z4F45,Omni Consumer Products,Initial,NGA,TTO,In Progress,3/14/2021 4:23,,Pending,CRADA,In Negotiation,,1/7/2021 21:30,12/20/2022 23:06,,proposal_43037400.pdf,,review_43037400.docx
2023,SSA-optimization,2412-4462-3155-5799,Patricia,,Davis,PI,EB3Q82NDH2ZA,MomCorp,No Mitigation Needed,Prohibited Factors,Prohibited Factors,Prohibited Factors,Prohibited Factors,,,"Cessation, Increased Reporting",strategy integration analysis solutions solutions.,53686683,OPP-612471,Advanced cohesive hardware Project,EB3Q82NDH2ZA,MomCorp,Initial,INSCOM,MSO,Canceled,8/19/2021 10:45,ZOaatJlMULSsemmWdLKrQSZcoRtsnltgGomVLQzHPzkM mssEboluaeIDmtOWqqqoBbRDuUOx YkeWlEgNL  nw PHSLDgWcwVdsDazFTWQYVFcwafPKbMfwoXGnIyOZiIVvSvfErAfFBwwsHdBKnLiCSMs,Pending,Other Transaction Authority,Awarded,FAIN6794743,,2/25/2023 2:50,12/2/2023 16:50,proposal_53686683.pdf,person_Davis.pdf,review_53686683.docx
2023,SSA-optimization,9283-9306-5786-5335,Linda,,Brown,Consultant,8JK40Q30BVHV,Cyberdyne Systems,No Mitigation Needed,Prohibited Factors,No Mitigation Needed,Prohibited Factors,Prohibited Factors,,synergy analysis optimization optimization solutions innovation.,"Cessation, Increased Reporting",strategy integration analysis solutions solutions.,53686683,OPP-612471,Advanced cohesive hardware Project,EB3Q82NDH2ZA,MomCorp,Initial,INSCOM,MSO,Canceled,8/19/2021 10:45,ZOaatJlMULSsemmWdLKrQSZcoRtsnltgGomVLQzHPzkM mssEboluaeIDmtOWqqqoBbRDuUOx YkeWlEgNL  nw PHSLDgWcwVdsDazFTWQYVFcwafPKbMfwoXGnIyOZiIVvSvfErAfFBwwsHdBKnLiCSMs,Pending,Other Transaction Authority,Awarded,FAIN6794743,,2/25/2023 2:50,12/2/2023 16:50,proposal_53686683.pdf,person_Brown.pdf,review_53686683.docx
2023,SSA-optimization,4139-2131-1680-6186,Susan,,Williams,Student,S16GSAX4CIDY,Globex Inc,Prohibited Factors,Prohibited Factors,No Mitigation Needed,Mitigation Measures Required,Prohibited Factors,Threat Briefs,,"Cessation, Increased Reporting",strategy integration analysis solutions solutions.,53686683,OPP-612471,Advanced cohesive hardware Project,EB3Q82NDH2ZA,MomCorp,Initial,INSCOM,MSO,Canceled,8/19/2021 10:45,ZOaatJlMULSsemmWdLKrQSZcoRtsnltgGomVLQzHPzkM mssEboluaeIDmtOWqqqoBbRDuUOx YkeWlEgNL  nw PHSLDgWcwVdsDazFTWQYVFcwafPKbMfwoXGnIyOZiIVvSvfErAfFBwwsHdBKnLiCSMs,Pending,Other Transaction Authority,Awarded,FAIN6794743,,2/25/2023 2:50,12/2/2023 16:50,proposal_53686683.pdf,person_Williams.pdf,review_53686683.docx
2023,SSA-optimization,9586-4824-9787-8619,Linda,,Anderson,Consultant,S16GSAX4CIDY,Globex Inc,Mitigation Measures Required,Prohibited Factors,No Mitigation Needed,Prohibited Factors,Prohibited Factors,"Cessation, Increased Reporting",solutions solutions synergy optimization deployment analysis analysis deployment optimization synergy deployment optimization synergy.,"Cessation, Increased Reporting",strategy integration analysis solutions solutions.,53686683,OPP-612471,Advanced cohesive hardware Project,EB3Q82NDH2ZA,MomCorp,Initial,INSCOM,MSO,Canceled,8/19/2021 10:45,ZOaatJlMULSsemmWdLKrQSZcoRtsnltgGomVLQzHPzkM mssEboluaeIDmtOWqqqoBbRDuUOx YkeWlEgNL  nw PHSLDgWcwVdsDazFTWQYVFcwafPKbMfwoXGnIyOZiIVvSvfErAfFBwwsHdBKnLiCSMs,Pending,Other Transaction Authority,Awarded,FAIN6794743,,2/25/2023 2:50,12/2/2023 16:50,proposal_53686683.pdf,,review_53686683.docx
2023,SSA-optimization,4462-1616-6771-6458,Peter,Susan,Davis,Consultant,CZ5TQAGRDPFT,Tyrell Corp,Mitigation Measures Required,No Mitigation Needed,No Mitigation Needed,Prohibited Factors,Mitigation Measures Required,,research deployment strategy integration synergy.,"Cessation, Increased Reporting",strategy integration analysis solutions solutions.,53686683,OPP-612471,Advanced cohesive hardware Project,EB3Q82NDH2ZA,MomCorp,Initial,INSCOM,MSO,Canceled,8/19/2021 10:45,ZOaatJlMULSsemmWdLKrQSZcoRtsnltgGomVLQzHPzkM mssEboluaeIDmtOWqqqoBbRDuUOx YkeWlEgNL  nw PHSLDgWcwVdsDazFTWQYVFcwafPKbMfwoXGnIyOZiIVvSvfErAfFBwwsHdBKnLiCSMs,Pending,Other Transaction Authority,Awarded,FAIN6794743,,2/25/2023 2:50,12/2/2023 16:50,proposal_53686683.pdf,person_Davis.pdf,review_53686683.docx
2025,SSA-development,1532-1355-6668-6924,Patricia,Patricia,Williams,Co-PI,8JK40Q30BVHV,Cyberdyne Systems,Prohibited Factors,Mitigation Measures Required,Prohibited Factors,Prohibited Factors,No Mitigation Needed,,research development innovation solutions deployment synergy optimization solutions development solutions strategy optimization optimization optimization.,Threat Briefs,development strategy research research solutions innovation.,70719423,OPP-120300,Compatible demand-driven workforce Project,2GM2D03Z4F45,Omni Consumer Products,Mitigation Annual Review,DTRA,DSO,Completed,9/10/2022 8:47,,Complete,Grant,Declined,,,4/2/2022 10:49,,proposal_70719423.pdf,,
2025,SSA-development,7029-7310-4137-1786,Robert,,Smith,Student,EB3Q82NDH2ZA,MomCorp,Prohibited Factors,Mitigation Measures Required,No Mitigation Needed,Mitigation Measures Required,Prohibited Factors,,synergy research deployment solutions research.,Threat Briefs,development strategy research research solutions innovation.,70719423,OPP-120300,Compatible demand-driven workforce Project,2GM2D03Z4F45,Omni Consumer Products,Mitigation Annual Review,DTRA,DSO,Completed,9/10/2022 8:47,,Complete,Grant,Declined,,,4/2/2022 10:49,,proposal_70719423.pdf,,
2025,SSA-development,1139-8650-9589-5613,Patricia,,Smith,Consultant,VWDUSH65P3UT,Wayne Enterprises,Mitigation Measures Required,Mitigation Measures Required,Mitigation Measures Required,Prohibited Factors,No Mitigation Needed,"Cessation, Increased Reporting",deployment integration innovation innovation research deployment innovation integration research development.,Threat Briefs,development strategy research research solutions innovation.,70719423,OPP-120300,Compatible demand-driven workforce Project,2GM2D03Z4F45,Omni Consumer Products,Mitigation Annual Review,DTRA,DSO,Completed,9/10/2022 8:47,,Complete,Grant,Declined,,,4/2/2022 10:49,,proposal_70719423.pdf,,
2025,SSA-development,3724-1804-5344-7280,Susan,,Taylor,Collaborator,4K0AW4066EK0,Virtucon,No Mitigation Needed,Prohibited Factors,Mitigation Measures Required,No Mitigation Needed,Prohibited Factors,"Cessation, Increased Reporting",deployment development integration solutions analysis research solutions integration deployment.,Threat Briefs,development strategy research research solutions innovation.,70719423,OPP-120300,Compatible demand-driven workforce Project,2GM2D03Z4F45,Omni Consumer Products,Mitigation Annual Review,DTRA,DSO,Completed,9/10/2022 8:47,,Complete,Grant,Declined,,,4/2/2022 10:49,,proposal_70719423.pdf,,
2025,SSA-integration,3111-4164-8839-9729,Jane,Robert,Smith,Co-PI,1317BRU1K5HM,Blue Sun Corp,Mitigation Measures Required,No Mitigation Needed,Mitigation Measures Required,No Mitigation Needed,Prohibited Factors,,,,,83803770,OPP-914421,Business-focused client-driven initiative Project,2GM2D03Z4F45,Omni Consumer Products,Mitigation Annual Review,DHA,DSO,In Progress,7/4/2022 4:06,,Complete,FAR-based Contract,Awarded,FAIN8569993,3/6/2023 22:37,,,proposal_83803770.pdf,person_Smith.pdf,
2023,SSA-integration,9586-4824-9787-8619,Linda,Linda,Anderson,Consultant,P0BJREZAN0YF,Stark Industries,Prohibited Factors,No Mitigation Needed,No Mitigation Needed,Prohibited Factors,No Mitigation Needed,"Cessation, Increased Reporting",,Threat Briefs,,2865459,OPP-678959,Compatible demand-driven workforce Project,4K0AW4066EK0,Virtucon,Mitigation Annual Review,DHA,TTO,In Progress,6/23/2024 11:45,HPvVUmiAGTejyEmJZuIiwUgJdlWsyniXLdLXKJQcthdVkjdvRYdnqsZEMrZLgELj FwRyMJgyrNmXZYk tTOfOSaLWVMue,Not Needed,CRADA,Pending,,9/15/2023 23:43,,11/13/2023 7:07,proposal_02865459.pdf,person_Anderson.pdf,review_02865459.docx
2023,SSA-development,8397-4644-6998-9181,Michael,,Davis,Co-PI,P0BJREZAN0YF,Stark Industries,Prohibited Factors,Prohibited Factors,Mitigation Measures Required,Mitigation Measures Required,Mitigation Measures Required,Threat Briefs,,"Cessation, Increased Reporting",integration analysis analysis research integration analysis solutions strategy solutions synergy.,86772474,OPP-483640,Advanced cohesive hardware Project,2GM2D03Z4F45,Omni Consumer Products,Mitigation Annual Review,ACC,DSO,Completed,5/25/2025 8:16,,Pending,CRADA,Awarded,FAIN4183870,,5/5/2025 13:33,,proposal_86772474.pdf,person_Davis.pdf,
2025,SSA-innovation,1250-3427-8548-5434,Jane,,Miller,Consultant,1317BRU1K5HM,Blue Sun Corp,No Mitigation Needed,No Mitigation Needed,No Mitigation Needed,No Mitigation Needed,Mitigation Measures Required,Threat Briefs,analysis deployment solutions optimization solutions development research.,,,67853061,OPP-826235,Cloned scalable matrix Project,VWDUSH65P3UT,Wayne Enterprises,Mitigation Annual Review,DTRA,MSO,In Progress,12/9/2020 21:25,TccvItAVurlxpyIlyWjTLEtZpvzLIwrqyjPOruwSYyCbCceYBaSbWfEWhXxvhl,Complete,Grant,Declined,,,12/7/2024 4:58,8/21/2024 19:08,proposal_67853061.pdf,,
2023,SSA-development,3259-2258-9144-5642,Linda,David,Wilson,Consultant,4K0AW4066EK0,Virtucon,No Mitigation Needed,No Mitigation Needed,Prohibited Factors,Mitigation Measures Required,Prohibited Factors,,,Threat Briefs,integration deployment research strategy innovation analysis solutions solutions optimization.,88088166,OPP-351768,Ameliorated didactic strategy Project,CZ5TQAGRDPFT,Tyrell Corp,Mitigation Annual Review,INSCOM,DSO,Canceled,2/21/2020 22:23,,Not Needed,FAR-based Contract,Awarded,FAIN6991837,,6/2/2022 20:34,11/7/2024 0:34,proposal_88088166.pdf,,review_88088166.docx
2024,SSA-solutions,9424-6238-3468-6323,Robert,David,Miller,Co-PI,1317BRU1K5HM,Blue Sun Corp,Prohibited Factors,Mitigation Measures Required,Prohibited Factors,No Mitigation Needed,No Mitigation Needed,"Cessation, Increased Reporting",,"Cessation, Increased Reporting",,36287327,OPP-666817,Configurable value-added system engine Project,95C7CBF2RFOV,Acme Corp,Mitigation Annual Review,ACC,TTO,Draft,11/5/2025 7:34,oLMoEErVoJM cNiViHxkAxfxSWbPhqyVfgtOkVdd wlPIpBoTIRmIsyYweTCrYwcDPFFWlPWkGWktupxINdaQTYeiCQohI,Not Needed,FAR-based Contract,In Negotiation,,9/25/2023 21:21,8/14/2023 2:26,8/8/2021 16:53,proposal_36287327.pdf,person_Miller.pdf,
2024,SSA-solutions,1532-1355-6668-6924,Patricia,,Williams,Consultant,CZ5TQAGRDPFT,Tyrell Corp,No Mitigation Needed,Mitigation Measures Required,Prohibited Factors,Mitigation Measures Required,No Mitigation Needed,"Cessation, Increased Reporting",,"Cessation, Increased Reporting",,36287327,OPP-666817,Configurable value-added system engine Project,95C7CBF2RFOV,Acme Corp,Mitigation Annual Review,ACC,TTO,Draft,11/5/2025 7:34,oLMoEErVoJM cNiViHxkAxfxSWbPhqyVfgtOkVdd wlPIpBoTIRmIsyYweTCrYwcDPFFWlPWkGWktupxINdaQTYeiCQohI,Not Needed,FAR-based Contract,In Negotiation,,9/25/2023 21:21,8/14/2023 2:26,8/8/2021 16:53,proposal_36287327.pdf,person_Williams.pdf,
2024,SSA-solutions,8305-6338-1273-4359,Jane,,Taylor,PI,VWDUSH65P3UT,Wayne Enterprises,Prohibited Factors,No Mitigation Needed,Mitigation Measures Required,Prohibited Factors,No Mitigation Needed,,optimization research innovation synergy optimization strategy innovation.,"Cessation, Increased Reporting",,36287327,OPP-666817,Configurable value-added system engine Project,95C7CBF2RFOV,Acme Corp,Mitigation Annual Review,ACC,TTO,Draft,11/5/2025 7:34,oLMoEErVoJM cNiViHxkAxfxSWbPhqyVfgtOkVdd wlPIpBoTIRmIsyYweTCrYwcDPFFWlPWkGWktupxINdaQTYeiCQohI,Not Needed,FAR-based Contract,In Negotiation,,9/25/2023 21:21,8/14/2023 2:26,8/8/2021 16:53,proposal_36287327.pdf,person_Taylor.pdf,
2024,SSA-solutions,7902-9517-3520-2799,Linda,Michael,Smith,Co-PI,4K0AW4066EK0,Virtucon,Mitigation Measures Required,Mitigation Measures Required,Prohibited Factors,No Mitigation Needed,No Mitigation Needed,,integration deployment research deployment solutions strategy solutions optimization integration strategy development.,"Cessation, Increased Reporting",,36287327,OPP-666817,Configurable value-added system engine Project,95C7CBF2RFOV,Acme Corp,Mitigation Annual Review,ACC,TTO,Draft,11/5/2025 7:34,oLMoEErVoJM cNiViHxkAxfxSWbPhqyVfgtOkVdd wlPIpBoTIRmIsyYweTCrYwcDPFFWlPWkGWktupxINdaQTYeiCQohI,Not Needed,FAR-based Contract,In Negotiation,,9/25/2023 21:21,8/14/2023 2:26,8/8/2021 16:53,proposal_36287327.pdf,person_Smith.pdf,
2024,SSA-solutions,9431-6654-7020-4261,Peter,Michael,Wilson,Consultant,VWDUSH65P3UT,Wayne Enterprises,Prohibited Factors,No Mitigation Needed,Prohibited Factors,Mitigation Measures Required,Prohibited Factors,,,"Cessation, Increased Reporting",,36287327,OPP-666817,Configurable value-added system engine Project,95C7CBF2RFOV,Acme Corp,Mitigation Annual Review,ACC,TTO,Draft,11/5/2025 7:34,oLMoEErVoJM cNiViHxkAxfxSWbPhqyVfgtOkVdd wlPIpBoTIRmIsyYweTCrYwcDPFFWlPWkGWktupxINdaQTYeiCQohI,Not Needed,FAR-based Contract,In Negotiation,,9/25/2023 21:21,8/14/2023 2:26,8/8/2021 16:53,proposal_36287327.pdf,person_Wilson.pdf,
2023,SSA-integration,3548-1270-1025-6300,Patricia,,Anderson,Consultant,95C7CBF2RFOV,Acme Corp,No Mitigation Needed,No Mitigation Needed,No Mitigation Needed,Mitigation Measures Required,No Mitigation Needed,Threat Briefs,strategy synergy optimization integration synergy solutions synergy synergy integration strategy development research.,"Cessation, Increased Reporting",,97079959,OPP-611553,Automated bi-directional pricing structure Project,95C7CBF2RFOV,Acme Corp,Mitigation Annual Review,DARPA,CDMRP,Draft,3/9/2024 10:29,kmGFmgMZhuKKybYhiieQOzjBazyUNOJjTkaDTbIfsfqvmyHfBxwrfSgHNTgJiOYpULD,Not Needed,Grant,Awarded,FAIN5516332,,,10/28/2021 3:59,proposal_97079959.pdf,,
2023,SSA-integration,5012-1650-2203-8432,David,,Smith,Student,4K0AW4066EK0,Virtucon,No Mitigation Needed,Mitigation Measures Required,Mitigation Measures Required,Prohibited Factors,Mitigation Measures Required,"Cessation, Increased Reporting",development synergy deployment optimization innovation research.,"Cessation, Increased Reporting",,97079959,OPP-611553,Automated bi-directional pricing structure Project,95C7CBF2RFOV,Acme Corp,Mitigation Annual Review,DARPA,CDMRP,Draft,3/9/2024 10:29,kmGFmgMZhuKKybYhiieQOzjBazyUNOJjTkaDTbIfsfqvmyHfBxwrfSgHNTgJiOYpULD,Not Needed,Grant,Awarded,FAIN5516332,,,10/28/2021 3:59,proposal_97079959.pdf,,
2023,SSA-integration,3624-2474-4256-1521,David,Robert,Williams,Student,95C7CBF2RFOV,Acme Corp,No Mitigation Needed,No Mitigation Needed,Mitigation Measures Required,Prohibited Factors,Prohibited Factors,"Cessation, Increased Reporting",,"Cessation, Increased Reporting",,97079959,OPP-611553,Automated bi-directional pricing structure Project,95C7CBF2RFOV,Acme Corp,Mitigation Annual Review,DARPA,CDMRP,Draft,3/9/2024 10:29,kmGFmgMZhuKKybYhiieQOzjBazyUNOJjTkaDTbIfsfqvmyHfBxwrfSgHNTgJiOYpULD,Not Needed,Grant,Awarded,FAIN5516332,,,10/28/2021 3:59,proposal_97079959.pdf,person_Williams.pdf,
2023,SSA-integration,5260-7018-8099-8748,Susan,Mary,Smith,Co-PI,S16GSAX4CIDY,Globex Inc,No Mitigation Needed,Prohibited Factors,Prohibited Factors,Prohibited Factors,Mitigation Measures Required,Threat Briefs,deployment integration strategy optimization synergy development solutions development integration innovation strategy analysis solutions.,"Cessation, Increased Reporting",,97079959,OPP-611553,Automated bi-directional pricing structure Project,95C7CBF2RFOV,Acme Corp,Mitigation Annual Review,DARPA,CDMRP,Draft,3/9/2024 10:29,kmGFmgMZhuKKybYhiieQOzjBazyUNOJjTkaDTbIfsfqvmyHfBxwrfSgHNTgJiOYpULD,Not Needed,Grant,Awarded,FAIN5516332,,,10/28/2021 3:59,proposal_97079959.pdf,person_Smith.pdf,
2023,SSA-integration,7902-9517-3520-2799,Linda,,Smith,Student,2GM2D03Z4F45,Omni Consumer Products,Prohibited Factors,No Mitigation Needed,No Mitigation Needed,Prohibited Factors,Prohibited Factors,,,"Cessation, Increased Reporting",,97079959,OPP-611553,Automated bi-directional pricing structure Project,95C7CBF2RFOV,Acme Corp,Mitigation Annual Review,DARPA,CDMRP,Draft,3/9/2024 10:29,kmGFmgMZhuKKybYhiieQOzjBazyUNOJjTkaDTbIfsfqvmyHfBxwrfSgHNTgJiOYpULD,Not Needed,Grant,Awarded,FAIN5516332,,,10/28/2021 3:59,proposal_97079959.pdf,person_Smith.pdf,
2024,SSA-synergy,2412-4462-3155-5799,Patricia,Mary,Davis,Consultant,EB3Q82NDH2ZA,MomCorp,No Mitigation Needed,No Mitigation Needed,Mitigation Measures Required,No Mitigation Needed,No Mitigation Needed,"Cessation, Increased Reporting",development development innovation synergy research deployment integration analysis analysis optimization strategy solutions integration analysis optimization.,,,53037578,OPP-598770,Cross-platform multimedia project Project,VWDUSH65P3UT,Wayne Enterprises,Initial,DARPA,DSO,Completed,2/17/2025 18:42,bHTwLVJGKkhIKSzibBIvsCiPqxDrUQBdNwYJGRfkE hXLkezZGOULvtMDdwLW,Complete,CRADA,In Negotiation,,,,,proposal_53037578.pdf,person_Davis.pdf,
2024,SSA-synergy,5467-3152-7073-9265,Mary,,Wilson,Co-PI,8JK40Q30BVHV,Cyberdyne Systems,Mitigation Measures Required,Mitigation Measures Required,Prohibited Factors,Prohibited Factors,Prohibited Factors,Threat Briefs,research solutions research integration integration synergy synergy deployment development innovation solutions deployment analysis.,,,53037578,OPP-598770,Cross-platform multimedia project Project,VWDUSH65P3UT,Wayne Enterprises,Initial,DARPA,DSO,Completed,2/17/2025 18:42,bHTwLVJGKkhIKSzibBIvsCiPqxDrUQBdNwYJGRfkE hXLkezZGOULvtMDdwLW,Complete,CRADA,In Negotiation,,,,,proposal_53037578.pdf,person_Wilson.pdf,
2024,SSA-synergy,9283-9306-5786-5335,Linda,,Brown,Student,8JK40Q30BVHV,Cyberdyne Systems,Mitigation Measures Required,Mitigation Measures Required,Mitigation Measures Required,Mitigation Measures Required,Mitigation Measures Required,,,,,53037578,OPP-598770,Cross-platform multimedia project Project,VWDUSH65P3UT,Wayne Enterprises,Initial,DARPA,DSO,Completed,2/17/2025 18:42,bHTwLVJGKkhIKSzibBIvsCiPqxDrUQBdNwYJGRfkE hXLkezZGOULvtMDdwLW,Complete,CRADA,In Negotiation,,,,,proposal_53037578.pdf,,
2024,SSA-synergy,3658-7489-4481-2249,Robert,,Williams,Collaborator,8JK40Q30BVHV,Cyberdyne Systems,Mitigation Measures Required,Prohibited Factors,Mitigation Measures Required,Mitigation Measures Required,Mitigation Measures Required,"Cessation, Increased Reporting",development integration synergy strategy development innovation synergy solutions optimization deployment strategy analysis.,,,53037578,OPP-598770,Cross-platform multimedia project Project,VWDUSH65P3UT,Wayne Enterprises,Initial,DARPA,DSO,Completed,2/17/2025 18:42,bHTwLVJGKkhIKSzibBIvsCiPqxDrUQBdNwYJGRfkE hXLkezZGOULvtMDdwLW,Complete,CRADA,In Negotiation,,,,,proposal_53037578.pdf,person_Williams.pdf,
2023,SSA-solutions,4778-4606-2927-3769,Robert,,Wilson,PI,CZ5TQAGRDPFT,Tyrell Corp,No Mitigation Needed,Mitigation Measures Required,No Mitigation Needed,No Mitigation Needed,Prohibited Factors,Threat Briefs,synergy solutions optimization analysis strategy analysis strategy research innovation synergy optimization analysis development.,,,76360416,OPP-182949,Cloned scalable matrix Project,CZ5TQAGRDPFT,Tyrell Corp,Initial,DARPA,CDMRP,Completed,10/9/2020 12:20,,Complete,CRADA,Awarded,FAIN1394348,,,5/17/2025 11:37,proposal_76360416.pdf,person_Wilson.pdf,
2023,SSA-solutions,7274-7939-3479-9584,John,Jane,Smith,Co-PI,EB3Q82NDH2ZA,MomCorp,No Mitigation Needed,No Mitigation Needed,Mitigation Measures Required,Prohibited Factors,Mitigation Measures Required,Threat Briefs,,,,76360416,OPP-182949,Cloned scalable matrix Project,CZ5TQAGRDPFT,Tyrell Corp,Initial,DARPA,CDMRP,Completed,10/9/2020 12:20,,Complete,CRADA,Awarded,FAIN1394348,,,5/17/2025 11:37,proposal_76360416.pdf,,
2023,SSA-solutions,3548-1270-1025-6300,Patricia,,Anderson,Consultant,CZ5TQAGRDPFT,Tyrell Corp,No Mitigation Needed,No Mitigation Needed,Mitigation Measures Required,Mitigation Measures Required,No Mitigation Needed,Threat Briefs,innovation development analysis analysis solutions development development research analysis innovation solutions development development development solutions.,,,76360416,OPP-182949,Cloned scalable matrix Project,CZ5TQAGRDPFT,Tyrell Corp,Initial,DARPA,CDMRP,Completed,10/9/2020 12:20,,Complete,CRADA,Awarded,FAIN1394348,,,5/17/2025 11:37,proposal_76360416.pdf,person_Anderson.pdf,
2023,SSA-synergy,6637-3966-2365-1403,John,Linda,Jones,Student,8JK40Q30BVHV,Cyberdyne Systems,Prohibited Factors,Mitigation Measures Required,No Mitigation Needed,Mitigation Measures Required,Mitigation Measures Required,Threat Briefs,optimization integration optimization integration optimization optimization.,"Cessation, Increased Reporting",,1556887,OPP-160024,Advanced cohesive hardware Project,8JK40Q30BVHV,Cyberdyne Systems,Initial,NGA,I2O,Draft,10/1/2020 9:03,,Pending,Other,Awarded,FAIN4585908,,7/10/2021 16:52,11/25/2021 10:21,proposal_01556887.pdf,,review_01556887.docx
2023,SSA-synergy,7274-7939-3479-9584,John,,Smith,PI,CZ5TQAGRDPFT,Tyrell Corp,No Mitigation Needed,No Mitigation Needed,Prohibited Factors,Mitigation Measures Required,No Mitigation Needed,"Cessation, Increased Reporting",development deployment strategy integration optimization innovation deployment research synergy analysis research solutions research synergy.,"Cessation, Increased Reporting",,1556887,OPP-160024,Advanced cohesive hardware Project,8JK40Q30BVHV,Cyberdyne Systems,Initial,NGA,I2O,Draft,10/1/2020 9:03,,Pending,Other,Awarded,FAIN4585908,,7/10/2021 16:52,11/25/2021 10:21,proposal_01556887.pdf,,review_01556887.docx
2023,SSA-synergy,6066-9462-5085-9762,Jane,,Jones,Student,VWDUSH65P3UT,Wayne Enterprises,Mitigation Measures Required,No Mitigation Needed,Prohibited Factors,No Mitigation Needed,Mitigation Measures Required,Threat Briefs,innovation solutions solutions integration research optimization strategy deployment.,"Cessation, Increased Reporting",,1556887,OPP-160024,Advanced cohesive hardware Project,8JK40Q30BVHV,Cyberdyne Systems,Initial,NGA,I2O,Draft,10/1/2020 9:03,,Pending,Other,Awarded,FAIN4585908,,7/10/2021 16:52,11/25/2021 10:21,proposal_01556887.pdf,person_Jones.pdf,review_01556887.docx
2023,SSA-synergy,7368-9539-7504-1401,John,Patricia,Davis,Collaborator,VWDUSH65P3UT,Wayne Enterprises,Mitigation Measures Required,Mitigation Measures Required,Prohibited Factors,Mitigation Measures Required,Prohibited Factors,,,"Cessation, Increased Reporting",,1556887,OPP-160024,Advanced cohesive hardware Project,8JK40Q30BVHV,Cyberdyne Systems,Initial,NGA,I2O,Draft,10/1/2020 9:03,,Pending,Other,Awarded,FAIN4585908,,7/10/2021 16:52,11/25/2021 10:21,proposal_01556887.pdf,,review_01556887.docx
2023,SSA-optimization,7751-3047-7207-7844,John,,Brown,Consultant,4K0AW4066EK0,Virtucon,Prohibited Factors,No Mitigation Needed,No Mitigation Needed,Mitigation Measures Required,No Mitigation Needed,Threat Briefs,,,,95042656,OPP-565622,Cloned scalable matrix Project,EB3Q82NDH2ZA,MomCorp,Initial,ACC,MSO,Canceled,11/23/2023 16:05,,Not Needed,Other Transaction Authority,Awarded,FAIN0923146,9/6/2023 7:05,10/17/2021 9:33,,proposal_95042656.pdf,,
2023,SSA-optimization,9283-9306-5786-5335,Linda,,Brown,Consultant,2GM2D03Z4F45,Omni Consumer Products,Prohibited Factors,Prohibited Factors,Mitigation Measures Required,Mitigation Measures Required,No Mitigation Needed,Threat Briefs,,,,95042656,OPP-565622,Cloned scalable matrix Project,EB3Q82NDH2ZA,MomCorp,Initial,ACC,MSO,Canceled,11/23/2023 16:05,,Not Needed,Other Transaction Authority,Awarded,FAIN0923146,9/6/2023 7:05,10/17/2021 9:33,,proposal_95042656.pdf,person_Brown.pdf,
2023,SSA-optimization,6637-3966-2365-1403,John,,Jones,Collaborator,95C7CBF2RFOV,Acme Corp,Prohibited Factors,Mitigation Measures Required,No Mitigation Needed,Prohibited Factors,No Mitigation Needed,,optimization synergy synergy development integration optimization synergy strategy development.,,,95042656,OPP-565622,Cloned scalable matrix Project,EB3Q82NDH2ZA,MomCorp,Initial,ACC,MSO,Canceled,11/23/2023 16:05,,Not Needed,Other Transaction Authority,Awarded,FAIN0923146,9/6/2023 7:05,10/17/2021 9:33,,proposal_95042656.pdf,,
2023,SSA-optimization,2782-3604-1777-7406,Patricia,,Taylor,Collaborator,S16GSAX4CIDY,Globex Inc,Prohibited Factors,No Mitigation Needed,No Mitigation Needed,No Mitigation Needed,No Mitigation Needed,Threat Briefs,research deployment optimization strategy optimization solutions analysis strategy synergy deployment strategy deployment deployment strategy deployment.,,,95042656,OPP-565622,Cloned scalable matrix Project,EB3Q82NDH2ZA,MomCorp,Initial,ACC,MSO,Canceled,11/23/2023 16:05,,Not Needed,Other Transaction Authority,Awarded,FAIN0923146,9/6/2023 7:05,10/17/2021 9:33,,proposal_95042656.pdf,person_Taylor.pdf,
2023,SSA-optimization,2104-2178-8021-8947,David,,Taylor,Consultant,2GM2D03Z4F45,Omni Consumer Products,Mitigation Measures Required,Mitigation Measures Required,No Mitigation Needed,Prohibited Factors,Prohibited Factors,Threat Briefs,,,,95042656,OPP-565622,Cloned scalable matrix Project,EB3Q82NDH2ZA,MomCorp,Initial,ACC,MSO,Canceled,11/23/2023 16:05,,Not Needed,Other Transaction Authority,Awarded,FAIN0923146,9/6/2023 7:05,10/17/2021 9:33,,proposal_95042656.pdf,person_Taylor.pdf,
2023,SSA-integration,6666-2150-1318-9273,Michael,Linda,Williams,PI,P0BJREZAN0YF,Stark Industries,Prohibited Factors,Mitigation Measures Required,No Mitigation Needed,Prohibited Factors,No Mitigation Needed,,optimization analysis innovation synergy deployment analysis research solutions solutions analysis deployment development deployment development deployment.,Threat Briefs,optimization innovation integration optimization deployment.,6233822,OPP-770185,Automated bi-directional pricing structure Project,VWDUSH65P3UT,Wayne Enterprises,Initial,ACC,TTO,Canceled,8/28/2020 21:30,,Not Needed,Other Transaction Authority,Awarded,FAIN1521833,2/16/2020 16:35,,,proposal_06233822.pdf,,review_06233822.docx
2023,SSA-integration,2276-6001-5996-2872,Jane,David,Anderson,Consultant,VWDUSH65P3UT,Wayne Enterprises,Mitigation Measures Required,Prohibited Factors,Mitigation Measures Required,Mitigation Measures Required,Prohibited Factors,"Cessation, Increased Reporting",,Threat Briefs,optimization innovation integration optimization deployment.,6233822,OPP-770185,Automated bi-directional pricing structure Project,VWDUSH65P3UT,Wayne Enterprises,Initial,ACC,TTO,Canceled,8/28/2020 21:30,,Not Needed,Other Transaction Authority,Awarded,FAIN1521833,2/16/2020 16:35,,,proposal_06233822.pdf,,review_06233822.docx
2024,SSA-research,2782-3604-1777-7406,Patricia,,Taylor,Student,P0BJREZAN0YF,Stark Industries,Mitigation Measures Required,No Mitigation Needed,Prohibited Factors,No Mitigation Needed,No Mitigation Needed,,analysis strategy strategy solutions development integration optimization synergy deployment.,Threat Briefs,,33117410,OPP-852236,Automated bi-directional pricing structure Project,95C7CBF2RFOV,Acme Corp,Mitigation Annual Review,NGA,I2O,Draft,12/5/2021 1:04,,Pending,CRADA,Awarded,FAIN8068917,10/15/2024 8:33,4/9/2022 10:42,4/14/2020 4:22,proposal_33117410.pdf,person_Taylor.pdf,
2025,SSA-synergy,2018-4402-9157-7426,Mary,,Smith,PI,EB3Q82NDH2ZA,MomCorp,Prohibited Factors,Mitigation Measures Required,No Mitigation Needed,Mitigation Measures Required,No Mitigation Needed,Threat Briefs,research synergy development optimization deployment analysis solutions innovation.,"Cessation, Increased Reporting",innovation strategy synergy development strategy research analysis innovation strategy deployment solutions development strategy integration.,98087056,OPP-873459,Configurable value-added system engine Project,1317BRU1K5HM,Blue Sun Corp,Initial,INSCOM,I2O,Draft,5/3/2023 0:24,,Complete,CRADA,Pending,,2/12/2024 15:45,6/12/2020 1:17,9/18/2024 2:09,proposal_98087056.pdf,person_Smith.pdf,review_98087056.docx
2025,SSA-synergy,9950-1762-8322-8866,Linda,,Williams,PI,1317BRU1K5HM,Blue Sun Corp,Prohibited Factors,No Mitigation Needed,No Mitigation Needed,No Mitigation Needed,Prohibited Factors,,research research deployment synergy solutions analysis strategy strategy development.,"Cessation, Increased Reporting",innovation strategy synergy development strategy research analysis innovation strategy deployment solutions development strategy integration.,98087056,OPP-873459,Configurable value-added system engine Project,1317BRU1K5HM,Blue Sun Corp,Initial,INSCOM,I2O,Draft,5/3/2023 0:24,,Complete,CRADA,Pending,,2/12/2024 15:45,6/12/2020 1:17,9/18/2024 2:09,proposal_98087056.pdf,person_Williams.pdf,review_98087056.docx
2025,SSA-synergy,1385-8950-3310-4586,David,,Moore,PI,95C7CBF2RFOV,Acme Corp,No Mitigation Needed,Mitigation Measures Required,No Mitigation Needed,Mitigation Measures Required,Prohibited Factors,"Cessation, Increased Reporting",optimization strategy research deployment research deployment.,"Cessation, Increased Reporting",innovation strategy synergy development strategy research analysis innovation strategy deployment solutions development strategy integration.,98087056,OPP-873459,Configurable value-added system engine Project,1317BRU1K5HM,Blue Sun Corp,Initial,INSCOM,I2O,Draft,5/3/2023 0:24,,Complete,CRADA,Pending,,2/12/2024 15:45,6/12/2020 1:17,9/18/2024 2:09,proposal_98087056.pdf,,review_98087056.docx
2025,SSA-synergy,9431-6654-7020-4261,Peter,,Wilson,Co-PI,8JK40Q30BVHV,Cyberdyne Systems,Prohibited Factors,Prohibited Factors,Prohibited Factors,Prohibited Factors,Mitigation Measures Required,"Cessation, Increased Reporting",,"Cessation, Increased Reporting",innovation strategy synergy development strategy research analysis innovation strategy deployment solutions development strategy integration.,98087056,OPP-873459,Configurable value-added system engine Project,1317BRU1K5HM,Blue Sun Corp,Initial,INSCOM,I2O,Draft,5/3/2023 0:24,,Complete,CRADA,Pending,,2/12/2024 15:45,6/12/2020 1:17,9/18/2024 2:09,proposal_98087056.pdf,,review_98087056.docx
2025,SSA-synergy,7209-9708-3693-3439,Michael,,Moore,Co-PI,VWDUSH65P3UT,Wayne Enterprises,Mitigation Measures Required,Mitigation Measures Required,No Mitigation Needed,No Mitigation Needed,No Mitigation Needed,,deployment innovation strategy research analysis deployment integration optimization.,"Cessation, Increased Reporting",innovation strategy synergy development strategy research analysis innovation strategy deployment solutions development strategy integration.,98087056,OPP-873459,Configurable value-added system engine Project,1317BRU1K5HM,Blue Sun Corp,Initial,INSCOM,I2O,Draft,5/3/2023 0:24,,Complete,CRADA,Pending,,2/12/2024 15:45,6/12/2020 1:17,9/18/2024 2:09,proposal_98087056.pdf,,review_98087056.docx
2025,SSA-deployment,2104-2178-8021-8947,David,,Taylor,Student,VWDUSH65P3UT,Wayne Enterprises,Prohibited Factors,No Mitigation Needed,No Mitigation Needed,Prohibited Factors,No Mitigation Needed,,,Threat Briefs,,73148132,OPP-624751,Compatible demand-driven workforce Project,4K0AW4066EK0,Virtucon,Mitigation Annual Review,USA,TTO,In Progress,1/20/2020 22:44,ZLsncVYvOIqUDvjL rBRIEDXBJwMascY kCnrwtmzTmiYLxmwkokrTTZsvVInkerjIuXmIXqxCTLUFUPXqgRJLRtfPedLlvwDkoJFqvuGmbRSZYEFWkGJPtHoEAfABtgDTnWGZyPNtbzLUUiXEjnVieKug,Pending,CRADA,Declined,,6/10/2020 15:41,5/3/2022 4:40,3/16/2024 22:37,proposal_73148132.pdf,person_Taylor.pdf,review_73148132.docx
2025,SSA-deployment,8746-3273-1269-8861,Susan,,Wilson,Student,4K0AW4066EK0,Virtucon,No Mitigation Needed,Mitigation Measures Required,Mitigation Measures Required,Mitigation Measures Required,No Mitigation Needed,,,Threat Briefs,,73148132,OPP-624751,Compatible demand-driven workforce Project,4K0AW4066EK0,Virtucon,Mitigation Annual Review,USA,TTO,In Progress,1/20/2020 22:44,ZLsncVYvOIqUDvjL rBRIEDXBJwMascY kCnrwtmzTmiYLxmwkokrTTZsvVInkerjIuXmIXqxCTLUFUPXqgRJLRtfPedLlvwDkoJFqvuGmbRSZYEFWkGJPtHoEAfABtgDTnWGZyPNtbzLUUiXEjnVieKug,Pending,CRADA,Declined,,6/10/2020 15:41,5/3/2022 4:40,3/16/2024 22:37,proposal_73148132.pdf,,review_73148132.docx
2025,SSA-deployment,4139-2131-1680-6186,Susan,Mary,Williams,Consultant,2GM2D03Z4F45,Omni Consumer Products,No Mitigation Needed,No Mitigation Needed,No Mitigation Needed,Prohibited Factors,Mitigation Measures Required,"Cessation, Increased Reporting",,Threat Briefs,,73148132,OPP-624751,Compatible demand-driven workforce Project,4K0AW4066EK0,Virtucon,Mitigation Annual Review,USA,TTO,In Progress,1/20/2020 22:44,ZLsncVYvOIqUDvjL rBRIEDXBJwMascY kCnrwtmzTmiYLxmwkokrTTZsvVInkerjIuXmIXqxCTLUFUPXqgRJLRtfPedLlvwDkoJFqvuGmbRSZYEFWkGJPtHoEAfABtgDTnWGZyPNtbzLUUiXEjnVieKug,Pending,CRADA,Declined,,6/10/2020 15:41,5/3/2022 4:40,3/16/2024 22:37,proposal_73148132.pdf,,review_73148132.docx
2025,SSA-deployment,3658-7489-4481-2249,Robert,,Williams,PI,P0BJREZAN0YF,Stark Industries,Mitigation Measures Required,Mitigation Measures Required,No Mitigation Needed,No Mitigation Needed,Prohibited Factors,,,Threat Briefs,,73148132,OPP-624751,Compatible demand-driven workforce Project,4K0AW4066EK0,Virtucon,Mitigation Annual Review,USA,TTO,In Progress,1/20/2020 22:44,ZLsncVYvOIqUDvjL rBRIEDXBJwMascY kCnrwtmzTmiYLxmwkokrTTZsvVInkerjIuXmIXqxCTLUFUPXqgRJLRtfPedLlvwDkoJFqvuGmbRSZYEFWkGJPtHoEAfABtgDTnWGZyPNtbzLUUiXEjnVieKug,Pending,CRADA,Declined,,6/10/2020 15:41,5/3/2022 4:40,3/16/2024 22:37,proposal_73148132.pdf,,review_73148132.docx
2025,SSA-solutions,9029-9262-4368-5599,Patricia,,Brown,Co-PI,P0BJREZAN0YF,Stark Industries,Mitigation Measures Required,Prohibited Factors,Mitigation Measures Required,No Mitigation Needed,No Mitigation Needed,Threat Briefs,development deployment optimization deployment analysis research innovation innovation analysis research.,"Cessation, Increased Reporting",solutions development analysis strategy development integration optimization research analysis research synergy.,3139264,OPP-046569,Cloned scalable matrix Project,95C7CBF2RFOV,Acme Corp,Initial,DHA,MSO,In Progress,5/2/2024 8:20,,Complete,Other Transaction Authority,Pending,,12/27/2024 11:43,,11/21/2025 15:32,proposal_03139264.pdf,person_Brown.pdf,
2025,SSA-solutions,6090-8727-9692-9539,Robert,,Davis,Co-PI,4K0AW4066EK0,Virtucon,Prohibited Factors,No Mitigation Needed,Prohibited Factors,No Mitigation Needed,Mitigation Measures Required,,analysis development research integration strategy development optimization analysis analysis integration analysis solutions analysis analysis.,"Cessation, Increased Reporting",solutions development analysis strategy development integration optimization research analysis research synergy.,3139264,OPP-046569,Cloned scalable matrix Project,95C7CBF2RFOV,Acme Corp,Initial,DHA,MSO,In Progress,5/2/2024 8:20,,Complete,Other Transaction Authority,Pending,,12/27/2024 11:43,,11/21/2025 15:32,proposal_03139264.pdf,,
2025,SSA-solutions,2704-5496-8890-3368,Jane,,Brown,Co-PI,1317BRU1K5HM,Blue Sun Corp,Prohibited Factors,Prohibited Factors,No Mitigation Needed,No Mitigation Needed,No Mitigation Needed,,,"Cessation, Increased Reporting",solutions development analysis strategy development integration optimization research analysis research synergy.,3139264,OPP-046569,Cloned scalable matrix Project,95C7CBF2RFOV,Acme Corp,Initial,DHA,MSO,In Progress,5/2/2024 8:20,,Complete,Other Transaction Authority,Pending,,12/27/2024 11:43,,11/21/2025 15:32,proposal_03139264.pdf,person_Brown.pdf,
2025,SSA-solutions,8844-7848-6085-7597,Michael,Peter,Smith,Student,2GM2D03Z4F45,Omni Consumer Products,No Mitigation Needed,Prohibited Factors,No Mitigation Needed,Prohibited Factors,Prohibited Factors,"Cessation, Increased Reporting",synergy synergy integration development research development strategy development integration solutions optimization analysis.,"Cessation, Increased Reporting",solutions development analysis strategy development integration optimization research analysis research synergy.,3139264,OPP-046569,Cloned scalable matrix Project,95C7CBF2RFOV,Acme Corp,Initial,DHA,MSO,In Progress,5/2/2024 8:20,,Complete,Other Transaction Authority,Pending,,12/27/2024 11:43,,11/21/2025 15:32,proposal_03139264.pdf,,
2025,SSA-solutions,8378-7883-3324-3119,Mary,,Moore,PI,S16GSAX4CIDY,Globex Inc,No Mitigation Needed,Prohibited Factors,Mitigation Measures Required,No Mitigation Needed,Mitigation Measures Required,,integration strategy development solutions analysis.,"Cessation, Increased Reporting",solutions development analysis strategy development integration optimization research analysis research synergy.,3139264,OPP-046569,Cloned scalable matrix Project,95C7CBF2RFOV,Acme Corp,Initial,DHA,MSO,In Progress,5/2/2024 8:20,,Complete,Other Transaction Authority,Pending,,12/27/2024 11:43,,11/21/2025 15:32,proposal_03139264.pdf,,
2025,SSA-integration,9586-4824-9787-8619,Linda,,Anderson,PI,EB3Q82NDH2ZA,MomCorp,No Mitigation Needed,Mitigation Measures Required,Prohibited Factors,Mitigation Measures Required,Mitigation Measures Required,,,"Cessation, Increased Reporting",,51540442,OPP-161114,Ameliorated didactic strategy Project,2GM2D03Z4F45,Omni Consumer Products,Initial,NGA,I2O,Draft,3/11/2025 15:16,Li sytbStMDfLMRSQtLWnwYMgWYoSeRMmTu g  DtLtwUQTquWZovVpjGvGlU qVLGVcbDvTt,Not Needed,FAR-based Contract,Declined,,,9/20/2025 20:05,,proposal_51540442.pdf,person_Anderson.pdf,review_51540442.docx
2025,SSA-integration,6743-4763-9778-8814,Robert,,Taylor,Co-PI,CZ5TQAGRDPFT,Tyrell Corp,No Mitigation Needed,Mitigation Measures Required,Prohibited Factors,Prohibited Factors,No Mitigation Needed,"Cessation, Increased Reporting",integration synergy research analysis strategy solutions deployment strategy.,"Cessation, Increased Reporting",,51540442,OPP-161114,Ameliorated didactic strategy Project,2GM2D03Z4F45,Omni Consumer Products,Initial,NGA,I2O,Draft,3/11/2025 15:16,Li sytbStMDfLMRSQtLWnwYMgWYoSeRMmTu g  DtLtwUQTquWZovVpjGvGlU qVLGVcbDvTt,Not Needed,FAR-based Contract,Declined,,,9/20/2025 20:05,,proposal_51540442.pdf,,review_51540442.docx
2025,SSA-integration,4119-2857-8173-6600,Mary,,Miller,Collaborator,8JK40Q30BVHV,Cyberdyne Systems,Mitigation Measures Required,Prohibited Factors,Mitigation Measures Required,No Mitigation Needed,Prohibited Factors,"Cessation, Increased Reporting",analysis innovation development research analysis research optimization research deployment optimization innovation optimization.,"Cessation, Increased Reporting",,51540442,OPP-161114,Ameliorated didactic strategy Project,2GM2D03Z4F45,Omni Consumer Products,Initial,NGA,I2O,Draft,3/11/2025 15:16,Li sytbStMDfLMRSQtLWnwYMgWYoSeRMmTu g  DtLtwUQTquWZovVpjGvGlU qVLGVcbDvTt,Not Needed,FAR-based Contract,Declined,,,9/20/2025 20:05,,proposal_51540442.pdf,person_Miller.pdf,review_51540442.docx
2025,SSA-integration,1532-1355-6668-6924,Patricia,Linda,Williams,Co-PI,2GM2D03Z4F45,Omni Consumer Products,No Mitigation Needed,Prohibited Factors,Mitigation Measures Required,Prohibited Factors,No Mitigation Needed,Threat Briefs,strategy strategy analysis deployment development analysis development innovation innovation solutions research research innovation.,"Cessation, Increased Reporting",,51540442,OPP-161114,Ameliorated didactic strategy Project,2GM2D03Z4F45,Omni Consumer Products,Initial,NGA,I2O,Draft,3/11/2025 15:16,Li sytbStMDfLMRSQtLWnwYMgWYoSeRMmTu g  DtLtwUQTquWZovVpjGvGlU qVLGVcbDvTt,Not Needed,FAR-based Contract,Declined,,,9/20/2025 20:05,,proposal_51540442.pdf,person_Williams.pdf,review_51540442.docx
2025,SSA-integration,8300-2363-5827-8407,Jane,,Williams,Consultant,2GM2D03Z4F45,Omni Consumer Products,Prohibited Factors,Mitigation Measures Required,No Mitigation Needed,Prohibited Factors,Prohibited Factors,,strategy analysis innovation analysis development innovation deployment strategy integration solutions.,"Cessation, Increased Reporting",,51540442,OPP-161114,Ameliorated didactic strategy Project,2GM2D03Z4F45,Omni Consumer Products,Initial,NGA,I2O,Draft,3/11/2025 15:16,Li sytbStMDfLMRSQtLWnwYMgWYoSeRMmTu g  DtLtwUQTquWZovVpjGvGlU qVLGVcbDvTt,Not Needed,FAR-based Contract,Declined,,,9/20/2025 20:05,,proposal_51540442.pdf,,review_51540442.docx
2024,SSA-strategy,9818-6881-1670-7498,Linda,,Davis,PI,P0BJREZAN0YF,Stark Industries,Mitigation Measures Required,Mitigation Measures Required,No Mitigation Needed,No Mitigation Needed,No Mitigation Needed,Threat Briefs,innovation development innovation research integration solutions integration.,Threat Briefs,optimization synergy analysis optimization research innovation innovation optimization.,9172667,OPP-998998,Ameliorated didactic strategy Project,1317BRU1K5HM,Blue Sun Corp,Mitigation Annual Review,DTRA,DSO,In Progress,5/3/2020 15:30,,Complete,Other,In Negotiation,,9/8/2021 1:55,9/8/2025 10:54,4/5/2022 17:59,proposal_09172667.pdf,,
2024,SSA-strategy,2704-5496-8890-3368,Jane,David,Brown,PI,CZ5TQAGRDPFT,Tyrell Corp,Prohibited Factors,No Mitigation Needed,No Mitigation Needed,No Mitigation Needed,No Mitigation Needed,Threat Briefs,,Threat Briefs,optimization synergy analysis optimization research innovation innovation optimization.,9172667,OPP-998998,Ameliorated didactic strategy Project,1317BRU1K5HM,Blue Sun Corp,Mitigation Annual Review,DTRA,DSO,In Progress,5/3/2020 15:30,,Complete,Other,In Negotiation,,9/8/2021 1:55,9/8/2025 10:54,4/5/2022 17:59,proposal_09172667.pdf,,
2024,SSA-strategy,3624-2474-4256-1521,David,,Williams,PI,4K0AW4066EK0,Virtucon,Prohibited Factors,Prohibited Factors,No Mitigation Needed,No Mitigation Needed,Prohibited Factors,"Cessation, Increased Reporting",,Threat Briefs,optimization synergy analysis optimization research innovation innovation optimization.,9172667,OPP-998998,Ameliorated didactic strategy Project,1317BRU1K5HM,Blue Sun Corp,Mitigation Annual Review,DTRA,DSO,In Progress,5/3/2020 15:30,,Complete,Other,In Negotiation,,9/8/2021 1:55,9/8/2025 10:54,4/5/2022 17:59,proposal_09172667.pdf,person_Williams.pdf,
2024,SSA-strategy,9029-9262-4368-5599,Patricia,Robert,Brown,Co-PI,4K0AW4066EK0,Virtucon,Prohibited Factors,No Mitigation Needed,Mitigation Measures Required,Prohibited Factors,Mitigation Measures Required,Threat Briefs,strategy research research strategy deployment strategy strategy.,Threat Briefs,optimization synergy analysis optimization research innovation innovation optimization.,9172667,OPP-998998,Ameliorated didactic strategy Project,1317BRU1K5HM,Blue Sun Corp,Mitigation Annual Review,DTRA,DSO,In Progress,5/3/2020 15:30,,Complete,Other,In Negotiation,,9/8/2021 1:55,9/8/2025 10:54,4/5/2022 17:59,proposal_09172667.pdf,person_Brown.pdf,
2024,SSA-strategy,7026-3615-3405-5343,Mary,,Jones,PI,VWDUSH65P3UT,Wayne Enterprises,Prohibited Factors,Mitigation Measures Required,Mitigation Measures Required,Prohibited Factors,No Mitigation Needed,Threat Briefs,integration synergy development research deployment deployment development deployment solutions analysis deployment innovation.,Threat Briefs,optimization synergy analysis optimization research innovation innovation optimization.,9172667,OPP-998998,Ameliorated didactic strategy Project,1317BRU1K5HM,Blue Sun Corp,Mitigation Annual Review,DTRA,DSO,In Progress,5/3/2020 15:30,,Complete,Other,In Negotiation,,9/8/2021 1:55,9/8/2025 10:54,4/5/2022 17:59,proposal_09172667.pdf,person_Jones.pdf,
2025,SSA-deployment,2104-2178-8021-8947,David,,Taylor,Collaborator,8JK40Q30BVHV,Cyberdyne Systems,No Mitigation Needed,Mitigation Measures Required,No Mitigation Needed,Prohibited Factors,Prohibited Factors,Threat Briefs,strategy strategy strategy integration optimization innovation optimization.,Threat Briefs,,12582257,OPP-607278,Compatible demand-driven workforce Project,1317BRU1K5HM,Blue Sun Corp,Mitigation Annual Review,DHA,DSO,Draft,1/18/2025 20:09,GICfEukvUScgqtpAPEbBxuvIKaGxjnuGHH aIjYLqnqPWvUsAcAjsxyIdCyLkDRiCyiqOwMJVyOclQsFaFbslZgVIe lGGvbVhgoTieb,Complete,Other,Awarded,FAIN8812332,,6/22/2021 11:52,,proposal_12582257.pdf,person_Taylor.pdf,
2025,SSA-deployment,1946-3590-5529-1334,John,,Taylor,PI,2GM2D03Z4F45,Omni Consumer Products,No Mitigation Needed,Prohibited Factors,Prohibited Factors,Prohibited Factors,Mitigation Measures Required,"Cessation, Increased Reporting",,Threat Briefs,,12582257,OPP-607278,Compatible demand-driven workforce Project,1317BRU1K5HM,Blue Sun Corp,Mitigation Annual Review,DHA,DSO,Draft,1/18/2025 20:09,GICfEukvUScgqtpAPEbBxuvIKaGxjnuGHH aIjYLqnqPWvUsAcAjsxyIdCyLkDRiCyiqOwMJVyOclQsFaFbslZgVIe lGGvbVhgoTieb,Complete,Other,Awarded,FAIN8812332,,6/22/2021 11:52,,proposal_12582257.pdf,,
2025,SSA-deployment,6011-3541-8756-9276,John,,Anderson,Collaborator,2GM2D03Z4F45,Omni Consumer Products,Prohibited Factors,Prohibited Factors,No Mitigation Needed,No Mitigation Needed,Prohibited Factors,"Cessation, Increased Reporting",,Threat Briefs,,12582257,OPP-607278,Compatible demand-driven workforce Project,1317BRU1K5HM,Blue Sun Corp,Mitigation Annual Review,DHA,DSO,Draft,1/18/2025 20:09,GICfEukvUScgqtpAPEbBxuvIKaGxjnuGHH aIjYLqnqPWvUsAcAjsxyIdCyLkDRiCyiqOwMJVyOclQsFaFbslZgVIe lGGvbVhgoTieb,Complete,Other,Awarded,FAIN8812332,,6/22/2021 11:52,,proposal_12582257.pdf,,
2025,SSA-deployment,8300-2363-5827-8407,Jane,Michael,Williams,PI,CZ5TQAGRDPFT,Tyrell Corp,Prohibited Factors,Prohibited Factors,Prohibited Factors,Mitigation Measures Required,Prohibited Factors,,,Threat Briefs,,12582257,OPP-607278,Compatible demand-driven workforce Project,1317BRU1K5HM,Blue Sun Corp,Mitigation Annual Review,DHA,DSO,Draft,1/18/2025 20:09,GICfEukvUScgqtpAPEbBxuvIKaGxjnuGHH aIjYLqnqPWvUsAcAjsxyIdCyLkDRiCyiqOwMJVyOclQsFaFbslZgVIe lGGvbVhgoTieb,Complete,Other,Awarded,FAIN8812332,,6/22/2021 11:52,,proposal_12582257.pdf,person_Williams.pdf,
2023,SSA-synergy,4139-2131-1680-6186,Susan,,Williams,Student,8JK40Q30BVHV,Cyberdyne Systems,Prohibited Factors,Prohibited Factors,Prohibited Factors,Mitigation Measures Required,Prohibited Factors,Threat Briefs,,Threat Briefs,,10010748,OPP-007568,Compatible demand-driven workforce Project,8JK40Q30BVHV,Cyberdyne Systems,Initial,USA,TTO,Canceled,1/11/2022 6:36,,Complete,Grant,Awarded,FAIN4083809,,7/9/2023 15:42,7/22/2021 12:54,proposal_10010748.pdf,person_Williams.pdf,review_10010748.docx
2023,SSA-synergy,9367-4896-5805-7010,Linda,,Miller,Student,95C7CBF2RFOV,Acme Corp,Mitigation Measures Required,No Mitigation Needed,No Mitigation Needed,No Mitigation Needed,No Mitigation Needed,,,Threat Briefs,,10010748,OPP-007568,Compatible demand-driven workforce Project,8JK40Q30BVHV,Cyberdyne Systems,Initial,USA,TTO,Canceled,1/11/2022 6:36,,Complete,Grant,Awarded,FAIN4083809,,7/9/2023 15:42,7/22/2021 12:54,proposal_10010748.pdf,person_Miller.pdf,review_10010748.docx
2024,SSA-development,1031-4233-3498-2165,Mary,,Anderson,Consultant,4K0AW4066EK0,Virtucon,Prohibited Factors,Prohibited Factors,No Mitigation Needed,Mitigation Measures Required,Prohibited Factors,"Cessation, Increased Reporting",research analysis solutions solutions research integration.,Threat Briefs,,88817325,OPP-591750,Ameliorated didactic strategy Project,CZ5TQAGRDPFT,Tyrell Corp,Initial,NGA,DSO,Canceled,1/16/2020 2:33,,Not Needed,Grant,Awarded,FAIN5853729,9/22/2024 18:07,10/2/2024 21:45,11/10/2021 11:41,proposal_88817325.pdf,,
2024,SSA-research,3721-3731-4798-8779,Susan,Linda,Jones,PI,8JK40Q30BVHV,Cyberdyne Systems,Prohibited Factors,Prohibited Factors,Prohibited Factors,Mitigation Measures Required,Prohibited Factors,,synergy development deployment solutions innovation solutions optimization analysis analysis.,,,86614983,OPP-163163,Cloned scalable matrix Project,95C7CBF2RFOV,Acme Corp,Mitigation Annual Review,DHA,DSO,In Progress,3/16/2020 6:32,NVMRpPfbqxFZjroiOETNkWxQLyBPMmICQXblBagyc LRzk VIYfuxVHnnwLRVKhzrfFNCxTFLpucdlYJlAsxMaCWbmjTBXCHdzRkKNZyUmMtJBaGmxcpXbeQrIFUcDbHT XuJVNIPNhUKRThxhWXIwbMpiOgpndJkMQqjZfyZCotxEmvTckGqlB,Complete,Grant,In Negotiation,,,,8/21/2023 10:23,proposal_86614983.pdf,person_Jones.pdf,
2024,SSA-research,4341-5122-4935-6753,John,Peter,Williams,Collaborator,P0BJREZAN0YF,Stark Industries,No Mitigation Needed,Prohibited Factors,Prohibited Factors,No Mitigation Needed,Prohibited Factors,"Cessation, Increased Reporting",,,,86614983,OPP-163163,Cloned scalable matrix Project,95C7CBF2RFOV,Acme Corp,Mitigation Annual Review,DHA,DSO,In Progress,3/16/2020 6:32,NVMRpPfbqxFZjroiOETNkWxQLyBPMmICQXblBagyc LRzk VIYfuxVHnnwLRVKhzrfFNCxTFLpucdlYJlAsxMaCWbmjTBXCHdzRkKNZyUmMtJBaGmxcpXbeQrIFUcDbHT XuJVNIPNhUKRThxhWXIwbMpiOgpndJkMQqjZfyZCotxEmvTckGqlB,Complete,Grant,In Negotiation,,,,8/21/2023 10:23,proposal_86614983.pdf,,
2024,SSA-research,1320-9747-9272-5744,Michael,,Wilson,PI,P0BJREZAN0YF,Stark Industries,Prohibited Factors,No Mitigation Needed,No Mitigation Needed,No Mitigation Needed,No Mitigation Needed,"Cessation, Increased Reporting",,,,86614983,OPP-163163,Cloned scalable matrix Project,95C7CBF2RFOV,Acme Corp,Mitigation Annual Review,DHA,DSO,In Progress,3/16/2020 6:32,NVMRpPfbqxFZjroiOETNkWxQLyBPMmICQXblBagyc LRzk VIYfuxVHnnwLRVKhzrfFNCxTFLpucdlYJlAsxMaCWbmjTBXCHdzRkKNZyUmMtJBaGmxcpXbeQrIFUcDbHT XuJVNIPNhUKRThxhWXIwbMpiOgpndJkMQqjZfyZCotxEmvTckGqlB,Complete,Grant,In Negotiation,,,,8/21/2023 10:23,proposal_86614983.pdf,person_Wilson.pdf,
2023,SSA-deployment,4778-4606-2927-3769,Robert,Robert,Wilson,Co-PI,TL6W714VTF1G,MomCorp,Mitigation Measures Required,No Mitigation Needed,No Mitigation Needed,Mitigation Measures Required,Prohibited Factors,,strategy deployment integration solutions research strategy strategy optimization research strategy.,"Cessation, Increased Reporting",,38003878,OPP-799980,Ameliorated didactic strategy Project,95C7CBF2RFOV,Acme Corp,Initial,NGA,I2O,In Progress,6/11/2020 6:21,rwRYvFtbphBPOkNqo GYAOiyOv hYPdJOJdYToaCFTTCKCvdFFnNTvEzTbv HGWFuUESGXPXHzrvk,Pending,FAR-based Contract,In Negotiation,,10/15/2023 9:28,,,proposal_38003878.pdf,,
2023,SSA-deployment,4139-2131-1680-6186,Susan,,Williams,Consultant,EB3Q82NDH2ZA,MomCorp,Prohibited Factors,Prohibited Factors,No Mitigation Needed,Prohibited Factors,Mitigation Measures Required,,deployment development research solutions solutions development synergy synergy integration innovation strategy development.,"Cessation, Increased Reporting",,38003878,OPP-799980,Ameliorated didactic strategy Project,95C7CBF2RFOV,Acme Corp,Initial,NGA,I2O,In Progress,6/11/2020 6:21,rwRYvFtbphBPOkNqo GYAOiyOv hYPdJOJdYToaCFTTCKCvdFFnNTvEzTbv HGWFuUESGXPXHzrvk,Pending,FAR-based Contract,In Negotiation,,10/15/2023 9:28,,,proposal_38003878.pdf,person_Williams.pdf,
2023,SSA-deployment,9058-1198-1274-2868,David,Peter,Brown,PI,8JK40Q30BVHV,Cyberdyne Systems,No Mitigation Needed,No Mitigation Needed,No Mitigation Needed,Prohibited Factors,Mitigation Measures Required,Threat Briefs,integration deployment optimization optimization analysis strategy development synergy analysis synergy.,"Cessation, Increased Reporting",,38003878,OPP-799980,Ameliorated didactic strategy Project,95C7CBF2RFOV,Acme Corp,Initial,NGA,I2O,In Progress,6/11/2020 6:21,rwRYvFtbphBPOkNqo GYAOiyOv hYPdJOJdYToaCFTTCKCvdFFnNTvEzTbv HGWFuUESGXPXHzrvk,Pending,FAR-based Contract,In Negotiation,,10/15/2023 9:28,,,proposal_38003878.pdf,,
2023,SSA-deployment,7058-6482-4903-3575,Susan,,Miller,PI,CZ5TQAGRDPFT,Tyrell Corp,Prohibited Factors,Prohibited Factors,No Mitigation Needed,Prohibited Factors,No Mitigation Needed,,synergy research synergy deployment synergy integration synergy strategy development deployment synergy integration.,"Cessation, Increased Reporting",,38003878,OPP-799980,Ameliorated didactic strategy Project,95C7CBF2RFOV,Acme Corp,Initial,NGA,I2O,In Progress,6/11/2020 6:21,rwRYvFtbphBPOkNqo GYAOiyOv hYPdJOJdYToaCFTTCKCvdFFnNTvEzTbv HGWFuUESGXPXHzrvk,Pending,FAR-based Contract,In Negotiation,,10/15/2023 9:28,,,proposal_38003878.pdf,person_Miller.pdf,
2023,SSA-research,7751-3047-7207-7844,John,,Brown,Co-PI,EB3Q82NDH2ZA,MomCorp,Prohibited Factors,Prohibited Factors,Prohibited Factors,Prohibited Factors,Mitigation Measures Required,"Cessation, Increased Reporting",research strategy innovation analysis research.,,,87093374,OPP-954982,Automated bi-directional pricing structure Project,8JK40Q30BVHV,Cyberdyne Systems,Initial,USA,TTO,Completed,8/8/2024 19:08,IOCQNSnCwqYxGiZMXVRsMb NDKYXF YyeGEHFHDirLjFDTsFcbYGdCRntwzGQYZwBxTyW AjlVkhKaCAMdHNPGhbsXBuyxSzJlrYdnwodnIQPrHYBItlXrnPcLcrx,Pending,Other Transaction Authority,Declined,,,,,proposal_87093374.pdf,,review_87093374.docx
2023,SSA-research,5260-7018-8099-8748,Susan,Patricia,Smith,PI,8JK40Q30BVHV,Cyberdyne Systems,Prohibited Factors,Prohibited Factors,Prohibited Factors,Mitigation Measures Required,Prohibited Factors,Threat Briefs,optimization integration innovation deployment development.,,,87093374,OPP-954982,Automated bi-directional pricing structure Project,8JK40Q30BVHV,Cyberdyne Systems,Initial,USA,TTO,Completed,8/8/2024 19:08,IOCQNSnCwqYxGiZMXVRsMb NDKYXF YyeGEHFHDirLjFDTsFcbYGdCRntwzGQYZwBxTyW AjlVkhKaCAMdHNPGhbsXBuyxSzJlrYdnwodnIQPrHYBItlXrnPcLcrx,Pending,Other Transaction Authority,Declined,,,,,proposal_87093374.pdf,,review_87093374.docx
2023,SSA-research,8936-7468-4916-2583,David,,Anderson,Collaborator,8JK40Q30BVHV,Cyberdyne Systems,No Mitigation Needed,Mitigation Measures Required,Prohibited Factors,No Mitigation Needed,No Mitigation Needed,,strategy analysis synergy analysis synergy analysis deployment analysis.,,,87093374,OPP-954982,Automated bi-directional pricing structure Project,8JK40Q30BVHV,Cyberdyne Systems,Initial,USA,TTO,Completed,8/8/2024 19:08,IOCQNSnCwqYxGiZMXVRsMb NDKYXF YyeGEHFHDirLjFDTsFcbYGdCRntwzGQYZwBxTyW AjlVkhKaCAMdHNPGhbsXBuyxSzJlrYdnwodnIQPrHYBItlXrnPcLcrx,Pending,Other Transaction Authority,Declined,,,,,proposal_87093374.pdf,,review_87093374.docx
2023,SSA-optimization,4119-2857-8173-6600,Mary,,Miller,Co-PI,P0BJREZAN0YF,Stark Industries,Prohibited Factors,Mitigation Measures Required,Prohibited Factors,No Mitigation Needed,Mitigation Measures Required,,strategy synergy solutions solutions strategy analysis.,"Cessation, Increased Reporting",optimization research synergy synergy research analysis development development deployment development.,60878653,OPP-069404,Adaptive modular solution Project,S16GSAX4CIDY,Globex Inc,Mitigation Annual Review,ACC,TTO,Completed,5/22/2022 23:59,,Not Needed,CRADA,In Negotiation,,8/9/2025 11:46,11/10/2024 7:41,7/3/2020 15:46,proposal_60878653.pdf,person_Miller.pdf,
2023,SSA-optimization,7368-9539-7504-1401,John,David,Davis,PI,P0BJREZAN0YF,Stark Industries,No Mitigation Needed,No Mitigation Needed,No Mitigation Needed,No Mitigation Needed,Mitigation Measures Required,,development optimization synergy strategy solutions solutions analysis analysis deployment strategy development deployment integration analysis analysis.,"Cessation, Increased Reporting",optimization research synergy synergy research analysis development development deployment development.,60878653,OPP-069404,Adaptive modular solution Project,S16GSAX4CIDY,Globex Inc,Mitigation Annual Review,ACC,TTO,Completed,5/22/2022 23:59,,Not Needed,CRADA,In Negotiation,,8/9/2025 11:46,11/10/2024 7:41,7/3/2020 15:46,proposal_60878653.pdf,,
2023,SSA-optimization,9524-6512-3656-5410,Robert,Robert,Moore,PI,S16GSAX4CIDY,Globex Inc,No Mitigation Needed,Mitigation Measures Required,Prohibited Factors,Mitigation Measures Required,Mitigation Measures Required,Threat Briefs,,"Cessation, Increased Reporting",optimization research synergy synergy research analysis development development deployment development.,60878653,OPP-069404,Adaptive modular solution Project,S16GSAX4CIDY,Globex Inc,Mitigation Annual Review,ACC,TTO,Completed,5/22/2022 23:59,,Not Needed,CRADA,In Negotiation,,8/9/2025 11:46,11/10/2024 7:41,7/3/2020 15:46,proposal_60878653.pdf,,
2024,SSA-solutions,5051-6236-8974-1785,Robert,,Brown,PI,8JK40Q30BVHV,Cyberdyne Systems,No Mitigation Needed,Prohibited Factors,No Mitigation Needed,Mitigation Measures Required,Mitigation Measures Required,,innovation development analysis optimization deployment.,"Cessation, Increased Reporting",development development analysis optimization solutions synergy synergy optimization innovation deployment synergy solutions.,94264943,OPP-830718,Adaptive modular solution Project,VWDUSH65P3UT,Wayne Enterprises,Mitigation Annual Review,DTRA,DSO,Draft,11/26/2025 8:56,,Pending,FAR-based Contract,In Negotiation,,,4/12/2020 3:09,8/12/2021 21:20,proposal_94264943.pdf,,review_94264943.docx
2023,SSA-strategy,6090-8727-9692-9539,Robert,,Davis,Consultant,95C7CBF2RFOV,Acme Corp,Mitigation Measures Required,No Mitigation Needed,No Mitigation Needed,Mitigation Measures Required,Mitigation Measures Required,"Cessation, Increased Reporting",strategy research solutions integration deployment integration solutions synergy.,Threat Briefs,development analysis integration development research analysis solutions strategy innovation.,30371709,OPP-494290,Business-focused client-driven initiative Project,95C7CBF2RFOV,Acme Corp,Initial,ACC,I2O,In Progress,2/24/2021 16:36,,Pending,Other,Pending,,1/19/2025 10:16,,11/5/2023 16:38,proposal_30371709.pdf,person_Davis.pdf,
2023,SSA-strategy,7209-9708-3693-3439,Michael,,Moore,Consultant,8JK40Q30BVHV,Cyberdyne Systems,Mitigation Measures Required,Prohibited Factors,No Mitigation Needed,No Mitigation Needed,Prohibited Factors,,innovation innovation deployment development development synergy research integration analysis innovation.,Threat Briefs,development analysis integration development research analysis solutions strategy innovation.,30371709,OPP-494290,Business-focused client-driven initiative Project,95C7CBF2RFOV,Acme Corp,Initial,ACC,I2O,In Progress,2/24/2021 16:36,,Pending,Other,Pending,,1/19/2025 10:16,,11/5/2023 16:38,proposal_30371709.pdf,,
2023,SSA-strategy,2752-3991-9420-1857,Jane,,Davis,Consultant,95C7CBF2RFOV,Acme Corp,Mitigation Measures Required,No Mitigation Needed,Mitigation Measures Required,No Mitigation Needed,Prohibited Factors,Threat Briefs,development synergy synergy innovation development integration deployment innovation synergy strategy solutions synergy integration.,Threat Briefs,development analysis integration development research analysis solutions strategy innovation.,30371709,OPP-494290,Business-focused client-driven initiative Project,95C7CBF2RFOV,Acme Corp,Initial,ACC,I2O,In Progress,2/24/2021 16:36,,Pending,Other,Pending,,1/19/2025 10:16,,11/5/2023 16:38,proposal_30371709.pdf,person_Davis.pdf,
2023,SSA-strategy,9313-1364-2874-9660,Peter,Linda,Smith,Co-PI,VWDUSH65P3UT,Wayne Enterprises,Mitigation Measures Required,Mitigation Measures Required,Mitigation Measures Required,No Mitigation Needed,No Mitigation Needed,,strategy analysis strategy strategy optimization analysis research analysis innovation development synergy development research research.,Threat Briefs,development analysis integration development research analysis solutions strategy innovation.,30371709,OPP-494290,Business-focused client-driven initiative Project,95C7CBF2RFOV,Acme Corp,Initial,ACC,I2O,In Progress,2/24/2021 16:36,,Pending,Other,Pending,,1/19/2025 10:16,,11/5/2023 16:38,proposal_30371709.pdf,,
2023,SSA-strategy,8844-7848-6085-7597,Michael,Peter,Smith,Student,CZ5TQAGRDPFT,Tyrell Corp,Prohibited Factors,No Mitigation Needed,Prohibited Factors,Mitigation Measures Required,Mitigation Measures Required,,research strategy synergy analysis optimization strategy integration strategy solutions innovation integration integration deployment strategy.,Threat Briefs,development analysis integration development research analysis solutions strategy innovation.,30371709,OPP-494290,Business-focused client-driven initiative Project,95C7CBF2RFOV,Acme Corp,Initial,ACC,I2O,In Progress,2/24/2021 16:36,,Pending,Other,Pending,,1/19/2025 10:16,,11/5/2023 16:38,proposal_30371709.pdf,,
2024,SSA-synergy,8574-6986-6758-6133,Michael,Susan,Jones,Co-PI,1317BRU1K5HM,Blue Sun Corp,Prohibited Factors,No Mitigation Needed,Mitigation Measures Required,No Mitigation Needed,Prohibited Factors,,,Threat Briefs,,38731590,OPP-677917,Assimilated tangible parallelism Project,VWDUSH65P3UT,Wayne Enterprises,Mitigation Annual Review,DARPA,TTO,Canceled,12/17/2024 17:07,,Pending,Other Transaction Authority,In Negotiation,,,,2/7/2020 16:06,proposal_38731590.pdf,,review_38731590.docx
2025,SSA-deployment,3676-7476-9924-9756,Peter,,Jones,Student,VWDUSH65P3UT,Wayne Enterprises,Mitigation Measures Required,Mitigation Measures Required,Prohibited Factors,No Mitigation Needed,Mitigation Measures Required,Threat Briefs,,Threat Briefs,,57227351,OPP-861223,Ameliorated didactic strategy Project,2GM2D03Z4F45,Omni Consumer Products,Mitigation Annual Review,NGA,DSO,In Progress,4/17/2020 19:47,,Not Needed,Other Transaction Authority,In Negotiation,,,,11/20/2021 6:32,proposal_57227351.pdf,person_Jones.pdf,review_57227351.docx
2025,SSA-integration,2481-7728-4240-5225,Mary,,Brown,Co-PI,CZ5TQAGRDPFT,Tyrell Corp,Prohibited Factors,No Mitigation Needed,Prohibited Factors,Mitigation Measures Required,No Mitigation Needed,Threat Briefs,integration deployment research strategy solutions optimization optimization deployment deployment analysis innovation solutions analysis.,,,67163473,OPP-922328,Ameliorated didactic strategy Project,2GM2D03Z4F45,Omni Consumer Products,Mitigation Annual Review,INSCOM,CDMRP,In Progress,4/27/2025 23:57,,Pending,CRADA,Pending,,,7/7/2024 2:50,10/26/2022 11:54,proposal_67163473.pdf,,review_67163473.docx
2025,SSA-integration,9524-6512-3656-5410,Robert,,Moore,Co-PI,8JK40Q30BVHV,Cyberdyne Systems,Mitigation Measures Required,No Mitigation Needed,Prohibited Factors,No Mitigation Needed,Mitigation Measures Required,Threat Briefs,research strategy analysis strategy research analysis analysis research deployment.,,,67163473,OPP-922328,Ameliorated didactic strategy Project,2GM2D03Z4F45,Omni Consumer Products,Mitigation Annual Review,INSCOM,CDMRP,In Progress,4/27/2025 23:57,,Pending,CRADA,Pending,,,7/7/2024 2:50,10/26/2022 11:54,proposal_67163473.pdf,person_Moore.pdf,review_67163473.docx
2025,SSA-integration,6106-2475-7344-3226,Linda,Mary,Taylor,Collaborator,4K0AW4066EK0,Virtucon,Mitigation Measures Required,Prohibited Factors,Mitigation Measures Required,Prohibited Factors,Mitigation Measures Required,"Cessation, Increased Reporting",analysis innovation innovation integration analysis strategy analysis optimization optimization.,,,67163473,OPP-922328,Ameliorated didactic strategy Project,2GM2D03Z4F45,Omni Consumer Products,Mitigation Annual Review,INSCOM,CDMRP,In Progress,4/27/2025 23:57,,Pending,CRADA,Pending,,,7/7/2024 2:50,10/26/2022 11:54,proposal_67163473.pdf,,review_67163473.docx
2025,SSA-integration,8891-4867-3529-7308,Patricia,,Miller,Co-PI,S16GSAX4CIDY,Globex Inc,Mitigation Measures Required,Prohibited Factors,Prohibited Factors,Prohibited Factors,Mitigation Measures Required,"Cessation, Increased Reporting",,,,67163473,OPP-922328,Ameliorated didactic strategy Project,2GM2D03Z4F45,Omni Consumer Products,Mitigation Annual Review,INSCOM,CDMRP,In Progress,4/27/2025 23:57,,Pending,CRADA,Pending,,,7/7/2024 2:50,10/26/2022 11:54,proposal_67163473.pdf,person_Miller.pdf,review_67163473.docx
2024,SSA-analysis,3676-7476-9924-9756,Peter,,Jones,Consultant,95C7CBF2RFOV,Acme Corp,Mitigation Measures Required,No Mitigation Needed,No Mitigation Needed,Mitigation Measures Required,Prohibited Factors,,,,,57028665,OPP-900865,Adaptive modular solution Project,95C7CBF2RFOV,Acme Corp,Initial,USA,MSO,In Progress,8/20/2024 9:38,hXBTAaFJOJArDCeTrSnBHvkoReAnekfDDM SniDSMXbuwbhwmVeuFjdnIcvJPNQjFrGGcOlbuTbGMSWLODLWyGhSekzCQ fofocqqmhHIsJL,Not Needed,Other Transaction Authority,Pending,,5/6/2020 9:26,,6/23/2022 16:29,proposal_57028665.pdf,,
2024,SSA-analysis,2752-3991-9420-1857,Jane,,Davis,Co-PI,2GM2D03Z4F45,Omni Consumer Products,Mitigation Measures Required,No Mitigation Needed,No Mitigation Needed,Mitigation Measures Required,Prohibited Factors,Threat Briefs,integration innovation innovation research development development.,,,57028665,OPP-900865,Adaptive modular solution Project,95C7CBF2RFOV,Acme Corp,Initial,USA,MSO,In Progress,8/20/2024 9:38,hXBTAaFJOJArDCeTrSnBHvkoReAnekfDDM SniDSMXbuwbhwmVeuFjdnIcvJPNQjFrGGcOlbuTbGMSWLODLWyGhSekzCQ fofocqqmhHIsJL,Not Needed,Other Transaction Authority,Pending,,5/6/2020 9:26,,6/23/2022 16:29,proposal_57028665.pdf,person_Davis.pdf,
2024,SSA-analysis,4162-7428-4491-5919,Peter,,Brown,Co-PI,8JK40Q30BVHV,Cyberdyne Systems,No Mitigation Needed,Prohibited Factors,No Mitigation Needed,No Mitigation Needed,No Mitigation Needed,"Cessation, Increased Reporting",synergy optimization innovation research strategy strategy innovation.,,,57028665,OPP-900865,Adaptive modular solution Project,95C7CBF2RFOV,Acme Corp,Initial,USA,MSO,In Progress,8/20/2024 9:38,hXBTAaFJOJArDCeTrSnBHvkoReAnekfDDM SniDSMXbuwbhwmVeuFjdnIcvJPNQjFrGGcOlbuTbGMSWLODLWyGhSekzCQ fofocqqmhHIsJL,Not Needed,Other Transaction Authority,Pending,,5/6/2020 9:26,,6/23/2022 16:29,proposal_57028665.pdf,,
2024,SSA-analysis,8746-3273-1269-8861,Susan,John,Wilson,PI,95C7CBF2RFOV,Acme Corp,Mitigation Measures Required,No Mitigation Needed,Prohibited Factors,Mitigation Measures Required,No Mitigation Needed,Threat Briefs,strategy innovation research integration integration analysis strategy analysis integration.,,,57028665,OPP-900865,Adaptive modular solution Project,95C7CBF2RFOV,Acme Corp,Initial,USA,MSO,In Progress,8/20/2024 9:38,hXBTAaFJOJArDCeTrSnBHvkoReAnekfDDM SniDSMXbuwbhwmVeuFjdnIcvJPNQjFrGGcOlbuTbGMSWLODLWyGhSekzCQ fofocqqmhHIsJL,Not Needed,Other Transaction Authority,Pending,,5/6/2020 9:26,,6/23/2022 16:29,proposal_57028665.pdf,person_Wilson.pdf,
2024,SSA-analysis,7058-6482-4903-3575,Susan,,Miller,PI,2GM2D03Z4F45,Omni Consumer Products,Mitigation Measures Required,Mitigation Measures Required,No Mitigation Needed,Prohibited Factors,No Mitigation Needed,,,,,57028665,OPP-900865,Adaptive modular solution Project,95C7CBF2RFOV,Acme Corp,Initial,USA,MSO,In Progress,8/20/2024 9:38,hXBTAaFJOJArDCeTrSnBHvkoReAnekfDDM SniDSMXbuwbhwmVeuFjdnIcvJPNQjFrGGcOlbuTbGMSWLODLWyGhSekzCQ fofocqqmhHIsJL,Not Needed,Other Transaction Authority,Pending,,5/6/2020 9:26,,6/23/2022 16:29,proposal_57028665.pdf,person_Miller.pdf,
2025,SSA-analysis,7902-9517-3520-2799,Linda,,Smith,Student,2GM2D03Z4F45,Omni Consumer Products,Mitigation Measures Required,No Mitigation Needed,Prohibited Factors,No Mitigation Needed,Mitigation Measures Required,Threat Briefs,development solutions development optimization synergy deployment research.,"Cessation, Increased Reporting",,75874579,OPP-580696,Ameliorated didactic strategy Project,S16GSAX4CIDY,Globex Inc,Initial,INSCOM,I2O,Draft,10/25/2024 1:08,GhNuksCgO LaulZ toztKmAEHWfNjtvDhnLryCbSfkqYLntClTP rGlDVwjiJJZSFKZQFghhmcUoFLcSVsNQgXNpXumikPKicBAUdhbCdOaiOhyMPqitPjhC,Not Needed,CRADA,Pending,,12/12/2021 5:28,4/1/2021 11:38,3/6/2020 3:23,proposal_75874579.pdf,,
2025,SSA-analysis,3111-4164-8839-9729,Jane,Michael,Smith,PI,EB3Q82NDH2ZA,MomCorp,Prohibited Factors,No Mitigation Needed,Prohibited Factors,Prohibited Factors,Mitigation Measures Required,"Cessation, Increased Reporting",solutions development innovation strategy deployment.,"Cessation, Increased Reporting",,75874579,OPP-580696,Ameliorated didactic strategy Project,S16GSAX4CIDY,Globex Inc,Initial,INSCOM,I2O,Draft,10/25/2024 1:08,GhNuksCgO LaulZ toztKmAEHWfNjtvDhnLryCbSfkqYLntClTP rGlDVwjiJJZSFKZQFghhmcUoFLcSVsNQgXNpXumikPKicBAUdhbCdOaiOhyMPqitPjhC,Not Needed,CRADA,Pending,,12/12/2021 5:28,4/1/2021 11:38,3/6/2020 3:23,proposal_75874579.pdf,person_Smith.pdf,
2025,SSA-analysis,8300-2363-5827-8407,Jane,,Williams,Consultant,EB3Q82NDH2ZA,MomCorp,Mitigation Measures Required,No Mitigation Needed,Prohibited Factors,Prohibited Factors,Prohibited Factors,Threat Briefs,,"Cessation, Increased Reporting",,75874579,OPP-580696,Ameliorated didactic strategy Project,S16GSAX4CIDY,Globex Inc,Initial,INSCOM,I2O,Draft,10/25/2024 1:08,GhNuksCgO LaulZ toztKmAEHWfNjtvDhnLryCbSfkqYLntClTP rGlDVwjiJJZSFKZQFghhmcUoFLcSVsNQgXNpXumikPKicBAUdhbCdOaiOhyMPqitPjhC,Not Needed,CRADA,Pending,,12/12/2021 5:28,4/1/2021 11:38,3/6/2020 3:23,proposal_75874579.pdf,person_Williams.pdf,
2025,SSA-analysis,7274-7939-3479-9584,John,,Smith,Consultant,4K0AW4066EK0,Virtucon,Mitigation Measures Required,Mitigation Measures Required,Prohibited Factors,Mitigation Measures Required,Prohibited Factors,Threat Briefs,,"Cessation, Increased Reporting",,75874579,OPP-580696,Ameliorated didactic strategy Project,S16GSAX4CIDY,Globex Inc,Initial,INSCOM,I2O,Draft,10/25/2024 1:08,GhNuksCgO LaulZ toztKmAEHWfNjtvDhnLryCbSfkqYLntClTP rGlDVwjiJJZSFKZQFghhmcUoFLcSVsNQgXNpXumikPKicBAUdhbCdOaiOhyMPqitPjhC,Not Needed,CRADA,Pending,,12/12/2021 5:28,4/1/2021 11:38,3/6/2020 3:23,proposal_75874579.pdf,,
2025,SSA-analysis,4778-4606-2927-3769,Robert,,Wilson,Collaborator,2GM2D03Z4F45,Omni Consumer Products,Mitigation Measures Required,Prohibited Factors,Prohibited Factors,No Mitigation Needed,Mitigation Measures Required,"Cessation, Increased Reporting",deployment deployment deployment synergy synergy integration development integration innovation solutions integration integration strategy.,"Cessation, Increased Reporting",,75874579,OPP-580696,Ameliorated didactic strategy Project,S16GSAX4CIDY,Globex Inc,Initial,INSCOM,I2O,Draft,10/25/2024 1:08,GhNuksCgO LaulZ toztKmAEHWfNjtvDhnLryCbSfkqYLntClTP rGlDVwjiJJZSFKZQFghhmcUoFLcSVsNQgXNpXumikPKicBAUdhbCdOaiOhyMPqitPjhC,Not Needed,CRADA,Pending,,12/12/2021 5:28,4/1/2021 11:38,3/6/2020 3:23,proposal_75874579.pdf,person_Wilson.pdf,
2024,SSA-integration,4115-1143-6154-8317,Peter,Linda,Williams,Student,P0BJREZAN0YF,Stark Industries,Mitigation Measures Required,No Mitigation Needed,No Mitigation Needed,Prohibited Factors,No Mitigation Needed,"Cessation, Increased Reporting",,"Cessation, Increased Reporting",,72534778,OPP-813090,Automated bi-directional pricing structure Project,VWDUSH65P3UT,Wayne Enterprises,Mitigation Annual Review,DARPA,I2O,Completed,5/4/2022 5:39,BpmyGtEEiUyHHLSJzPgaatbtaJAazicSJwGNIyruSpqRmvzMIpdvVyMTJcHpTnCXLRXqFGIbpnmdmeYpphpTDvZPcIXA TyoLvRNwvHdqodLkrGIMQ QUAPOFa,Pending,Grant,In Negotiation,,12/8/2025 4:47,9/14/2025 22:46,4/8/2023 3:14,proposal_72534778.pdf,,
2024,SSA-integration,1385-8950-3310-4586,David,,Moore,Co-PI,CZ5TQAGRDPFT,Tyrell Corp,Prohibited Factors,No Mitigation Needed,No Mitigation Needed,Mitigation Measures Required,Prohibited Factors,Threat Briefs,analysis deployment synergy deployment innovation innovation deployment analysis deployment deployment integration research optimization deployment.,"Cessation, Increased Reporting",,72534778,OPP-813090,Automated bi-directional pricing structure Project,VWDUSH65P3UT,Wayne Enterprises,Mitigation Annual Review,DARPA,I2O,Completed,5/4/2022 5:39,BpmyGtEEiUyHHLSJzPgaatbtaJAazicSJwGNIyruSpqRmvzMIpdvVyMTJcHpTnCXLRXqFGIbpnmdmeYpphpTDvZPcIXA TyoLvRNwvHdqodLkrGIMQ QUAPOFa,Pending,Grant,In Negotiation,,12/8/2025 4:47,9/14/2025 22:46,4/8/2023 3:14,proposal_72534778.pdf,person_Moore.pdf,
2024,SSA-integration,6903-5170-2921-3573,John,,Miller,Collaborator,VWDUSH65P3UT,Wayne Enterprises,Mitigation Measures Required,Prohibited Factors,Prohibited Factors,Prohibited Factors,Prohibited Factors,,optimization innovation research deployment synergy deployment analysis development solutions synergy.,"Cessation, Increased Reporting",,72534778,OPP-813090,Automated bi-directional pricing structure Project,VWDUSH65P3UT,Wayne Enterprises,Mitigation Annual Review,DARPA,I2O,Completed,5/4/2022 5:39,BpmyGtEEiUyHHLSJzPgaatbtaJAazicSJwGNIyruSpqRmvzMIpdvVyMTJcHpTnCXLRXqFGIbpnmdmeYpphpTDvZPcIXA TyoLvRNwvHdqodLkrGIMQ QUAPOFa,Pending,Grant,In Negotiation,,12/8/2025 4:47,9/14/2025 22:46,4/8/2023 3:14,proposal_72534778.pdf,,
2024,SSA-integration,9029-9262-4368-5599,Patricia,Jane,Brown,Consultant,VWDUSH65P3UT,Wayne Enterprises,No Mitigation Needed,Mitigation Measures Required,No Mitigation Needed,Prohibited Factors,No Mitigation Needed,"Cessation, Increased Reporting",synergy innovation development development integration research.,"Cessation, Increased Reporting",,72534778,OPP-813090,Automated bi-directional pricing structure Project,VWDUSH65P3UT,Wayne Enterprises,Mitigation Annual Review,DARPA,I2O,Completed,5/4/2022 5:39,BpmyGtEEiUyHHLSJzPgaatbtaJAazicSJwGNIyruSpqRmvzMIpdvVyMTJcHpTnCXLRXqFGIbpnmdmeYpphpTDvZPcIXA TyoLvRNwvHdqodLkrGIMQ QUAPOFa,Pending,Grant,In Negotiation,,12/8/2025 4:47,9/14/2025 22:46,4/8/2023 3:14,proposal_72534778.pdf,,
2024,SSA-integration,7026-3615-3405-5343,Mary,Mary,Jones,Student,P0BJREZAN0YF,Stark Industries,Prohibited Factors,Mitigation Measures Required,Prohibited Factors,No Mitigation Needed,No Mitigation Needed,"Cessation, Increased Reporting",development strategy optimization synergy innovation development strategy integration solutions deployment synergy synergy.,"Cessation, Increased Reporting",,72534778,OPP-813090,Automated bi-directional pricing structure Project,VWDUSH65P3UT,Wayne Enterprises,Mitigation Annual Review,DARPA,I2O,Completed,5/4/2022 5:39,BpmyGtEEiUyHHLSJzPgaatbtaJAazicSJwGNIyruSpqRmvzMIpdvVyMTJcHpTnCXLRXqFGIbpnmdmeYpphpTDvZPcIXA TyoLvRNwvHdqodLkrGIMQ QUAPOFa,Pending,Grant,In Negotiation,,12/8/2025 4:47,9/14/2025 22:46,4/8/2023 3:14,proposal_72534778.pdf,,
2024,SSA-strategy,4607-7811-9415-6646,Mary,Robert,Davis,PI,1317BRU1K5HM,Blue Sun Corp,Mitigation Measures Required,Mitigation Measures Required,Prohibited Factors,Prohibited Factors,No Mitigation Needed,Threat Briefs,innovation analysis innovation synergy development solutions solutions research integration strategy development strategy innovation solutions strategy.,Threat Briefs,synergy deployment strategy research innovation.,27184753,OPP-473602,Ameliorated didactic strategy Project,8JK40Q30BVHV,Cyberdyne Systems,Initial,DARPA,CDMRP,In Progress,3/13/2021 23:56,rxGkSLUrvskTVickJACAlizqfSHCxAokeqYVnncnYIvhtgZkBkr ZCxUaMSFTeSqERAbt,Not Needed,FAR-based Contract,Declined,,8/25/2021 19:51,,8/20/2024 22:22,proposal_27184753.pdf,,review_27184753.docx
2025,SSA-solutions,8891-4867-3529-7308,Patricia,,Miller,Consultant,EB3Q82NDH2ZA,MomCorp,No Mitigation Needed,Mitigation Measures Required,Mitigation Measures Required,Mitigation Measures Required,Mitigation Measures Required,"Cessation, Increased Reporting",analysis synergy integration research analysis development optimization research development development synergy deployment optimization analysis.,,,77213552,OPP-614123,Adaptive modular solution Project,1317BRU1K5HM,Blue Sun Corp,Initial,DARPA,CDMRP,Canceled,9/25/2024 21:58,zKrELZp MXBYQF biVQdrjVOwWKMmYxWKTQGhkFwarlEIAFeEMHCMMTooDaJqpWvKZOxynApREbrMOAPfESQgUZvmBdzwsSjtdoomhVvNIXaQNQMjVqamaSWHLozgwxapeWjXTnBxXTMHtPOXFcbsDXsIKyByZMfNgr EfhdscuEVWFSji,Not Needed,FAR-based Contract,Pending,,12/13/2024 11:49,6/23/2023 5:21,,proposal_77213552.pdf,person_Miller.pdf,
2025,SSA-solutions,8291-2539-5590-1671,Jane,,Moore,PI,S16GSAX4CIDY,Globex Inc,Mitigation Measures Required,Prohibited Factors,Mitigation Measures Required,No Mitigation Needed,Prohibited Factors,Threat Briefs,,,,77213552,OPP-614123,Adaptive modular solution Project,1317BRU1K5HM,Blue Sun Corp,Initial,DARPA,CDMRP,Canceled,9/25/2024 21:58,zKrELZp MXBYQF biVQdrjVOwWKMmYxWKTQGhkFwarlEIAFeEMHCMMTooDaJqpWvKZOxynApREbrMOAPfESQgUZvmBdzwsSjtdoomhVvNIXaQNQMjVqamaSWHLozgwxapeWjXTnBxXTMHtPOXFcbsDXsIKyByZMfNgr EfhdscuEVWFSji,Not Needed,FAR-based Contract,Pending,,12/13/2024 11:49,6/23/2023 5:21,,proposal_77213552.pdf,,
2025,SSA-solutions,4018-3350-8748-8348,Peter,,Taylor,Consultant,S16GSAX4CIDY,Globex Inc,Mitigation Measures Required,No Mitigation Needed,No Mitigation Needed,Prohibited Factors,No Mitigation Needed,Threat Briefs,strategy integration solutions research innovation innovation integration integration optimization.,,,77213552,OPP-614123,Adaptive modular solution Project,1317BRU1K5HM,Blue Sun Corp,Initial,DARPA,CDMRP,Canceled,9/25/2024 21:58,zKrELZp MXBYQF biVQdrjVOwWKMmYxWKTQGhkFwarlEIAFeEMHCMMTooDaJqpWvKZOxynApREbrMOAPfESQgUZvmBdzwsSjtdoomhVvNIXaQNQMjVqamaSWHLozgwxapeWjXTnBxXTMHtPOXFcbsDXsIKyByZMfNgr EfhdscuEVWFSji,Not Needed,FAR-based Contract,Pending,,12/13/2024 11:49,6/23/2023 5:21,,proposal_77213552.pdf,person_Taylor.pdf,
2025,SSA-solutions,3724-1804-5344-7280,Susan,,Taylor,Student,EB3Q82NDH2ZA,MomCorp,No Mitigation Needed,Mitigation Measures Required,No Mitigation Needed,Mitigation Measures Required,No Mitigation Needed,Threat Briefs,analysis development deployment research optimization optimization.,,,77213552,OPP-614123,Adaptive modular solution Project,1317BRU1K5HM,Blue Sun Corp,Initial,DARPA,CDMRP,Canceled,9/25/2024 21:58,zKrELZp MXBYQF biVQdrjVOwWKMmYxWKTQGhkFwarlEIAFeEMHCMMTooDaJqpWvKZOxynApREbrMOAPfESQgUZvmBdzwsSjtdoomhVvNIXaQNQMjVqamaSWHLozgwxapeWjXTnBxXTMHtPOXFcbsDXsIKyByZMfNgr EfhdscuEVWFSji,Not Needed,FAR-based Contract,Pending,,12/13/2024 11:49,6/23/2023 5:21,,proposal_77213552.pdf,,
2023,SSA-innovation,8936-7468-4916-2583,David,,Anderson,Student,VWDUSH65P3UT,Wayne Enterprises,Prohibited Factors,Prohibited Factors,Prohibited Factors,Prohibited Factors,Prohibited Factors,Threat Briefs,,,,12443080,OPP-501224,Assimilated tangible parallelism Project,VWDUSH65P3UT,Wayne Enterprises,Initial,USA,DSO,Draft,5/24/2025 18:33,DOlbsLgDZgMQwkQ MNNDzBfGZMrVtOCcKUVJbtmey wXnSdxrmWaBTFLcOiTednkAzDXjcyrbBqlLTlWdqCaArcGlT ,Not Needed,FAR-based Contract,In Negotiation,,,5/2/2025 8:36,,proposal_12443080.pdf,person_Anderson.pdf,review_12443080.docx
2023,SSA-innovation,3676-7476-9924-9756,Peter,,Jones,Co-PI,95C7CBF2RFOV,Acme Corp,Prohibited Factors,Mitigation Measures Required,Prohibited Factors,Mitigation Measures Required,No Mitigation Needed,"Cessation, Increased Reporting",,,,12443080,OPP-501224,Assimilated tangible parallelism Project,VWDUSH65P3UT,Wayne Enterprises,Initial,USA,DSO,Draft,5/24/2025 18:33,DOlbsLgDZgMQwkQ MNNDzBfGZMrVtOCcKUVJbtmey wXnSdxrmWaBTFLcOiTednkAzDXjcyrbBqlLTlWdqCaArcGlT ,Not Needed,FAR-based Contract,In Negotiation,,,5/2/2025 8:36,,proposal_12443080.pdf,,review_12443080.docx
2024,SSA-optimization,9313-1364-2874-9660,Peter,,Smith,Collaborator,VWDUSH65P3UT,Wayne Enterprises,No Mitigation Needed,No Mitigation Needed,Prohibited Factors,Prohibited Factors,Prohibited Factors,"Cessation, Increased Reporting",development solutions deployment solutions research development analysis deployment development integration deployment deployment.,"Cessation, Increased Reporting",strategy integration strategy research deployment synergy research strategy synergy.,34254173,OPP-946935,Configurable value-added system engine Project,95C7CBF2RFOV,Acme Corp,Initial,ACC,DSO,Canceled,9/15/2021 22:00,,Not Needed,Grant,In Negotiation,,1/14/2021 5:27,,9/15/2020 9:51,proposal_34254173.pdf,,
2024,SSA-optimization,5342-2934-7908-4582,David,,Jones,Student,P0BJREZAN0YF,Stark Industries,No Mitigation Needed,Prohibited Factors,Prohibited Factors,Prohibited Factors,Prohibited Factors,,strategy strategy integration integration optimization integration strategy strategy strategy.,"Cessation, Increased Reporting",strategy integration strategy research deployment synergy research strategy synergy.,34254173,OPP-946935,Configurable value-added system engine Project,95C7CBF2RFOV,Acme Corp,Initial,ACC,DSO,Canceled,9/15/2021 22:00,,Not Needed,Grant,In Negotiation,,1/14/2021 5:27,,9/15/2020 9:51,proposal_34254173.pdf,,
2024,SSA-optimization,1031-4233-3498-2165,Mary,,Anderson,PI,VWDUSH65P3UT,Wayne Enterprises,Prohibited Factors,Prohibited Factors,Prohibited Factors,Mitigation Measures Required,No Mitigation Needed,"Cessation, Increased Reporting",research strategy analysis solutions research innovation deployment research development research analysis solutions solutions.,"Cessation, Increased Reporting",strategy integration strategy research deployment synergy research strategy synergy.,34254173,OPP-946935,Configurable value-added system engine Project,95C7CBF2RFOV,Acme Corp,Initial,ACC,DSO,Canceled,9/15/2021 22:00,,Not Needed,Grant,In Negotiation,,1/14/2021 5:27,,9/15/2020 9:51,proposal_34254173.pdf,person_Anderson.pdf,
2024,SSA-optimization,5006-7509-4651-4179,Michael,Patricia,Anderson,Co-PI,P0BJREZAN0YF,Stark Industries,Prohibited Factors,Prohibited Factors,No Mitigation Needed,Mitigation Measures Required,Mitigation Measures Required,"Cessation, Increased Reporting",solutions strategy strategy development integration innovation solutions integration strategy solutions synergy.,"Cessation, Increased Reporting",strategy integration strategy research deployment synergy research strategy synergy.,34254173,OPP-946935,Configurable value-added system engine Project,95C7CBF2RFOV,Acme Corp,Initial,ACC,DSO,Canceled,9/15/2021 22:00,,Not Needed,Grant,In Negotiation,,1/14/2021 5:27,,9/15/2020 9:51,proposal_34254173.pdf,person_Anderson.pdf,
2024,SSA-strategy,9424-6238-3468-6323,Robert,,Miller,PI,CZ5TQAGRDPFT,Tyrell Corp,Prohibited Factors,Prohibited Factors,Mitigation Measures Required,Prohibited Factors,Prohibited Factors,"Cessation, Increased Reporting",solutions synergy synergy synergy analysis strategy strategy research integration.,Threat Briefs,,94466286,OPP-013088,Automated bi-directional pricing structure Project,EB3Q82NDH2ZA,MomCorp,Initial,DTRA,CDMRP,Canceled,8/3/2020 3:11,,Pending,Other Transaction Authority,Declined,,,4/10/2025 18:33,,proposal_94466286.pdf,person_Miller.pdf,
2024,SSA-strategy,7209-9708-3693-3439,Michael,,Moore,PI,EB3Q82NDH2ZA,MomCorp,Mitigation Measures Required,Mitigation Measures Required,Prohibited Factors,No Mitigation Needed,Mitigation Measures Required,"Cessation, Increased Reporting",optimization solutions development research research research deployment synergy research research strategy innovation.,Threat Briefs,,94466286,OPP-013088,Automated bi-directional pricing structure Project,EB3Q82NDH2ZA,MomCorp,Initial,DTRA,CDMRP,Canceled,8/3/2020 3:11,,Pending,Other Transaction Authority,Declined,,,4/10/2025 18:33,,proposal_94466286.pdf,,
2024,SSA-strategy,6106-2475-7344-3226,Linda,,Taylor,Consultant,4K0AW4066EK0,Virtucon,Prohibited Factors,Prohibited Factors,No Mitigation Needed,Prohibited Factors,No Mitigation Needed,,solutions development optimization development synergy deployment solutions synergy innovation research deployment integration innovation.,Threat Briefs,,94466286,OPP-013088,Automated bi-directional pricing structure Project,EB3Q82NDH2ZA,MomCorp,Initial,DTRA,CDMRP,Canceled,8/3/2020 3:11,,Pending,Other Transaction Authority,Declined,,,4/10/2025 18:33,,proposal_94466286.pdf,person_Taylor.pdf,
2024,SSA-strategy,8305-6338-1273-4359,Jane,,Taylor,Student,2GM2D03Z4F45,Omni Consumer Products,No Mitigation Needed,Mitigation Measures Required,No Mitigation Needed,Prohibited Factors,No Mitigation Needed,Threat Briefs,development synergy research strategy solutions integration optimization optimization strategy analysis research research development.,Threat Briefs,,94466286,OPP-013088,Automated bi-directional pricing structure Project,EB3Q82NDH2ZA,MomCorp,Initial,DTRA,CDMRP,Canceled,8/3/2020 3:11,,Pending,Other Transaction Authority,Declined,,,4/10/2025 18:33,,proposal_94466286.pdf,,
2024,SSA-strategy,1250-3427-8548-5434,Jane,Peter,Miller,Collaborator,1317BRU1K5HM,Blue Sun Corp,Mitigation Measures Required,Mitigation Measures Required,Prohibited Factors,No Mitigation Needed,No Mitigation Needed,"Cessation, Increased Reporting",,Threat Briefs,,94466286,OPP-013088,Automated bi-directional pricing structure Project,EB3Q82NDH2ZA,MomCorp,Initial,DTRA,CDMRP,Canceled,8/3/2020 3:11,,Pending,Other Transaction Authority,Declined,,,4/10/2025 18:33,,proposal_94466286.pdf,,
2024,SSA-optimization,3548-1270-1025-6300,Patricia,John,Anderson,Collaborator,8JK40Q30BVHV,Cyberdyne Systems,Mitigation Measures Required,Mitigation Measures Required,Mitigation Measures Required,Prohibited Factors,Prohibited Factors,Threat Briefs,analysis development research research strategy solutions solutions solutions solutions research optimization development solutions integration.,"Cessation, Increased Reporting",,43665378,OPP-419824,Compatible demand-driven workforce Project,4K0AW4066EK0,Virtucon,Mitigation Annual Review,DARPA,I2O,Draft,8/16/2022 3:59,LgTfxdougyvbmZqWzdxtazMfYRynZQGQKCicgEhTUhURpYuAxWNLgBDuHTWtMXFiEYRnWZEaGeXxaLQBNogiOxxPnRqGLLJC OmCbSk,Complete,Other,In Negotiation,,3/28/2025 17:01,8/23/2021 11:32,2/20/2023 19:13,proposal_43665378.pdf,person_Anderson.pdf,review_43665378.docx
2024,SSA-optimization,9586-4824-9787-8619,Linda,,Anderson,PI,1317BRU1K5HM,Blue Sun Corp,Mitigation Measures Required,Prohibited Factors,Mitigation Measures Required,Prohibited Factors,No Mitigation Needed,Threat Briefs,,"Cessation, Increased Reporting",,43665378,OPP-419824,Compatible demand-driven workforce Project,4K0AW4066EK0,Virtucon,Mitigation Annual Review,DARPA,I2O,Draft,8/16/2022 3:59,LgTfxdougyvbmZqWzdxtazMfYRynZQGQKCicgEhTUhURpYuAxWNLgBDuHTWtMXFiEYRnWZEaGeXxaLQBNogiOxxPnRqGLLJC OmCbSk,Complete,Other,In Negotiation,,3/28/2025 17:01,8/23/2021 11:32,2/20/2023 19:13,proposal_43665378.pdf,,review_43665378.docx
2024,SSA-solutions,5260-7018-8099-8748,Susan,Robert,Smith,Consultant,4K0AW4066EK0,Virtucon,No Mitigation Needed,Prohibited Factors,No Mitigation Needed,Prohibited Factors,No Mitigation Needed,"Cessation, Increased Reporting",deployment strategy optimization innovation synergy strategy strategy deployment deployment.,Threat Briefs,synergy strategy research deployment analysis integration synergy strategy.,13271664,OPP-537725,Ameliorated didactic strategy Project,95C7CBF2RFOV,Acme Corp,Initial,ACC,CDMRP,In Progress,7/8/2021 12:17,,Pending,Other Transaction Authority,Pending,,,9/8/2024 18:10,,proposal_13271664.pdf,person_Smith.pdf,
2024,SSA-solutions,9313-1364-2874-9660,Peter,,Smith,Consultant,95C7CBF2RFOV,Acme Corp,No Mitigation Needed,Mitigation Measures Required,No Mitigation Needed,No Mitigation Needed,Mitigation Measures Required,,,Threat Briefs,synergy strategy research deployment analysis integration synergy strategy.,13271664,OPP-537725,Ameliorated didactic strategy Project,95C7CBF2RFOV,Acme Corp,Initial,ACC,CDMRP,In Progress,7/8/2021 12:17,,Pending,Other Transaction Authority,Pending,,,9/8/2024 18:10,,proposal_13271664.pdf,person_Smith.pdf,
2024,SSA-solutions,6666-2150-1318-9273,Michael,David,Williams,Collaborator,S16GSAX4CIDY,Globex Inc,Mitigation Measures Required,No Mitigation Needed,No Mitigation Needed,No Mitigation Needed,No Mitigation Needed,"Cessation, Increased Reporting",research deployment deployment deployment synergy integration research innovation solutions synergy.,Threat Briefs,synergy strategy research deployment analysis integration synergy strategy.,13271664,OPP-537725,Ameliorated didactic strategy Project,95C7CBF2RFOV,Acme Corp,Initial,ACC,CDMRP,In Progress,7/8/2021 12:17,,Pending,Other Transaction Authority,Pending,,,9/8/2024 18:10,,proposal_13271664.pdf,,
2023,SSA-research,3259-2258-9144-5642,Linda,,Wilson,Collaborator,EB3Q82NDH2ZA,MomCorp,Prohibited Factors,Prohibited Factors,No Mitigation Needed,No Mitigation Needed,Mitigation Measures Required,,,,,10392819,OPP-567185,Ameliorated didactic strategy Project,4K0AW4066EK0,Virtucon,Mitigation Annual Review,NGA,DSO,Completed,3/15/2022 23:26,BOUuVPQZoFsekxjzrupjhJmJZQjMfHXXnfoVhFPpfYHZhgvKPUsxzwzLrsOLrhQrPshHkcYeKMGJMkMYSUsLIBGyakaTuSEDEFFDCkQQZMZxUvqCDFXqnENv,Pending,Other Transaction Authority,Awarded,FAIN2378169,7/25/2020 4:15,12/2/2025 13:07,6/27/2023 9:22,proposal_10392819.pdf,,
2023,SSA-research,7058-6482-4903-3575,Susan,David,Miller,Consultant,EB3Q82NDH2ZA,MomCorp,No Mitigation Needed,Prohibited Factors,Prohibited Factors,Mitigation Measures Required,Prohibited Factors,"Cessation, Increased Reporting",integration development development integration synergy synergy research development analysis deployment research integration analysis.,,,10392819,OPP-567185,Ameliorated didactic strategy Project,4K0AW4066EK0,Virtucon,Mitigation Annual Review,NGA,DSO,Completed,3/15/2022 23:26,BOUuVPQZoFsekxjzrupjhJmJZQjMfHXXnfoVhFPpfYHZhgvKPUsxzwzLrsOLrhQrPshHkcYeKMGJMkMYSUsLIBGyakaTuSEDEFFDCkQQZMZxUvqCDFXqnENv,Pending,Other Transaction Authority,Awarded,FAIN2378169,7/25/2020 4:15,12/2/2025 13:07,6/27/2023 9:22,proposal_10392819.pdf,,
2023,SSA-research,2481-7728-4240-5225,Mary,,Brown,Collaborator,P0BJREZAN0YF,Stark Industries,No Mitigation Needed,Prohibited Factors,Prohibited Factors,Prohibited Factors,Mitigation Measures Required,"Cessation, Increased Reporting",,,,10392819,OPP-567185,Ameliorated didactic strategy Project,4K0AW4066EK0,Virtucon,Mitigation Annual Review,NGA,DSO,Completed,3/15/2022 23:26,BOUuVPQZoFsekxjzrupjhJmJZQjMfHXXnfoVhFPpfYHZhgvKPUsxzwzLrsOLrhQrPshHkcYeKMGJMkMYSUsLIBGyakaTuSEDEFFDCkQQZMZxUvqCDFXqnENv,Pending,Other Transaction Authority,Awarded,FAIN2378169,7/25/2020 4:15,12/2/2025 13:07,6/27/2023 9:22,proposal_10392819.pdf,,
2024,SSA-innovation,8603-5590-1153-5798,David,,Wilson,Collaborator,EB3Q82NDH2ZA,MomCorp,Mitigation Measures Required,Mitigation Measures Required,No Mitigation Needed,No Mitigation Needed,No Mitigation Needed,"Cessation, Increased Reporting",,"Cessation, Increased Reporting",development analysis optimization synergy strategy analysis strategy integration deployment development strategy.,41851404,OPP-055323,Assimilated tangible parallelism Project,S16GSAX4CIDY,Globex Inc,Initial,NGA,MSO,Completed,1/26/2023 21:47,,Pending,FAR-based Contract,In Negotiation,,,1/16/2025 23:08,4/19/2023 21:11,proposal_41851404.pdf,,review_41851404.docx
2025,SSA-innovation,9524-6512-3656-5410,Robert,,Moore,Student,P0BJREZAN0YF,Stark Industries,No Mitigation Needed,No Mitigation Needed,Prohibited Factors,Mitigation Measures Required,Mitigation Measures Required,,,Threat Briefs,,80893357,OPP-292464,Ameliorated didactic strategy Project,95C7CBF2RFOV,Acme Corp,Initial,DARPA,MSO,Canceled,1/17/2021 21:23,,Not Needed,FAR-based Contract,Pending,,11/5/2021 16:35,12/10/2020 9:23,12/4/2022 20:06,proposal_80893357.pdf,,review_80893357.docx
2025,SSA-innovation,8291-2539-5590-1671,Jane,,Moore,Consultant,EB3Q82NDH2ZA,MomCorp,Prohibited Factors,No Mitigation Needed,Prohibited Factors,Prohibited Factors,Mitigation Measures Required,"Cessation, Increased Reporting",deployment synergy synergy analysis innovation analysis optimization solutions innovation.,Threat Briefs,,80893357,OPP-292464,Ameliorated didactic strategy Project,95C7CBF2RFOV,Acme Corp,Initial,DARPA,MSO,Canceled,1/17/2021 21:23,,Not Needed,FAR-based Contract,Pending,,11/5/2021 16:35,12/10/2020 9:23,12/4/2022 20:06,proposal_80893357.pdf,,review_80893357.docx
2025,SSA-innovation,6066-9462-5085-9762,Jane,,Jones,Student,4K0AW4066EK0,Virtucon,No Mitigation Needed,No Mitigation Needed,No Mitigation Needed,Mitigation Measures Required,No Mitigation Needed,Threat Briefs,analysis analysis solutions strategy optimization.,Threat Briefs,,80893357,OPP-292464,Ameliorated didactic strategy Project,95C7CBF2RFOV,Acme Corp,Initial,DARPA,MSO,Canceled,1/17/2021 21:23,,Not Needed,FAR-based Contract,Pending,,11/5/2021 16:35,12/10/2020 9:23,12/4/2022 20:06,proposal_80893357.pdf,,review_80893357.docx
2025,SSA-innovation,5449-1918-8071-9289,John,David,Moore,Co-PI,4K0AW4066EK0,Virtucon,Mitigation Measures Required,Mitigation Measures Required,Prohibited Factors,Mitigation Measures Required,No Mitigation Needed,,strategy analysis development synergy integration research integration development strategy innovation optimization synergy synergy synergy innovation.,Threat Briefs,,80893357,OPP-292464,Ameliorated didactic strategy Project,95C7CBF2RFOV,Acme Corp,Initial,DARPA,MSO,Canceled,1/17/2021 21:23,,Not Needed,FAR-based Contract,Pending,,11/5/2021 16:35,12/10/2020 9:23,12/4/2022 20:06,proposal_80893357.pdf,,review_80893357.docx
2025,SSA-innovation,9892-2316-2928-4644,John,,Wilson,Collaborator,8JK40Q30BVHV,Cyberdyne Systems,Prohibited Factors,No Mitigation Needed,Mitigation Measures Required,No Mitigation Needed,Prohibited Factors,Threat Briefs,research deployment research optimization optimization integration synergy analysis optimization deployment strategy.,Threat Briefs,,80893357,OPP-292464,Ameliorated didactic strategy Project,95C7CBF2RFOV,Acme Corp,Initial,DARPA,MSO,Canceled,1/17/2021 21:23,,Not Needed,FAR-based Contract,Pending,,11/5/2021 16:35,12/10/2020 9:23,12/4/2022 20:06,proposal_80893357.pdf,,review_80893357.docx
2023,SSA-innovation,8603-5590-1153-5798,David,,Wilson,Collaborator,P0BJREZAN0YF,Stark Industries,Mitigation Measures Required,Prohibited Factors,No Mitigation Needed,Mitigation Measures Required,No Mitigation Needed,Threat Briefs,,"Cessation, Increased Reporting",integration deployment research solutions analysis deployment synergy integration development optimization strategy innovation analysis.,81043300,OPP-551618,Business-focused client-driven initiative Project,EB3Q82NDH2ZA,MomCorp,Initial,DTRA,DSO,Canceled,4/5/2021 7:38,,Not Needed,Grant,Declined,,10/17/2021 2:29,10/14/2020 1:03,3/16/2021 14:34,proposal_81043300.pdf,person_Wilson.pdf,review_81043300.docx
2023,SSA-innovation,2412-4462-3155-5799,Patricia,,Davis,Co-PI,S16GSAX4CIDY,Globex Inc,No Mitigation Needed,Mitigation Measures Required,No Mitigation Needed,No Mitigation Needed,No Mitigation Needed,,development research strategy optimization integration solutions integration deployment innovation deployment research innovation research analysis.,"Cessation, Increased Reporting",integration deployment research solutions analysis deployment synergy integration development optimization strategy innovation analysis.,81043300,OPP-551618,Business-focused client-driven initiative Project,EB3Q82NDH2ZA,MomCorp,Initial,DTRA,DSO,Canceled,4/5/2021 7:38,,Not Needed,Grant,Declined,,10/17/2021 2:29,10/14/2020 1:03,3/16/2021 14:34,proposal_81043300.pdf,,review_81043300.docx
2023,SSA-innovation,2782-3604-1777-7406,Patricia,Linda,Taylor,Co-PI,EB3Q82NDH2ZA,MomCorp,No Mitigation Needed,No Mitigation Needed,No Mitigation Needed,Mitigation Measures Required,No Mitigation Needed,Threat Briefs,development innovation innovation integration development research deployment.,"Cessation, Increased Reporting",integration deployment research solutions analysis deployment synergy integration development optimization strategy innovation analysis.,81043300,OPP-551618,Business-focused client-driven initiative Project,EB3Q82NDH2ZA,MomCorp,Initial,DTRA,DSO,Canceled,4/5/2021 7:38,,Not Needed,Grant,Declined,,10/17/2021 2:29,10/14/2020 1:03,3/16/2021 14:34,proposal_81043300.pdf,person_Taylor.pdf,review_81043300.docx
2023,SSA-innovation,9524-6512-3656-5410,Robert,,Moore,Student,4K0AW4066EK0,Virtucon,Mitigation Measures Required,Mitigation Measures Required,Mitigation Measures Required,No Mitigation Needed,Prohibited Factors,Threat Briefs,,"Cessation, Increased Reporting",integration deployment research solutions analysis deployment synergy integration development optimization strategy innovation analysis.,81043300,OPP-551618,Business-focused client-driven initiative Project,EB3Q82NDH2ZA,MomCorp,Initial,DTRA,DSO,Canceled,4/5/2021 7:38,,Not Needed,Grant,Declined,,10/17/2021 2:29,10/14/2020 1:03,3/16/2021 14:34,proposal_81043300.pdf,person_Moore.pdf,review_81043300.docx
2023,SSA-innovation,6903-5170-2921-3573,John,Linda,Miller,Student,CZ5TQAGRDPFT,Tyrell Corp,Mitigation Measures Required,Prohibited Factors,Prohibited Factors,Prohibited Factors,Prohibited Factors,Threat Briefs,solutions deployment deployment integration analysis strategy integration.,"Cessation, Increased Reporting",integration deployment research solutions analysis deployment synergy integration development optimization strategy innovation analysis.,81043300,OPP-551618,Business-focused client-driven initiative Project,EB3Q82NDH2ZA,MomCorp,Initial,DTRA,DSO,Canceled,4/5/2021 7:38,,Not Needed,Grant,Declined,,10/17/2021 2:29,10/14/2020 1:03,3/16/2021 14:34,proposal_81043300.pdf,person_Miller.pdf,review_81043300.docx
2025,SSA-research,1821-4676-2980-7386,Patricia,,Moore,PI,EB3Q82NDH2ZA,MomCorp,No Mitigation Needed,Prohibited Factors,No Mitigation Needed,No Mitigation Needed,Prohibited Factors,,,"Cessation, Increased Reporting",analysis research integration solutions integration development integration synergy optimization optimization.,87505160,OPP-046740,Advanced cohesive hardware Project,P0BJREZAN0YF,Stark Industries,Initial,NGA,I2O,Draft,6/10/2025 6:52,iqEwgDLWNTCFKAAbJMsGnbUGJtTSPRZSjzYOJPzXQbFZjWOYSCUGWjfcmGEEuTwEgosRMFeEB TuxBqPRAQhasRcIfVuNZsMOLGcpoyJXsSWnWmCxHMgIKnovIHm TqXkUwGqceZVwhvNRzMhB,Complete,Other,Declined,,,,5/2/2020 19:05,proposal_87505160.pdf,person_Moore.pdf,review_87505160.docx
2025,SSA-research,6011-3541-8756-9276,John,,Anderson,Consultant,4K0AW4066EK0,Virtucon,Mitigation Measures Required,No Mitigation Needed,No Mitigation Needed,Prohibited Factors,Mitigation Measures Required,"Cessation, Increased Reporting",innovation synergy research solutions innovation research optimization innovation research synergy deployment integration deployment.,"Cessation, Increased Reporting",analysis research integration solutions integration development integration synergy optimization optimization.,87505160,OPP-046740,Advanced cohesive hardware Project,P0BJREZAN0YF,Stark Industries,Initial,NGA,I2O,Draft,6/10/2025 6:52,iqEwgDLWNTCFKAAbJMsGnbUGJtTSPRZSjzYOJPzXQbFZjWOYSCUGWjfcmGEEuTwEgosRMFeEB TuxBqPRAQhasRcIfVuNZsMOLGcpoyJXsSWnWmCxHMgIKnovIHm TqXkUwGqceZVwhvNRzMhB,Complete,Other,Declined,,,,5/2/2020 19:05,proposal_87505160.pdf,person_Anderson.pdf,review_87505160.docx
2023,SSA-integration,4162-7428-4491-5919,Peter,,Brown,Student,95C7CBF2RFOV,Acme Corp,Prohibited Factors,Mitigation Measures Required,Mitigation Measures Required,Prohibited Factors,No Mitigation Needed,"Cessation, Increased Reporting",innovation innovation development solutions analysis analysis synergy optimization.,Threat Briefs,synergy synergy research deployment synergy solutions research development development solutions research development synergy strategy deployment.,36091995,OPP-517205,Configurable value-added system engine Project,95C7CBF2RFOV,Acme Corp,Initial,USA,I2O,Draft,8/18/2021 10:22,,Complete,Other Transaction Authority,Declined,,,6/9/2023 10:23,12/13/2024 2:18,proposal_36091995.pdf,person_Brown.pdf,review_36091995.docx
2023,SSA-integration,2782-3604-1777-7406,Patricia,Michael,Taylor,Co-PI,4K0AW4066EK0,Virtucon,Mitigation Measures Required,No Mitigation Needed,Prohibited Factors,No Mitigation Needed,No Mitigation Needed,"Cessation, Increased Reporting",research strategy deployment optimization integration integration synergy innovation research deployment innovation innovation.,Threat Briefs,synergy synergy research deployment synergy solutions research development development solutions research development synergy strategy deployment.,36091995,OPP-517205,Configurable value-added system engine Project,95C7CBF2RFOV,Acme Corp,Initial,USA,I2O,Draft,8/18/2021 10:22,,Complete,Other Transaction Authority,Declined,,,6/9/2023 10:23,12/13/2024 2:18,proposal_36091995.pdf,person_Taylor.pdf,review_36091995.docx
2023,SSA-integration,7902-9517-3520-2799,Linda,,Smith,Consultant,EB3Q82NDH2ZA,MomCorp,No Mitigation Needed,Prohibited Factors,Prohibited Factors,Prohibited Factors,Mitigation Measures Required,Threat Briefs,research optimization integration innovation innovation.,Threat Briefs,synergy synergy research deployment synergy solutions research development development solutions research development synergy strategy deployment.,36091995,OPP-517205,Configurable value-added system engine Project,95C7CBF2RFOV,Acme Corp,Initial,USA,I2O,Draft,8/18/2021 10:22,,Complete,Other Transaction Authority,Declined,,,6/9/2023 10:23,12/13/2024 2:18,proposal_36091995.pdf,person_Smith.pdf,review_36091995.docx
2025,SSA-development,2718-8439-2632-4495,Robert,,Jones,Collaborator,P0BJREZAN0YF,Stark Industries,Mitigation Measures Required,No Mitigation Needed,No Mitigation Needed,Prohibited Factors,Prohibited Factors,,solutions innovation solutions solutions research strategy research strategy.,,,75346114,OPP-475058,Adaptive modular solution Project,P0BJREZAN0YF,Stark Industries,Mitigation Annual Review,DHA,I2O,Canceled,4/22/2025 19:28,oGNveKkfnuIwGCtQRizW,Not Needed,Other,Declined,,10/19/2023 17:38,,3/27/2022 6:09,proposal_75346114.pdf,,review_75346114.docx
2025,SSA-development,3676-7476-9924-9756,Peter,,Jones,PI,CZ5TQAGRDPFT,Tyrell Corp,Prohibited Factors,Mitigation Measures Required,Mitigation Measures Required,Mitigation Measures Required,Mitigation Measures Required,Threat Briefs,,,,75346114,OPP-475058,Adaptive modular solution Project,P0BJREZAN0YF,Stark Industries,Mitigation Annual Review,DHA,I2O,Canceled,4/22/2025 19:28,oGNveKkfnuIwGCtQRizW,Not Needed,Other,Declined,,10/19/2023 17:38,,3/27/2022 6:09,proposal_75346114.pdf,person_Jones.pdf,review_75346114.docx
2024,SSA-solutions,7079-5719-4320-8616,Peter,,Miller,Collaborator,8JK40Q30BVHV,Cyberdyne Systems,Prohibited Factors,Mitigation Measures Required,Mitigation Measures Required,Prohibited Factors,Mitigation Measures Required,Threat Briefs,analysis innovation innovation analysis strategy synergy.,Threat Briefs,,9719480,OPP-215090,Automated bi-directional pricing structure Project,EB3Q82NDH2ZA,MomCorp,Mitigation Annual Review,NGA,I2O,In Progress,2/3/2024 21:44,mKeJKpzGjrjyTUkjSHwMNBFaBuahSCMYfHKECyWsuaxDqfuTubHcXgnrlnqZskXfggxJWYJXGFzHKPqTcSUtGjaWSPhkdWIWYXZbXYvIDjRMUFywelGOiCXGWScCrnNowNEjyyvrdzOrPVhBPYvhZMgfOpClFYJUYxehKyL,Not Needed,Other Transaction Authority,Awarded,FAIN0520785,,,12/10/2024 9:15,proposal_09719480.pdf,,
2024,SSA-solutions,4018-3350-8748-8348,Peter,Peter,Taylor,PI,1317BRU1K5HM,Blue Sun Corp,Prohibited Factors,Mitigation Measures Required,Mitigation Measures Required,Mitigation Measures Required,No Mitigation Needed,,research synergy development analysis solutions deployment integration research optimization strategy strategy development optimization.,Threat Briefs,,9719480,OPP-215090,Automated bi-directional pricing structure Project,EB3Q82NDH2ZA,MomCorp,Mitigation Annual Review,NGA,I2O,In Progress,2/3/2024 21:44,mKeJKpzGjrjyTUkjSHwMNBFaBuahSCMYfHKECyWsuaxDqfuTubHcXgnrlnqZskXfggxJWYJXGFzHKPqTcSUtGjaWSPhkdWIWYXZbXYvIDjRMUFywelGOiCXGWScCrnNowNEjyyvrdzOrPVhBPYvhZMgfOpClFYJUYxehKyL,Not Needed,Other Transaction Authority,Awarded,FAIN0520785,,,12/10/2024 9:15,proposal_09719480.pdf,person_Taylor.pdf,
2024,SSA-solutions,1066-2440-5078-7824,Susan,,Anderson,Student,4K0AW4066EK0,Virtucon,Mitigation Measures Required,Prohibited Factors,No Mitigation Needed,Mitigation Measures Required,Mitigation Measures Required,"Cessation, Increased Reporting",development optimization analysis integration deployment synergy synergy optimization development.,Threat Briefs,,9719480,OPP-215090,Automated bi-directional pricing structure Project,EB3Q82NDH2ZA,MomCorp,Mitigation Annual Review,NGA,I2O,In Progress,2/3/2024 21:44,mKeJKpzGjrjyTUkjSHwMNBFaBuahSCMYfHKECyWsuaxDqfuTubHcXgnrlnqZskXfggxJWYJXGFzHKPqTcSUtGjaWSPhkdWIWYXZbXYvIDjRMUFywelGOiCXGWScCrnNowNEjyyvrdzOrPVhBPYvhZMgfOpClFYJUYxehKyL,Not Needed,Other Transaction Authority,Awarded,FAIN0520785,,,12/10/2024 9:15,proposal_09719480.pdf,,
2024,SSA-solutions,3259-2258-9144-5642,Linda,Peter,Wilson,PI,EB3Q82NDH2ZA,MomCorp,Prohibited Factors,Prohibited Factors,No Mitigation Needed,Mitigation Measures Required,Mitigation Measures Required,"Cessation, Increased Reporting",synergy development analysis innovation synergy strategy innovation.,Threat Briefs,,9719480,OPP-215090,Automated bi-directional pricing structure Project,EB3Q82NDH2ZA,MomCorp,Mitigation Annual Review,NGA,I2O,In Progress,2/3/2024 21:44,mKeJKpzGjrjyTUkjSHwMNBFaBuahSCMYfHKECyWsuaxDqfuTubHcXgnrlnqZskXfggxJWYJXGFzHKPqTcSUtGjaWSPhkdWIWYXZbXYvIDjRMUFywelGOiCXGWScCrnNowNEjyyvrdzOrPVhBPYvhZMgfOpClFYJUYxehKyL,Not Needed,Other Transaction Authority,Awarded,FAIN0520785,,,12/10/2024 9:15,proposal_09719480.pdf,,
2023,SSA-deployment,4712-9564-9492-1032,Peter,,Moore,Consultant,CZ5TQAGRDPFT,Tyrell Corp,No Mitigation Needed,No Mitigation Needed,Mitigation Measures Required,No Mitigation Needed,Prohibited Factors,"Cessation, Increased Reporting",,Threat Briefs,strategy research strategy optimization innovation deployment development integration innovation solutions deployment solutions deployment synergy development.,73539917,OPP-953279,Ameliorated didactic strategy Project,1317BRU1K5HM,Blue Sun Corp,Mitigation Annual Review,INSCOM,CDMRP,Canceled,7/2/2024 3:41,,Pending,Other,Awarded,FAIN9204755,11/15/2020 3:34,8/25/2021 7:45,3/19/2020 21:43,proposal_73539917.pdf,,review_73539917.docx
2023,SSA-deployment,8378-7883-3324-3119,Mary,,Moore,PI,2GM2D03Z4F45,Omni Consumer Products,Prohibited Factors,No Mitigation Needed,Prohibited Factors,No Mitigation Needed,Prohibited Factors,Threat Briefs,optimization synergy integration research deployment.,Threat Briefs,strategy research strategy optimization innovation deployment development integration innovation solutions deployment solutions deployment synergy development.,73539917,OPP-953279,Ameliorated didactic strategy Project,1317BRU1K5HM,Blue Sun Corp,Mitigation Annual Review,INSCOM,CDMRP,Canceled,7/2/2024 3:41,,Pending,Other,Awarded,FAIN9204755,11/15/2020 3:34,8/25/2021 7:45,3/19/2020 21:43,proposal_73539917.pdf,,review_73539917.docx
2023,SSA-deployment,8603-5590-1153-5798,David,,Wilson,Consultant,P0BJREZAN0YF,Stark Industries,Mitigation Measures Required,Mitigation Measures Required,Mitigation Measures Required,Prohibited Factors,Prohibited Factors,"Cessation, Increased Reporting",,Threat Briefs,strategy research strategy optimization innovation deployment development integration innovation solutions deployment solutions deployment synergy development.,73539917,OPP-953279,Ameliorated didactic strategy Project,1317BRU1K5HM,Blue Sun Corp,Mitigation Annual Review,INSCOM,CDMRP,Canceled,7/2/2024 3:41,,Pending,Other,Awarded,FAIN9204755,11/15/2020 3:34,8/25/2021 7:45,3/19/2020 21:43,proposal_73539917.pdf,person_Wilson.pdf,review_73539917.docx
2023,SSA-deployment,5291-6736-7201-8576,Linda,Susan,Moore,Co-PI,CZ5TQAGRDPFT,Tyrell Corp,Mitigation Measures Required,No Mitigation Needed,Mitigation Measures Required,Prohibited Factors,Mitigation Measures Required,,,Threat Briefs,strategy research strategy optimization innovation deployment development integration innovation solutions deployment solutions deployment synergy development.,73539917,OPP-953279,Ameliorated didactic strategy Project,1317BRU1K5HM,Blue Sun Corp,Mitigation Annual Review,INSCOM,CDMRP,Canceled,7/2/2024 3:41,,Pending,Other,Awarded,FAIN9204755,11/15/2020 3:34,8/25/2021 7:45,3/19/2020 21:43,proposal_73539917.pdf,,review_73539917.docx
2023,SSA-optimization,6189-1769-2614-2033,Susan,Michael,Brown,PI,8JK40Q30BVHV,Cyberdyne Systems,Prohibited Factors,No Mitigation Needed,Prohibited Factors,Prohibited Factors,No Mitigation Needed,Threat Briefs,integration solutions synergy innovation strategy strategy analysis analysis solutions research synergy synergy development synergy solutions.,Threat Briefs,,35399680,OPP-196049,Business-focused client-driven initiative Project,P0BJREZAN0YF,Stark Industries,Initial,DHA,CDMRP,Completed,3/27/2024 21:57,,Not Needed,FAR-based Contract,Pending,,,4/17/2023 0:13,10/20/2020 22:49,proposal_35399680.pdf,person_Brown.pdf,review_35399680.docx
2023,SSA-optimization,7728-7119-1585-5278,Patricia,,Jones,Co-PI,2GM2D03Z4F45,Omni Consumer Products,Mitigation Measures Required,Mitigation Measures Required,Mitigation Measures Required,Prohibited Factors,Prohibited Factors,"Cessation, Increased Reporting",optimization integration analysis innovation integration development innovation integration development deployment.,Threat Briefs,,35399680,OPP-196049,Business-focused client-driven initiative Project,P0BJREZAN0YF,Stark Industries,Initial,DHA,CDMRP,Completed,3/27/2024 21:57,,Not Needed,FAR-based Contract,Pending,,,4/17/2023 0:13,10/20/2020 22:49,proposal_35399680.pdf,,review_35399680.docx
2025,SSA-analysis,9818-6881-1670-7498,Linda,Robert,Davis,Collaborator,P0BJREZAN0YF,Stark Industries,Prohibited Factors,No Mitigation Needed,Mitigation Measures Required,Mitigation Measures Required,No Mitigation Needed,,solutions innovation development optimization deployment deployment solutions synergy integration solutions development synergy innovation solutions.,Threat Briefs,integration innovation analysis solutions deployment research.,60774150,OPP-406507,Adaptive modular solution Project,95C7CBF2RFOV,Acme Corp,Initial,DARPA,CDMRP,In Progress,8/28/2022 9:09,qNxXzDjvIZeYtXATgPPkZicJMcrdQgmFi LGccj MubOVlRdbLZqLnTXqntdRljECPVSw,Not Needed,FAR-based Contract,Pending,,9/17/2022 17:49,12/17/2020 14:56,,proposal_60774150.pdf,person_Davis.pdf,
2025,SSA-analysis,9950-1762-8322-8866,Linda,,Williams,Collaborator,VWDUSH65P3UT,Wayne Enterprises,No Mitigation Needed,Prohibited Factors,Mitigation Measures Required,Mitigation Measures Required,Mitigation Measures Required,,solutions innovation innovation analysis optimization research solutions analysis solutions.,Threat Briefs,integration innovation analysis solutions deployment research.,60774150,OPP-406507,Adaptive modular solution Project,95C7CBF2RFOV,Acme Corp,Initial,DARPA,CDMRP,In Progress,8/28/2022 9:09,qNxXzDjvIZeYtXATgPPkZicJMcrdQgmFi LGccj MubOVlRdbLZqLnTXqntdRljECPVSw,Not Needed,FAR-based Contract,Pending,,9/17/2022 17:49,12/17/2020 14:56,,proposal_60774150.pdf,person_Williams.pdf,
2025,SSA-analysis,6743-4763-9778-8814,Robert,,Taylor,Collaborator,P0BJREZAN0YF,Stark Industries,Prohibited Factors,Prohibited Factors,Prohibited Factors,Prohibited Factors,No Mitigation Needed,,,Threat Briefs,integration innovation analysis solutions deployment research.,60774150,OPP-406507,Adaptive modular solution Project,95C7CBF2RFOV,Acme Corp,Initial,DARPA,CDMRP,In Progress,8/28/2022 9:09,qNxXzDjvIZeYtXATgPPkZicJMcrdQgmFi LGccj MubOVlRdbLZqLnTXqntdRljECPVSw,Not Needed,FAR-based Contract,Pending,,9/17/2022 17:49,12/17/2020 14:56,,proposal_60774150.pdf,person_Taylor.pdf,
2024,SSA-innovation,9524-6512-3656-5410,Robert,,Moore,PI,VWDUSH65P3UT,Wayne Enterprises,No Mitigation Needed,Prohibited Factors,No Mitigation Needed,No Mitigation Needed,Mitigation Measures Required,,,,,85186302,OPP-647676,Cloned scalable matrix Project,1317BRU1K5HM,Blue Sun Corp,Mitigation Annual Review,DTRA,CDMRP,Completed,2/8/2025 4:41,kY nFEiIiCuveTmSsROpjbiYXxkqrhyXknWKSuqjIRKeHTquyAYnLGWPppkYQqtybCgdKognjkHvejYTYVnkagDRjbbhdgRrYvOBynwKOxOWozc,Pending,Grant,Declined,,,3/8/2023 9:01,12/24/2022 13:21,proposal_85186302.pdf,person_Moore.pdf,
2024,SSA-innovation,5449-1918-8071-9289,John,Peter,Moore,PI,2GM2D03Z4F45,Omni Consumer Products,No Mitigation Needed,Mitigation Measures Required,No Mitigation Needed,Mitigation Measures Required,Mitigation Measures Required,,deployment strategy strategy synergy strategy innovation strategy integration synergy innovation synergy integration analysis.,,,85186302,OPP-647676,Cloned scalable matrix Project,1317BRU1K5HM,Blue Sun Corp,Mitigation Annual Review,DTRA,CDMRP,Completed,2/8/2025 4:41,kY nFEiIiCuveTmSsROpjbiYXxkqrhyXknWKSuqjIRKeHTquyAYnLGWPppkYQqtybCgdKognjkHvejYTYVnkagDRjbbhdgRrYvOBynwKOxOWozc,Pending,Grant,Declined,,,3/8/2023 9:01,12/24/2022 13:21,proposal_85186302.pdf,,
2024,SSA-innovation,9714-1709-5838-4727,Robert,,Anderson,Co-PI,EB3Q82NDH2ZA,MomCorp,No Mitigation Needed,Mitigation Measures Required,Mitigation Measures Required,No Mitigation Needed,No Mitigation Needed,,development integration optimization synergy analysis strategy strategy optimization.,,,85186302,OPP-647676,Cloned scalable matrix Project,1317BRU1K5HM,Blue Sun Corp,Mitigation Annual Review,DTRA,CDMRP,Completed,2/8/2025 4:41,kY nFEiIiCuveTmSsROpjbiYXxkqrhyXknWKSuqjIRKeHTquyAYnLGWPppkYQqtybCgdKognjkHvejYTYVnkagDRjbbhdgRrYvOBynwKOxOWozc,Pending,Grant,Declined,,,3/8/2023 9:01,12/24/2022 13:21,proposal_85186302.pdf,person_Anderson.pdf,
2024,SSA-innovation,8603-5590-1153-5798,David,,Wilson,Consultant,VWDUSH65P3UT,Wayne Enterprises,Prohibited Factors,Prohibited Factors,Prohibited Factors,Prohibited Factors,No Mitigation Needed,,innovation development analysis analysis synergy.,,,85186302,OPP-647676,Cloned scalable matrix Project,1317BRU1K5HM,Blue Sun Corp,Mitigation Annual Review,DTRA,CDMRP,Completed,2/8/2025 4:41,kY nFEiIiCuveTmSsROpjbiYXxkqrhyXknWKSuqjIRKeHTquyAYnLGWPppkYQqtybCgdKognjkHvejYTYVnkagDRjbbhdgRrYvOBynwKOxOWozc,Pending,Grant,Declined,,,3/8/2023 9:01,12/24/2022 13:21,proposal_85186302.pdf,,
2023,SSA-deployment,9058-1198-1274-2868,David,,Brown,Consultant,95C7CBF2RFOV,Acme Corp,No Mitigation Needed,Mitigation Measures Required,Prohibited Factors,Prohibited Factors,Mitigation Measures Required,Threat Briefs,,,,35716066,OPP-987172,Compatible demand-driven workforce Project,1317BRU1K5HM,Blue Sun Corp,Initial,DTRA,MSO,Canceled,8/25/2023 15:14,,Pending,Other,Declined,,,,8/15/2025 21:57,proposal_35716066.pdf,person_Brown.pdf,review_35716066.docx
2024,SSA-innovation,6637-3966-2365-1403,John,,Jones,Consultant,VWDUSH65P3UT,Wayne Enterprises,No Mitigation Needed,Prohibited Factors,Prohibited Factors,No Mitigation Needed,Mitigation Measures Required,Threat Briefs,innovation strategy solutions synergy solutions analysis optimization optimization deployment deployment research deployment deployment integration analysis.,Threat Briefs,,63258221,OPP-908242,Assimilated tangible parallelism Project,VWDUSH65P3UT,Wayne Enterprises,Mitigation Annual Review,DHA,DSO,In Progress,2/5/2021 4:15,,Complete,FAR-based Contract,Awarded,FAIN4430250,12/3/2024 20:40,,7/18/2025 6:25,proposal_63258221.pdf,person_Jones.pdf,
2024,SSA-innovation,9424-6238-3468-6323,Robert,Linda,Miller,Consultant,EB3Q82NDH2ZA,MomCorp,No Mitigation Needed,Prohibited Factors,No Mitigation Needed,Prohibited Factors,Mitigation Measures Required,,development integration analysis strategy deployment.,Threat Briefs,,63258221,OPP-908242,Assimilated tangible parallelism Project,VWDUSH65P3UT,Wayne Enterprises,Mitigation Annual Review,DHA,DSO,In Progress,2/5/2021 4:15,,Complete,FAR-based Contract,Awarded,FAIN4430250,12/3/2024 20:40,,7/18/2025 6:25,proposal_63258221.pdf,person_Miller.pdf,
2024,SSA-innovation,1320-9747-9272-5744,Michael,,Wilson,Collaborator,1317BRU1K5HM,Blue Sun Corp,No Mitigation Needed,Prohibited Factors,Mitigation Measures Required,Prohibited Factors,No Mitigation Needed,,research analysis integration development deployment deployment strategy analysis.,Threat Briefs,,63258221,OPP-908242,Assimilated tangible parallelism Project,VWDUSH65P3UT,Wayne Enterprises,Mitigation Annual Review,DHA,DSO,In Progress,2/5/2021 4:15,,Complete,FAR-based Contract,Awarded,FAIN4430250,12/3/2024 20:40,,7/18/2025 6:25,proposal_63258221.pdf,person_Wilson.pdf,
2024,SSA-innovation,1250-3427-8548-5434,Jane,,Miller,Co-PI,VWDUSH65P3UT,Wayne Enterprises,Prohibited Factors,Prohibited Factors,No Mitigation Needed,Prohibited Factors,Prohibited Factors,"Cessation, Increased Reporting",synergy optimization development strategy solutions research integration development.,Threat Briefs,,63258221,OPP-908242,Assimilated tangible parallelism Project,VWDUSH65P3UT,Wayne Enterprises,Mitigation Annual Review,DHA,DSO,In Progress,2/5/2021 4:15,,Complete,FAR-based Contract,Awarded,FAIN4430250,12/3/2024 20:40,,7/18/2025 6:25,proposal_63258221.pdf,,
2024,SSA-innovation,7274-7939-3479-9584,John,,Smith,Student,EB3Q82NDH2ZA,MomCorp,No Mitigation Needed,Prohibited Factors,Mitigation Measures Required,Prohibited Factors,Mitigation Measures Required,"Cessation, Increased Reporting",analysis solutions analysis integration innovation optimization development analysis.,Threat Briefs,,63258221,OPP-908242,Assimilated tangible parallelism Project,VWDUSH65P3UT,Wayne Enterprises,Mitigation Annual Review,DHA,DSO,In Progress,2/5/2021 4:15,,Complete,FAR-based Contract,Awarded,FAIN4430250,12/3/2024 20:40,,7/18/2025 6:25,proposal_63258221.pdf,person_Smith.pdf,
2025,SSA-analysis,2553-1903-5850-9269,Susan,,Davis,Student,EB3Q82NDH2ZA,MomCorp,Mitigation Measures Required,Mitigation Measures Required,Mitigation Measures Required,Mitigation Measures Required,No Mitigation Needed,Threat Briefs,,Threat Briefs,integration synergy research integration analysis deployment analysis solutions deployment synergy.,19236098,OPP-840192,Business-focused client-driven initiative Project,EB3Q82NDH2ZA,MomCorp,Mitigation Annual Review,ACC,MSO,Canceled,1/20/2021 18:06,duNrZbQSyFuuaaOkjIOZWBIRodnnqeXeKQqNGUt DOHEGYSjZlcrFIgchEHRKXTuspWjOexrmNbpUkwxgikHazpxbJYFvNyErOTgwoqyOnuyfDNHNYzinY kdfiLoomIWKtPZJfxqhRdnyPRVKmytyGoeqwOzulYp vkfouDlHCjN,Pending,FAR-based Contract,Awarded,FAIN8599815,1/21/2025 7:43,2/7/2022 12:22,1/24/2021 22:48,proposal_19236098.pdf,,
2025,SSA-analysis,7209-9708-3693-3439,Michael,,Moore,Student,8JK40Q30BVHV,Cyberdyne Systems,Mitigation Measures Required,No Mitigation Needed,No Mitigation Needed,Prohibited Factors,No Mitigation Needed,Threat Briefs,strategy development solutions synergy solutions development optimization optimization.,Threat Briefs,integration synergy research integration analysis deployment analysis solutions deployment synergy.,19236098,OPP-840192,Business-focused client-driven initiative Project,EB3Q82NDH2ZA,MomCorp,Mitigation Annual Review,ACC,MSO,Canceled,1/20/2021 18:06,duNrZbQSyFuuaaOkjIOZWBIRodnnqeXeKQqNGUt DOHEGYSjZlcrFIgchEHRKXTuspWjOexrmNbpUkwxgikHazpxbJYFvNyErOTgwoqyOnuyfDNHNYzinY kdfiLoomIWKtPZJfxqhRdnyPRVKmytyGoeqwOzulYp vkfouDlHCjN,Pending,FAR-based Contract,Awarded,FAIN8599815,1/21/2025 7:43,2/7/2022 12:22,1/24/2021 22:48,proposal_19236098.pdf,,
2025,SSA-analysis,8305-6338-1273-4359,Jane,,Taylor,Collaborator,1317BRU1K5HM,Blue Sun Corp,Mitigation Measures Required,Mitigation Measures Required,No Mitigation Needed,No Mitigation Needed,Prohibited Factors,"Cessation, Increased Reporting",integration research strategy solutions innovation solutions.,Threat Briefs,integration synergy research integration analysis deployment analysis solutions deployment synergy.,19236098,OPP-840192,Business-focused client-driven initiative Project,EB3Q82NDH2ZA,MomCorp,Mitigation Annual Review,ACC,MSO,Canceled,1/20/2021 18:06,duNrZbQSyFuuaaOkjIOZWBIRodnnqeXeKQqNGUt DOHEGYSjZlcrFIgchEHRKXTuspWjOexrmNbpUkwxgikHazpxbJYFvNyErOTgwoqyOnuyfDNHNYzinY kdfiLoomIWKtPZJfxqhRdnyPRVKmytyGoeqwOzulYp vkfouDlHCjN,Pending,FAR-based Contract,Awarded,FAIN8599815,1/21/2025 7:43,2/7/2022 12:22,1/24/2021 22:48,proposal_19236098.pdf,person_Taylor.pdf,
2024,SSA-development,6011-3541-8756-9276,John,Patricia,Anderson,Collaborator,2GM2D03Z4F45,Omni Consumer Products,Mitigation Measures Required,Mitigation Measures Required,Prohibited Factors,Prohibited Factors,Mitigation Measures Required,,analysis integration research innovation research synergy strategy innovation.,"Cessation, Increased Reporting",integration optimization analysis solutions strategy analysis.,41721837,OPP-315206,Cloned scalable matrix Project,P0BJREZAN0YF,Stark Industries,Initial,ACC,TTO,Draft,1/3/2021 21:24,,Pending,FAR-based Contract,Declined,,1/27/2022 20:41,3/15/2025 16:23,3/21/2023 7:56,proposal_41721837.pdf,person_Anderson.pdf,review_41721837.docx
2024,SSA-development,3111-4164-8839-9729,Jane,,Smith,PI,P0BJREZAN0YF,Stark Industries,No Mitigation Needed,No Mitigation Needed,Prohibited Factors,Prohibited Factors,No Mitigation Needed,Threat Briefs,,"Cessation, Increased Reporting",integration optimization analysis solutions strategy analysis.,41721837,OPP-315206,Cloned scalable matrix Project,P0BJREZAN0YF,Stark Industries,Initial,ACC,TTO,Draft,1/3/2021 21:24,,Pending,FAR-based Contract,Declined,,1/27/2022 20:41,3/15/2025 16:23,3/21/2023 7:56,proposal_41721837.pdf,person_Smith.pdf,review_41721837.docx
2024,SSA-development,1031-4233-3498-2165,Mary,Jane,Anderson,Consultant,2GM2D03Z4F45,Omni Consumer Products,No Mitigation Needed,Mitigation Measures Required,Mitigation Measures Required,Mitigation Measures Required,Mitigation Measures Required,"Cessation, Increased Reporting",,"Cessation, Increased Reporting",integration optimization analysis solutions strategy analysis.,41721837,OPP-315206,Cloned scalable matrix Project,P0BJREZAN0YF,Stark Industries,Initial,ACC,TTO,Draft,1/3/2021 21:24,,Pending,FAR-based Contract,Declined,,1/27/2022 20:41,3/15/2025 16:23,3/21/2023 7:56,proposal_41721837.pdf,,review_41721837.docx
2024,SSA-development,8844-7848-6085-7597,Michael,,Smith,Co-PI,2GM2D03Z4F45,Omni Consumer Products,Prohibited Factors,Prohibited Factors,Prohibited Factors,Mitigation Measures Required,No Mitigation Needed,,,"Cessation, Increased Reporting",integration optimization analysis solutions strategy analysis.,41721837,OPP-315206,Cloned scalable matrix Project,P0BJREZAN0YF,Stark Industries,Initial,ACC,TTO,Draft,1/3/2021 21:24,,Pending,FAR-based Contract,Declined,,1/27/2022 20:41,3/15/2025 16:23,3/21/2023 7:56,proposal_41721837.pdf,,review_41721837.docx
2025,SSA-synergy,2412-4462-3155-5799,Patricia,,Davis,Consultant,EB3Q82NDH2ZA,MomCorp,Prohibited Factors,Mitigation Measures Required,No Mitigation Needed,Mitigation Measures Required,Mitigation Measures Required,"Cessation, Increased Reporting",,"Cessation, Increased Reporting",,59438189,OPP-765984,Cross-platform multimedia project Project,CZ5TQAGRDPFT,Tyrell Corp,Mitigation Annual Review,DTRA,I2O,Canceled,10/10/2023 20:55,wVPiigBp IuHJByiVXrSuQfCkycBqOmXkPNQwqUBpinFlCOpdMJRgQakxENIrWwPYFBFtryRNbBEfghVrsVGonMeH NvoXGQHRuihxauSnBEYrNlekR sRewBEZGAdvbnprQrsyBuCzEDhxdZQEbMhyVxWEsqquPChTyiKRwulmq jCl,Not Needed,Grant,Awarded,FAIN6828627,11/26/2021 12:47,7/8/2023 23:23,,proposal_59438189.pdf,person_Davis.pdf,review_59438189.docx
2025,SSA-synergy,2752-3991-9420-1857,Jane,Jane,Davis,Student,4K0AW4066EK0,Virtucon,Mitigation Measures Required,Mitigation Measures Required,Mitigation Measures Required,No Mitigation Needed,No Mitigation Needed,Threat Briefs,synergy research synergy integration strategy analysis synergy development innovation analysis.,"Cessation, Increased Reporting",,59438189,OPP-765984,Cross-platform multimedia project Project,CZ5TQAGRDPFT,Tyrell Corp,Mitigation Annual Review,DTRA,I2O,Canceled,10/10/2023 20:55,wVPiigBp IuHJByiVXrSuQfCkycBqOmXkPNQwqUBpinFlCOpdMJRgQakxENIrWwPYFBFtryRNbBEfghVrsVGonMeH NvoXGQHRuihxauSnBEYrNlekR sRewBEZGAdvbnprQrsyBuCzEDhxdZQEbMhyVxWEsqquPChTyiKRwulmq jCl,Not Needed,Grant,Awarded,FAIN6828627,11/26/2021 12:47,7/8/2023 23:23,,proposal_59438189.pdf,,review_59438189.docx
2025,SSA-synergy,5467-3152-7073-9265,Mary,,Wilson,PI,VWDUSH65P3UT,Wayne Enterprises,Prohibited Factors,Mitigation Measures Required,Prohibited Factors,Mitigation Measures Required,Prohibited Factors,"Cessation, Increased Reporting",development strategy deployment research research solutions deployment deployment integration.,"Cessation, Increased Reporting",,59438189,OPP-765984,Cross-platform multimedia project Project,CZ5TQAGRDPFT,Tyrell Corp,Mitigation Annual Review,DTRA,I2O,Canceled,10/10/2023 20:55,wVPiigBp IuHJByiVXrSuQfCkycBqOmXkPNQwqUBpinFlCOpdMJRgQakxENIrWwPYFBFtryRNbBEfghVrsVGonMeH NvoXGQHRuihxauSnBEYrNlekR sRewBEZGAdvbnprQrsyBuCzEDhxdZQEbMhyVxWEsqquPChTyiKRwulmq jCl,Not Needed,Grant,Awarded,FAIN6828627,11/26/2021 12:47,7/8/2023 23:23,,proposal_59438189.pdf,,review_59438189.docx
2023,SSA-innovation,9586-4824-9787-8619,Linda,Robert,Anderson,PI,EB3Q82NDH2ZA,MomCorp,No Mitigation Needed,Prohibited Factors,No Mitigation Needed,Prohibited Factors,Prohibited Factors,Threat Briefs,analysis deployment strategy analysis development solutions analysis integration optimization integration optimization.,"Cessation, Increased Reporting",research optimization innovation solutions research integration strategy.,20846044,OPP-421617,Cloned scalable matrix Project,95C7CBF2RFOV,Acme Corp,Initial,DTRA,DSO,Canceled,5/28/2020 13:01,aHcoTbWlDImWPqvUkmWlJIXoEdaWabhU YmuVNAHfJonSsISJsXOsatOhfSTxBztXNJHAzkhOxjJcEhKCmZBcLnEdtiKLerpIlOMcSJBYkTFatsNevFnodzwXWhov smMqzdDUeLHSCrbwFgXyhs,Not Needed,Other,Pending,,,2/19/2025 5:54,2/13/2022 19:38,proposal_20846044.pdf,,
2024,SSA-innovation,2553-1903-5850-9269,Susan,,Davis,PI,95C7CBF2RFOV,Acme Corp,Mitigation Measures Required,Prohibited Factors,Prohibited Factors,Prohibited Factors,No Mitigation Needed,,analysis innovation deployment synergy deployment solutions deployment solutions innovation strategy synergy analysis development.,,,94970538,OPP-199600,Business-focused client-driven initiative Project,8JK40Q30BVHV,Cyberdyne Systems,Mitigation Annual Review,DTRA,DSO,Completed,4/1/2025 21:35,CUekHsEvZqeSohSzSFuCnfnSPqXftV,Not Needed,Other Transaction Authority,In Negotiation,,,3/17/2022 20:21,,proposal_94970538.pdf,,
2024,SSA-innovation,3259-2258-9144-5642,Linda,,Wilson,PI,S16GSAX4CIDY,Globex Inc,Prohibited Factors,No Mitigation Needed,Mitigation Measures Required,Mitigation Measures Required,Mitigation Measures Required,,deployment development deployment innovation analysis deployment synergy strategy research deployment analysis integration synergy.,,,94970538,OPP-199600,Business-focused client-driven initiative Project,8JK40Q30BVHV,Cyberdyne Systems,Mitigation Annual Review,DTRA,DSO,Completed,4/1/2025 21:35,CUekHsEvZqeSohSzSFuCnfnSPqXftV,Not Needed,Other Transaction Authority,In Negotiation,,,3/17/2022 20:21,,proposal_94970538.pdf,person_Wilson.pdf,
2024,SSA-innovation,6426-6062-5484-2188,Jane,,Wilson,Co-PI,VWDUSH65P3UT,Wayne Enterprises,Mitigation Measures Required,Mitigation Measures Required,Mitigation Measures Required,No Mitigation Needed,Mitigation Measures Required,"Cessation, Increased Reporting",analysis innovation synergy solutions optimization strategy solutions research development.,,,94970538,OPP-199600,Business-focused client-driven initiative Project,8JK40Q30BVHV,Cyberdyne Systems,Mitigation Annual Review,DTRA,DSO,Completed,4/1/2025 21:35,CUekHsEvZqeSohSzSFuCnfnSPqXftV,Not Needed,Other Transaction Authority,In Negotiation,,,3/17/2022 20:21,,proposal_94970538.pdf,person_Wilson.pdf,
2024,SSA-innovation,7368-9539-7504-1401,John,,Davis,PI,4K0AW4066EK0,Virtucon,Prohibited Factors,No Mitigation Needed,No Mitigation Needed,No Mitigation Needed,Prohibited Factors,Threat Briefs,,,,94970538,OPP-199600,Business-focused client-driven initiative Project,8JK40Q30BVHV,Cyberdyne Systems,Mitigation Annual Review,DTRA,DSO,Completed,4/1/2025 21:35,CUekHsEvZqeSohSzSFuCnfnSPqXftV,Not Needed,Other Transaction Authority,In Negotiation,,,3/17/2022 20:21,,proposal_94970538.pdf,person_Davis.pdf,
2024,SSA-innovation,9313-1364-2874-9660,Peter,Robert,Smith,Consultant,P0BJREZAN0YF,Stark Industries,No Mitigation Needed,No Mitigation Needed,No Mitigation Needed,Mitigation Measures Required,Mitigation Measures Required,"Cessation, Increased Reporting",,,,94970538,OPP-199600,Business-focused client-driven initiative Project,8JK40Q30BVHV,Cyberdyne Systems,Mitigation Annual Review,DTRA,DSO,Completed,4/1/2025 21:35,CUekHsEvZqeSohSzSFuCnfnSPqXftV,Not Needed,Other Transaction Authority,In Negotiation,,,3/17/2022 20:21,,proposal_94970538.pdf,person_Smith.pdf,
2025,SSA-synergy,8291-2539-5590-1671,Jane,Jane,Moore,Collaborator,CZ5TQAGRDPFT,Tyrell Corp,Mitigation Measures Required,No Mitigation Needed,Prohibited Factors,Prohibited Factors,Mitigation Measures Required,,integration optimization innovation deployment research development solutions analysis development integration development.,,,33002323,OPP-557525,Advanced cohesive hardware Project,CZ5TQAGRDPFT,Tyrell Corp,Mitigation Annual Review,ACC,CDMRP,Draft,6/7/2021 11:51,,Not Needed,Other,Awarded,FAIN7204524,,9/18/2025 4:19,9/13/2024 17:43,proposal_33002323.pdf,person_Moore.pdf,review_33002323.docx
2025,SSA-synergy,8574-6986-6758-6133,Michael,,Jones,PI,P0BJREZAN0YF,Stark Industries,Mitigation Measures Required,Prohibited Factors,No Mitigation Needed,Mitigation Measures Required,No Mitigation Needed,"Cessation, Increased Reporting",,,,33002323,OPP-557525,Advanced cohesive hardware Project,CZ5TQAGRDPFT,Tyrell Corp,Mitigation Annual Review,ACC,CDMRP,Draft,6/7/2021 11:51,,Not Needed,Other,Awarded,FAIN7204524,,9/18/2025 4:19,9/13/2024 17:43,proposal_33002323.pdf,person_Jones.pdf,review_33002323.docx
2024,SSA-analysis,2704-5496-8890-3368,Jane,,Brown,Consultant,2GM2D03Z4F45,Omni Consumer Products,No Mitigation Needed,Mitigation Measures Required,Prohibited Factors,Mitigation Measures Required,No Mitigation Needed,"Cessation, Increased Reporting",strategy deployment solutions optimization research solutions innovation development development optimization innovation strategy integration solutions.,Threat Briefs,,29426369,OPP-367663,Assimilated tangible parallelism Project,CZ5TQAGRDPFT,Tyrell Corp,Initial,NGA,DSO,In Progress,6/7/2022 0:41,xEXJbvOlxHpwzwBpTxZOMGqudjJYUOLXeSaXcWnEcIAfHdhrxTsyJECfCpNmtpAhSrXRTskhJIyLvQNpwwoeiz VhwfwrLpBFVwtRVzBexFiYMGHShZlEJZnhtCUe ,Pending,CRADA,In Negotiation,,7/6/2024 6:01,11/5/2024 6:12,6/14/2023 3:59,proposal_29426369.pdf,person_Brown.pdf,
2024,SSA-analysis,6426-6062-5484-2188,Jane,,Wilson,Co-PI,1317BRU1K5HM,Blue Sun Corp,No Mitigation Needed,Prohibited Factors,Prohibited Factors,Prohibited Factors,No Mitigation Needed,Threat Briefs,analysis synergy deployment development synergy integration research research.,Threat Briefs,,29426369,OPP-367663,Assimilated tangible parallelism Project,CZ5TQAGRDPFT,Tyrell Corp,Initial,NGA,DSO,In Progress,6/7/2022 0:41,xEXJbvOlxHpwzwBpTxZOMGqudjJYUOLXeSaXcWnEcIAfHdhrxTsyJECfCpNmtpAhSrXRTskhJIyLvQNpwwoeiz VhwfwrLpBFVwtRVzBexFiYMGHShZlEJZnhtCUe ,Pending,CRADA,In Negotiation,,7/6/2024 6:01,11/5/2024 6:12,6/14/2023 3:59,proposal_29426369.pdf,,
2024,SSA-analysis,1821-4676-2980-7386,Patricia,John,Moore,Student,CZ5TQAGRDPFT,Tyrell Corp,No Mitigation Needed,Prohibited Factors,No Mitigation Needed,Prohibited Factors,No Mitigation Needed,,,Threat Briefs,,29426369,OPP-367663,Assimilated tangible parallelism Project,CZ5TQAGRDPFT,Tyrell Corp,Initial,NGA,DSO,In Progress,6/7/2022 0:41,xEXJbvOlxHpwzwBpTxZOMGqudjJYUOLXeSaXcWnEcIAfHdhrxTsyJECfCpNmtpAhSrXRTskhJIyLvQNpwwoeiz VhwfwrLpBFVwtRVzBexFiYMGHShZlEJZnhtCUe ,Pending,CRADA,In Negotiation,,7/6/2024 6:01,11/5/2024 6:12,6/14/2023 3:59,proposal_29426369.pdf,person_Moore.pdf,
2024,SSA-analysis,7405-9354-2947-4642,Patricia,,Wilson,Student,S16GSAX4CIDY,Globex Inc,Prohibited Factors,Prohibited Factors,No Mitigation Needed,Prohibited Factors,Mitigation Measures Required,Threat Briefs,,Threat Briefs,,29426369,OPP-367663,Assimilated tangible parallelism Project,CZ5TQAGRDPFT,Tyrell Corp,Initial,NGA,DSO,In Progress,6/7/2022 0:41,xEXJbvOlxHpwzwBpTxZOMGqudjJYUOLXeSaXcWnEcIAfHdhrxTsyJECfCpNmtpAhSrXRTskhJIyLvQNpwwoeiz VhwfwrLpBFVwtRVzBexFiYMGHShZlEJZnhtCUe ,Pending,CRADA,In Negotiation,,7/6/2024 6:01,11/5/2024 6:12,6/14/2023 3:59,proposal_29426369.pdf,,
2024,SSA-analysis,4462-1616-6771-6458,Peter,,Davis,Co-PI,S16GSAX4CIDY,Globex Inc,Mitigation Measures Required,Mitigation Measures Required,Prohibited Factors,Mitigation Measures Required,Mitigation Measures Required,,,Threat Briefs,,29426369,OPP-367663,Assimilated tangible parallelism Project,CZ5TQAGRDPFT,Tyrell Corp,Initial,NGA,DSO,In Progress,6/7/2022 0:41,xEXJbvOlxHpwzwBpTxZOMGqudjJYUOLXeSaXcWnEcIAfHdhrxTsyJECfCpNmtpAhSrXRTskhJIyLvQNpwwoeiz VhwfwrLpBFVwtRVzBexFiYMGHShZlEJZnhtCUe ,Pending,CRADA,In Negotiation,,7/6/2024 6:01,11/5/2024 6:12,6/14/2023 3:59,proposal_29426369.pdf,person_Davis.pdf,
2023,SSA-integration,3721-3731-4798-8779,Susan,,Jones,Student,S16GSAX4CIDY,Globex Inc,No Mitigation Needed,Mitigation Measures Required,Mitigation Measures Required,No Mitigation Needed,No Mitigation Needed,,,"Cessation, Increased Reporting",,77140638,OPP-794078,Configurable value-added system engine Project,4K0AW4066EK0,Virtucon,Initial,INSCOM,TTO,Draft,5/28/2021 0:14,,Pending,Other,Declined,,,,4/16/2024 1:28,proposal_77140638.pdf,,
2023,SSA-integration,9058-1198-1274-2868,David,,Brown,Student,VWDUSH65P3UT,Wayne Enterprises,Mitigation Measures Required,Mitigation Measures Required,Prohibited Factors,Mitigation Measures Required,Prohibited Factors,Threat Briefs,,"Cessation, Increased Reporting",,77140638,OPP-794078,Configurable value-added system engine Project,4K0AW4066EK0,Virtucon,Initial,INSCOM,TTO,Draft,5/28/2021 0:14,,Pending,Other,Declined,,,,4/16/2024 1:28,proposal_77140638.pdf,person_Brown.pdf,
2023,SSA-integration,3624-2474-4256-1521,David,Mary,Williams,Collaborator,GPRNIQNEVV2F,MomCorp,Mitigation Measures Required,No Mitigation Needed,No Mitigation Needed,Mitigation Measures Required,Mitigation Measures Required,"Cessation, Increased Reporting",,"Cessation, Increased Reporting",,77140638,OPP-794078,Configurable value-added system engine Project,4K0AW4066EK0,Virtucon,Initial,INSCOM,TTO,Draft,5/28/2021 0:14,,Pending,Other,Declined,,,,4/16/2024 1:28,proposal_77140638.pdf,person_Williams.pdf,
2023,SSA-integration,2104-2178-8021-8947,David,Patricia,Taylor,Student,8JK40Q30BVHV,Cyberdyne Systems,Prohibited Factors,No Mitigation Needed,Prohibited Factors,No Mitigation Needed,Prohibited Factors,,integration integration development strategy analysis deployment innovation deployment analysis.,"Cessation, Increased Reporting",,77140638,OPP-794078,Configurable value-added system engine Project,4K0AW4066EK0,Virtucon,Initial,INSCOM,TTO,Draft,5/28/2021 0:14,,Pending,Other,Declined,,,,4/16/2024 1:28,proposal_77140638.pdf,person_Taylor.pdf,
2023,SSA-innovation,2718-8439-2632-4495,Robert,,Jones,PI,2GM2D03Z4F45,Omni Consumer Products,Mitigation Measures Required,No Mitigation Needed,Mitigation Measures Required,Mitigation Measures Required,Prohibited Factors,"Cessation, Increased Reporting",strategy synergy integration deployment integration strategy development.,,,62000263,OPP-552535,Configurable value-added system engine Project,EB3Q82NDH2ZA,MomCorp,Mitigation Annual Review,USA,CDMRP,Canceled,12/4/2024 10:50,HJBlbeoueAFJtWdugDcpgHErImOgTYfSiJcZGbSvQMEmoUbWIKoFRRziGpTVzVZNQkqdIqXfJBTBfYOqi zojPRzwpdZrnXcsuTAqHYWmoDeCNetoClwZFdNIvzjrmaxRtSNajFIOFQWObpHwtgjMmFIULLNPbrQu,Complete,Other,Pending,,10/14/2020 19:18,3/5/2021 8:18,,proposal_62000263.pdf,,
2023,SSA-innovation,3658-7489-4481-2249,Robert,,Williams,PI,H8KRVP5BLZ1U,MomCorp,Mitigation Measures Required,Mitigation Measures Required,Mitigation Measures Required,Mitigation Measures Required,No Mitigation Needed,"Cessation, Increased Reporting",innovation solutions optimization innovation research deployment integration development deployment.,,,62000263,OPP-552535,Configurable value-added system engine Project,EB3Q82NDH2ZA,MomCorp,Mitigation Annual Review,USA,CDMRP,Canceled,12/4/2024 10:50,HJBlbeoueAFJtWdugDcpgHErImOgTYfSiJcZGbSvQMEmoUbWIKoFRRziGpTVzVZNQkqdIqXfJBTBfYOqi zojPRzwpdZrnXcsuTAqHYWmoDeCNetoClwZFdNIvzjrmaxRtSNajFIOFQWObpHwtgjMmFIULLNPbrQu,Complete,Other,Pending,,10/14/2020 19:18,3/5/2021 8:18,,proposal_62000263.pdf,,
2023,SSA-innovation,2412-4462-3155-5799,Patricia,Linda,Davis,Collaborator,CZ5TQAGRDPFT,Tyrell Corp,No Mitigation Needed,No Mitigation Needed,Prohibited Factors,Mitigation Measures Required,Prohibited Factors,Threat Briefs,strategy solutions research analysis optimization solutions synergy optimization.,,,62000263,OPP-552535,Configurable value-added system engine Project,EB3Q82NDH2ZA,MomCorp,Mitigation Annual Review,USA,CDMRP,Canceled,12/4/2024 10:50,HJBlbeoueAFJtWdugDcpgHErImOgTYfSiJcZGbSvQMEmoUbWIKoFRRziGpTVzVZNQkqdIqXfJBTBfYOqi zojPRzwpdZrnXcsuTAqHYWmoDeCNetoClwZFdNIvzjrmaxRtSNajFIOFQWObpHwtgjMmFIULLNPbrQu,Complete,Other,Pending,,10/14/2020 19:18,3/5/2021 8:18,,proposal_62000263.pdf,person_Davis.pdf,
2024,SSA-innovation,3111-4164-8839-9729,Jane,,Smith,Co-PI,1317BRU1K5HM,Blue Sun Corp,Mitigation Measures Required,Mitigation Measures Required,Mitigation Measures Required,Prohibited Factors,No Mitigation Needed,"Cessation, Increased Reporting",,Threat Briefs,,19995490,OPP-845132,Adaptive modular solution Project,S16GSAX4CIDY,Globex Inc,Initial,USA,CDMRP,Draft,10/10/2020 10:37,OerbDHXiTlwXEs OrIEjKYizpmGUeNoUKrtULcNNTKVGjKIFxrJTbyfkCXfjXdDvaHlcdIAWcEWnovxbigiJDTimXyYIWcsgj,Complete,CRADA,Declined,,11/2/2023 6:01,6/19/2024 11:10,2/6/2021 19:02,proposal_19995490.pdf,person_Smith.pdf,
2024,SSA-innovation,6066-9462-5085-9762,Jane,,Jones,Student,S16GSAX4CIDY,Globex Inc,Prohibited Factors,Prohibited Factors,No Mitigation Needed,Prohibited Factors,Prohibited Factors,"Cessation, Increased Reporting",,Threat Briefs,,19995490,OPP-845132,Adaptive modular solution Project,S16GSAX4CIDY,Globex Inc,Initial,USA,CDMRP,Draft,10/10/2020 10:37,OerbDHXiTlwXEs OrIEjKYizpmGUeNoUKrtULcNNTKVGjKIFxrJTbyfkCXfjXdDvaHlcdIAWcEWnovxbigiJDTimXyYIWcsgj,Complete,CRADA,Declined,,11/2/2023 6:01,6/19/2024 11:10,2/6/2021 19:02,proposal_19995490.pdf,,
2024,SSA-innovation,3624-2474-4256-1521,David,,Williams,Collaborator,S16GSAX4CIDY,Globex Inc,No Mitigation Needed,Mitigation Measures Required,Prohibited Factors,Prohibited Factors,Mitigation Measures Required,Threat Briefs,,Threat Briefs,,19995490,OPP-845132,Adaptive modular solution Project,S16GSAX4CIDY,Globex Inc,Initial,USA,CDMRP,Draft,10/10/2020 10:37,OerbDHXiTlwXEs OrIEjKYizpmGUeNoUKrtULcNNTKVGjKIFxrJTbyfkCXfjXdDvaHlcdIAWcEWnovxbigiJDTimXyYIWcsgj,Complete,CRADA,Declined,,11/2/2023 6:01,6/19/2024 11:10,2/6/2021 19:02,proposal_19995490.pdf,,
2023,SSA-research,6066-9462-5085-9762,Jane,,Jones,Student,VWDUSH65P3UT,Wayne Enterprises,Mitigation Measures Required,Prohibited Factors,No Mitigation Needed,Mitigation Measures Required,No Mitigation Needed,,integration synergy integration solutions analysis integration innovation solutions research development solutions deployment synergy integration.,Threat Briefs,,48253501,OPP-956542,Advanced cohesive hardware Project,95C7CBF2RFOV,Acme Corp,Mitigation Annual Review,ACC,TTO,Completed,7/26/2024 15:23,sdxHbpEnlEcmSna RpZsNjihZAX wm XIhmihucggssJCoIZ,Complete,CRADA,Awarded,FAIN7231023,,,8/16/2024 8:49,proposal_48253501.pdf,person_Jones.pdf,
2023,SSA-research,6969-3078-2618-4315,Susan,,Moore,Collaborator,EB3Q82NDH2ZA,MomCorp,Prohibited Factors,Mitigation Measures Required,Mitigation Measures Required,Mitigation Measures Required,Mitigation Measures Required,,synergy research strategy analysis development integration deployment strategy integration analysis development integration research innovation.,Threat Briefs,,48253501,OPP-956542,Advanced cohesive hardware Project,95C7CBF2RFOV,Acme Corp,Mitigation Annual Review,ACC,TTO,Completed,7/26/2024 15:23,sdxHbpEnlEcmSna RpZsNjihZAX wm XIhmihucggssJCoIZ,Complete,CRADA,Awarded,FAIN7231023,,,8/16/2024 8:49,proposal_48253501.pdf,person_Moore.pdf,
2023,SSA-research,8300-2363-5827-8407,Jane,John,Williams,Collaborator,DV1ELPAT5OV9,Stark Industries,No Mitigation Needed,Mitigation Measures Required,Mitigation Measures Required,Mitigation Measures Required,No Mitigation Needed,"Cessation, Increased Reporting",synergy analysis optimization synergy integration innovation synergy synergy innovation.,Threat Briefs,,48253501,OPP-956542,Advanced cohesive hardware Project,95C7CBF2RFOV,Acme Corp,Mitigation Annual Review,ACC,TTO,Completed,7/26/2024 15:23,sdxHbpEnlEcmSna RpZsNjihZAX wm XIhmihucggssJCoIZ,Complete,CRADA,Awarded,FAIN7231023,,,8/16/2024 8:49,proposal_48253501.pdf,person_Williams.pdf,
2023,SSA-optimization,5749-8762-3111-8896,Michael,Jane,Brown,Student,VWDUSH65P3UT,Wayne Enterprises,Mitigation Measures Required,Prohibited Factors,Prohibited Factors,No Mitigation Needed,Mitigation Measures Required,Threat Briefs,deployment optimization synergy synergy integration development integration.,"Cessation, Increased Reporting",analysis integration solutions optimization analysis strategy.,32633736,OPP-152543,Configurable value-added system engine Project,VWDUSH65P3UT,Wayne Enterprises,Mitigation Annual Review,USA,DSO,Completed,11/24/2022 23:49,,Complete,Grant,In Negotiation,,3/22/2022 16:27,7/15/2024 12:09,12/25/2021 1:36,proposal_32633736.pdf,,review_32633736.docx
2023,SSA-optimization,2752-3991-9420-1857,Jane,,Davis,PI,CZ5TQAGRDPFT,Tyrell Corp,Prohibited Factors,No Mitigation Needed,Mitigation Measures Required,No Mitigation Needed,Prohibited Factors,"Cessation, Increased Reporting",optimization solutions synergy strategy strategy.,"Cessation, Increased Reporting",analysis integration solutions optimization analysis strategy.,32633736,OPP-152543,Configurable value-added system engine Project,VWDUSH65P3UT,Wayne Enterprises,Mitigation Annual Review,USA,DSO,Completed,11/24/2022 23:49,,Complete,Grant,In Negotiation,,3/22/2022 16:27,7/15/2024 12:09,12/25/2021 1:36,proposal_32633736.pdf,person_Davis.pdf,review_32633736.docx
2023,SSA-optimization,6666-2150-1318-9273,Michael,Peter,Williams,Collaborator,CZ5TQAGRDPFT,Tyrell Corp,No Mitigation Needed,No Mitigation Needed,Mitigation Measures Required,Prohibited Factors,Mitigation Measures Required,"Cessation, Increased Reporting",synergy strategy integration innovation research optimization optimization solutions strategy.,"Cessation, Increased Reporting",analysis integration solutions optimization analysis strategy.,32633736,OPP-152543,Configurable value-added system engine Project,VWDUSH65P3UT,Wayne Enterprises,Mitigation Annual Review,USA,DSO,Completed,11/24/2022 23:49,,Complete,Grant,In Negotiation,,3/22/2022 16:27,7/15/2024 12:09,12/25/2021 1:36,proposal_32633736.pdf,,review_32633736.docx
2023,SSA-synergy,7368-9539-7504-1401,John,,Davis,PI,CZ5TQAGRDPFT,Tyrell Corp,No Mitigation Needed,No Mitigation Needed,Prohibited Factors,Mitigation Measures Required,No Mitigation Needed,,,"Cessation, Increased Reporting",,11112115,OPP-108193,Cloned scalable matrix Project,1317BRU1K5HM,Blue Sun Corp,Initial,DARPA,I2O,Completed,9/28/2024 22:41,ndqyirSuCNeNYuKChRTlHJYchfSMgBCPIooHtQRAHXpaFt VTCaQj UmaSuVlcrZqsIYLaNBQpbUJorlIUrSYku,Not Needed,Grant,In Negotiation,,6/5/2025 22:51,,7/27/2021 4:01,proposal_11112115.pdf,,
2023,SSA-synergy,7079-5719-4320-8616,Peter,Peter,Miller,Student,1317BRU1K5HM,Blue Sun Corp,No Mitigation Needed,Mitigation Measures Required,Mitigation Measures Required,Prohibited Factors,Mitigation Measures Required,Threat Briefs,,"Cessation, Increased Reporting",,11112115,OPP-108193,Cloned scalable matrix Project,1317BRU1K5HM,Blue Sun Corp,Initial,DARPA,I2O,Completed,9/28/2024 22:41,ndqyirSuCNeNYuKChRTlHJYchfSMgBCPIooHtQRAHXpaFt VTCaQj UmaSuVlcrZqsIYLaNBQpbUJorlIUrSYku,Not Needed,Grant,In Negotiation,,6/5/2025 22:51,,7/27/2021 4:01,proposal_11112115.pdf,,
2023,SSA-synergy,1250-3427-8548-5434,Jane,,Miller,PI,95C7CBF2RFOV,Acme Corp,Mitigation Measures Required,Prohibited Factors,Mitigation Measures Required,Prohibited Factors,No Mitigation Needed,,deployment analysis deployment strategy strategy synergy deployment analysis deployment strategy.,"Cessation, Increased Reporting",,11112115,OPP-108193,Cloned scalable matrix Project,1317BRU1K5HM,Blue Sun Corp,Initial,DARPA,I2O,Completed,9/28/2024 22:41,ndqyirSuCNeNYuKChRTlHJYchfSMgBCPIooHtQRAHXpaFt VTCaQj UmaSuVlcrZqsIYLaNBQpbUJorlIUrSYku,Not Needed,Grant,In Negotiation,,6/5/2025 22:51,,7/27/2021 4:01,proposal_11112115.pdf,person_Miller.pdf,
2023,SSA-synergy,1385-8950-3310-4586,David,,Moore,Co-PI,VWDUSH65P3UT,Wayne Enterprises,Mitigation Measures Required,Mitigation Measures Required,Prohibited Factors,Mitigation Measures Required,No Mitigation Needed,,,"Cessation, Increased Reporting",,11112115,OPP-108193,Cloned scalable matrix Project,1317BRU1K5HM,Blue Sun Corp,Initial,DARPA,I2O,Completed,9/28/2024 22:41,ndqyirSuCNeNYuKChRTlHJYchfSMgBCPIooHtQRAHXpaFt VTCaQj UmaSuVlcrZqsIYLaNBQpbUJorlIUrSYku,Not Needed,Grant,In Negotiation,,6/5/2025 22:51,,7/27/2021 4:01,proposal_11112115.pdf,,
2023,SSA-synergy,4712-9564-9492-1032,Peter,,Moore,Consultant,CZ5TQAGRDPFT,Tyrell Corp,No Mitigation Needed,No Mitigation Needed,Prohibited Factors,No Mitigation Needed,Prohibited Factors,"Cessation, Increased Reporting",analysis synergy synergy deployment research strategy analysis optimization deployment development.,"Cessation, Increased Reporting",,11112115,OPP-108193,Cloned scalable matrix Project,1317BRU1K5HM,Blue Sun Corp,Initial,DARPA,I2O,Completed,9/28/2024 22:41,ndqyirSuCNeNYuKChRTlHJYchfSMgBCPIooHtQRAHXpaFt VTCaQj UmaSuVlcrZqsIYLaNBQpbUJorlIUrSYku,Not Needed,Grant,In Negotiation,,6/5/2025 22:51,,7/27/2021 4:01,proposal_11112115.pdf,person_Moore.pdf,
2025,SSA-optimization,7209-9708-3693-3439,Michael,,Moore,Co-PI,1317BRU1K5HM,Blue Sun Corp,No Mitigation Needed,No Mitigation Needed,Mitigation Measures Required,No Mitigation Needed,Mitigation Measures Required,"Cessation, Increased Reporting",synergy optimization development solutions strategy integration innovation development research.,"Cessation, Increased Reporting",,95588699,OPP-339492,Business-focused client-driven initiative Project,P0BJREZAN0YF,Stark Industries,Initial,DHA,I2O,In Progress,8/2/2020 10:25,UpHSLBhQJjHjYFARvYaHPrNQXJFhtiYjqxJccKbgJkyBQ uvdEerWuEeNQaecGIRoIRahxIVVfosZDFBQOZgx,Pending,Other,Pending,,,,6/15/2022 10:17,proposal_95588699.pdf,person_Moore.pdf,review_95588699.docx
2023,SSA-solutions,7902-9517-3520-2799,Linda,,Smith,Co-PI,4K0AW4066EK0,Virtucon,Prohibited Factors,No Mitigation Needed,Mitigation Measures Required,Mitigation Measures Required,Prohibited Factors,,,,,829864,OPP-888068,Ameliorated didactic strategy Project,VWDUSH65P3UT,Wayne Enterprises,Initial,NGA,CDMRP,Draft,10/5/2024 5:22,ZDuDQFQIhIW QkPYgwGgFpCMpzQvObkkZaIffIzBvwwTIORRxngmjBvyJY CvtkZlRqhIUAYQCOAwUSgxByRWKmkMmgaUWPqfqPcRHDiJFaZEsFAtjqMZOkKvYGghHAI bBTjaV,Not Needed,FAR-based Contract,Awarded,FAIN9992791,6/4/2022 7:21,10/27/2020 17:59,,proposal_00829864.pdf,,
2023,SSA-solutions,6011-3541-8756-9276,John,Michael,Anderson,Co-PI,95C7CBF2RFOV,Acme Corp,No Mitigation Needed,Mitigation Measures Required,No Mitigation Needed,Mitigation Measures Required,Prohibited Factors,,deployment solutions solutions research analysis development.,,,829864,OPP-888068,Ameliorated didactic strategy Project,VWDUSH65P3UT,Wayne Enterprises,Initial,NGA,CDMRP,Draft,10/5/2024 5:22,ZDuDQFQIhIW QkPYgwGgFpCMpzQvObkkZaIffIzBvwwTIORRxngmjBvyJY CvtkZlRqhIUAYQCOAwUSgxByRWKmkMmgaUWPqfqPcRHDiJFaZEsFAtjqMZOkKvYGghHAI bBTjaV,Not Needed,FAR-based Contract,Awarded,FAIN9992791,6/4/2022 7:21,10/27/2020 17:59,,proposal_00829864.pdf,person_Anderson.pdf,
2023,SSA-solutions,6189-1769-2614-2033,Susan,,Brown,Consultant,S16GSAX4CIDY,Globex Inc,Prohibited Factors,No Mitigation Needed,Prohibited Factors,Prohibited Factors,No Mitigation Needed,"Cessation, Increased Reporting",innovation synergy solutions solutions innovation deployment analysis.,,,829864,OPP-888068,Ameliorated didactic strategy Project,VWDUSH65P3UT,Wayne Enterprises,Initial,NGA,CDMRP,Draft,10/5/2024 5:22,ZDuDQFQIhIW QkPYgwGgFpCMpzQvObkkZaIffIzBvwwTIORRxngmjBvyJY CvtkZlRqhIUAYQCOAwUSgxByRWKmkMmgaUWPqfqPcRHDiJFaZEsFAtjqMZOkKvYGghHAI bBTjaV,Not Needed,FAR-based Contract,Awarded,FAIN9992791,6/4/2022 7:21,10/27/2020 17:59,,proposal_00829864.pdf,,
2023,SSA-solutions,1946-3590-5529-1334,John,,Taylor,Collaborator,2GM2D03Z4F45,Omni Consumer Products,Prohibited Factors,No Mitigation Needed,Prohibited Factors,Mitigation Measures Required,Prohibited Factors,Threat Briefs,synergy strategy synergy optimization innovation.,,,829864,OPP-888068,Ameliorated didactic strategy Project,VWDUSH65P3UT,Wayne Enterprises,Initial,NGA,CDMRP,Draft,10/5/2024 5:22,ZDuDQFQIhIW QkPYgwGgFpCMpzQvObkkZaIffIzBvwwTIORRxngmjBvyJY CvtkZlRqhIUAYQCOAwUSgxByRWKmkMmgaUWPqfqPcRHDiJFaZEsFAtjqMZOkKvYGghHAI bBTjaV,Not Needed,FAR-based Contract,Awarded,FAIN9992791,6/4/2022 7:21,10/27/2020 17:59,,proposal_00829864.pdf,,
2023,SSA-synergy,8891-4867-3529-7308,Patricia,Peter,Miller,Consultant,4K0AW4066EK0,Virtucon,Prohibited Factors,No Mitigation Needed,Mitigation Measures Required,Prohibited Factors,Mitigation Measures Required,"Cessation, Increased Reporting",development strategy analysis solutions deployment research solutions deployment.,,,66237755,OPP-314623,Assimilated tangible parallelism Project,CZ5TQAGRDPFT,Tyrell Corp,Mitigation Annual Review,DTRA,CDMRP,In Progress,7/25/2020 10:51,zbaIrgp HAJpmtximMOZsDsAfwlBQgXCyjbOdTPPsCpbaPcUzaxCfiVYoxzuRMhaumRbDcamoaqzloCxYiaKMCvRgj,Not Needed,Grant,In Negotiation,,8/4/2020 19:51,10/13/2025 10:36,11/20/2020 2:38,proposal_66237755.pdf,person_Miller.pdf,review_66237755.docx
2023,SSA-analysis,1821-4676-2980-7386,Patricia,Robert,Moore,Student,1317BRU1K5HM,Blue Sun Corp,No Mitigation Needed,Mitigation Measures Required,Prohibited Factors,No Mitigation Needed,Mitigation Measures Required,,,,,14794187,OPP-458099,Configurable value-added system engine Project,P0BJREZAN0YF,Stark Industries,Mitigation Annual Review,DARPA,MSO,Draft,4/22/2024 19:03,,Not Needed,Other Transaction Authority,Awarded,FAIN2908604,,,3/28/2025 7:56,proposal_14794187.pdf,,
2023,SSA-analysis,5467-3152-7073-9265,Mary,,Wilson,Collaborator,CZ5TQAGRDPFT,Tyrell Corp,No Mitigation Needed,Prohibited Factors,No Mitigation Needed,No Mitigation Needed,Mitigation Measures Required,"Cessation, Increased Reporting",analysis synergy integration research innovation strategy development synergy solutions synergy solutions innovation deployment analysis synergy.,,,14794187,OPP-458099,Configurable value-added system engine Project,P0BJREZAN0YF,Stark Industries,Mitigation Annual Review,DARPA,MSO,Draft,4/22/2024 19:03,,Not Needed,Other Transaction Authority,Awarded,FAIN2908604,,,3/28/2025 7:56,proposal_14794187.pdf,person_Wilson.pdf,
2023,SSA-analysis,2276-6001-5996-2872,Jane,,Anderson,Student,8JK40Q30BVHV,Cyberdyne Systems,No Mitigation Needed,Mitigation Measures Required,Prohibited Factors,Prohibited Factors,No Mitigation Needed,"Cessation, Increased Reporting",,,,14794187,OPP-458099,Configurable value-added system engine Project,P0BJREZAN0YF,Stark Industries,Mitigation Annual Review,DARPA,MSO,Draft,4/22/2024 19:03,,Not Needed,Other Transaction Authority,Awarded,FAIN2908604,,,3/28/2025 7:56,proposal_14794187.pdf,,
2025,SSA-innovation,6743-4763-9778-8814,Robert,,Taylor,Co-PI,2GM2D03Z4F45,Omni Consumer Products,No Mitigation Needed,Prohibited Factors,No Mitigation Needed,Mitigation Measures Required,No Mitigation Needed,,research deployment research strategy strategy.,"Cessation, Increased Reporting",analysis analysis optimization integration synergy analysis research integration solutions.,49698558,OPP-675151,Ameliorated didactic strategy Project,2GM2D03Z4F45,Omni Consumer Products,Initial,NGA,MSO,In Progress,10/2/2024 12:50,EwbCzwvVzTjXYSEKichOMJEqVlXwZyRmBVNjcgZGkxfpMYzqsyjWwtlgnvgjOkCtPOaUYFCyNzMNZqYhiblRx,Not Needed,FAR-based Contract,Awarded,FAIN9016452,4/9/2020 16:56,3/10/2022 5:07,5/14/2022 11:08,proposal_49698558.pdf,person_Taylor.pdf,
2025,SSA-innovation,1031-4233-3498-2165,Mary,,Anderson,PI,EB3Q82NDH2ZA,MomCorp,Prohibited Factors,No Mitigation Needed,Prohibited Factors,Prohibited Factors,Mitigation Measures Required,"Cessation, Increased Reporting",analysis solutions integration strategy analysis strategy strategy synergy analysis.,"Cessation, Increased Reporting",analysis analysis optimization integration synergy analysis research integration solutions.,49698558,OPP-675151,Ameliorated didactic strategy Project,2GM2D03Z4F45,Omni Consumer Products,Initial,NGA,MSO,In Progress,10/2/2024 12:50,EwbCzwvVzTjXYSEKichOMJEqVlXwZyRmBVNjcgZGkxfpMYzqsyjWwtlgnvgjOkCtPOaUYFCyNzMNZqYhiblRx,Not Needed,FAR-based Contract,Awarded,FAIN9016452,4/9/2020 16:56,3/10/2022 5:07,5/14/2022 11:08,proposal_49698558.pdf,,
2023,SSA-analysis,2704-5496-8890-3368,Jane,,Brown,Consultant,P0BJREZAN0YF,Stark Industries,Prohibited Factors,Mitigation Measures Required,No Mitigation Needed,No Mitigation Needed,No Mitigation Needed,"Cessation, Increased Reporting",,"Cessation, Increased Reporting",,59898734,OPP-166704,Adaptive modular solution Project,2GM2D03Z4F45,Omni Consumer Products,Mitigation Annual Review,DARPA,CDMRP,In Progress,9/21/2025 19:27,,Pending,Other Transaction Authority,Awarded,FAIN9255756,6/28/2025 7:38,,8/28/2023 7:08,proposal_59898734.pdf,person_Brown.pdf,review_59898734.docx
2024,SSA-analysis,1250-3427-8548-5434,Jane,,Miller,PI,P0BJREZAN0YF,Stark Industries,Prohibited Factors,Prohibited Factors,Prohibited Factors,Prohibited Factors,Prohibited Factors,Threat Briefs,optimization research innovation research development.,"Cessation, Increased Reporting",,2144461,OPP-374248,Configurable value-added system engine Project,P0BJREZAN0YF,Stark Industries,Mitigation Annual Review,DTRA,MSO,Canceled,8/26/2020 14:32,,Not Needed,Other,Declined,,2/20/2020 8:41,,12/25/2020 2:04,proposal_02144461.pdf,,
2024,SSA-analysis,8891-4867-3529-7308,Patricia,,Miller,PI,4K0AW4066EK0,Virtucon,Mitigation Measures Required,Prohibited Factors,No Mitigation Needed,No Mitigation Needed,Prohibited Factors,"Cessation, Increased Reporting",research research integration optimization synergy solutions strategy strategy.,"Cessation, Increased Reporting",,2144461,OPP-374248,Configurable value-added system engine Project,P0BJREZAN0YF,Stark Industries,Mitigation Annual Review,DTRA,MSO,Canceled,8/26/2020 14:32,,Not Needed,Other,Declined,,2/20/2020 8:41,,12/25/2020 2:04,proposal_02144461.pdf,,
2024,SSA-analysis,9029-9262-4368-5599,Patricia,Robert,Brown,Consultant,EB3Q82NDH2ZA,MomCorp,Prohibited Factors,No Mitigation Needed,Prohibited Factors,Mitigation Measures Required,Prohibited Factors,,research innovation integration innovation synergy innovation synergy development strategy integration solutions development integration solutions.,"Cessation, Increased Reporting",,2144461,OPP-374248,Configurable value-added system engine Project,P0BJREZAN0YF,Stark Industries,Mitigation Annual Review,DTRA,MSO,Canceled,8/26/2020 14:32,,Not Needed,Other,Declined,,2/20/2020 8:41,,12/25/2020 2:04,proposal_02144461.pdf,person_Brown.pdf,
2024,SSA-analysis,8305-6338-1273-4359,Jane,Peter,Taylor,Collaborator,4K0AW4066EK0,Virtucon,Prohibited Factors,Mitigation Measures Required,Prohibited Factors,Mitigation Measures Required,Mitigation Measures Required,Threat Briefs,,"Cessation, Increased Reporting",,2144461,OPP-374248,Configurable value-added system engine Project,P0BJREZAN0YF,Stark Industries,Mitigation Annual Review,DTRA,MSO,Canceled,8/26/2020 14:32,,Not Needed,Other,Declined,,2/20/2020 8:41,,12/25/2020 2:04,proposal_02144461.pdf,person_Taylor.pdf,
2024,SSA-analysis,5467-3152-7073-9265,Mary,David,Wilson,Student,CZ5TQAGRDPFT,Tyrell Corp,No Mitigation Needed,Prohibited Factors,No Mitigation Needed,No Mitigation Needed,Mitigation Measures Required,Threat Briefs,research synergy synergy synergy strategy integration integration analysis integration deployment optimization.,"Cessation, Increased Reporting",,2144461,OPP-374248,Configurable value-added system engine Project,P0BJREZAN0YF,Stark Industries,Mitigation Annual Review,DTRA,MSO,Canceled,8/26/2020 14:32,,Not Needed,Other,Declined,,2/20/2020 8:41,,12/25/2020 2:04,proposal_02144461.pdf,person_Wilson.pdf,
2023,SSA-development,4018-3350-8748-8348,Peter,,Taylor,Co-PI,P0BJREZAN0YF,Stark Industries,Mitigation Measures Required,Mitigation Measures Required,Prohibited Factors,No Mitigation Needed,Prohibited Factors,,deployment development solutions strategy synergy integration solutions analysis development deployment development innovation innovation development optimization.,Threat Briefs,,43810059,OPP-944922,Cloned scalable matrix Project,EB3Q82NDH2ZA,MomCorp,Mitigation Annual Review,ACC,DSO,Canceled,12/27/2023 17:14,,Pending,CRADA,In Negotiation,,,,,proposal_43810059.pdf,,
2023,SSA-development,3624-2474-4256-1521,David,,Williams,Student,EB3Q82NDH2ZA,MomCorp,No Mitigation Needed,No Mitigation Needed,Prohibited Factors,Mitigation Measures Required,No Mitigation Needed,Threat Briefs,,Threat Briefs,,43810059,OPP-944922,Cloned scalable matrix Project,EB3Q82NDH2ZA,MomCorp,Mitigation Annual Review,ACC,DSO,Canceled,12/27/2023 17:14,,Pending,CRADA,In Negotiation,,,,,proposal_43810059.pdf,person_Williams.pdf,
2023,SSA-development,5012-1650-2203-8432,David,,Smith,Student,S16GSAX4CIDY,Globex Inc,Mitigation Measures Required,No Mitigation Needed,Mitigation Measures Required,No Mitigation Needed,Mitigation Measures Required,Threat Briefs,,Threat Briefs,,43810059,OPP-944922,Cloned scalable matrix Project,EB3Q82NDH2ZA,MomCorp,Mitigation Annual Review,ACC,DSO,Canceled,12/27/2023 17:14,,Pending,CRADA,In Negotiation,,,,,proposal_43810059.pdf,person_Smith.pdf,
2023,SSA-development,8378-7883-3324-3119,Mary,,Moore,PI,4K0AW4066EK0,Virtucon,Mitigation Measures Required,Mitigation Measures Required,Prohibited Factors,Prohibited Factors,No Mitigation Needed,Threat Briefs,innovation optimization development research integration analysis development optimization deployment integration.,Threat Briefs,,43810059,OPP-944922,Cloned scalable matrix Project,EB3Q82NDH2ZA,MomCorp,Mitigation Annual Review,ACC,DSO,Canceled,12/27/2023 17:14,,Pending,CRADA,In Negotiation,,,,,proposal_43810059.pdf,person_Moore.pdf,
2024,SSA-development,6969-3078-2618-4315,Susan,Mary,Moore,PI,2GM2D03Z4F45,Omni Consumer Products,Mitigation Measures Required,Prohibited Factors,Mitigation Measures Required,Mitigation Measures Required,No Mitigation Needed,"Cessation, Increased Reporting",,Threat Briefs,,66329966,OPP-701172,Compatible demand-driven workforce Project,4K0AW4066EK0,Virtucon,Mitigation Annual Review,ACC,DSO,Draft,4/18/2020 15:59,,Pending,Other,Awarded,FAIN8996405,,10/7/2024 0:34,12/17/2023 2:10,proposal_66329966.pdf,,
2024,SSA-development,5006-7509-4651-4179,Michael,,Anderson,Consultant,2GM2D03Z4F45,Omni Consumer Products,Prohibited Factors,No Mitigation Needed,Mitigation Measures Required,No Mitigation Needed,Mitigation Measures Required,Threat Briefs,strategy synergy development development innovation innovation synergy solutions strategy deployment synergy optimization integration deployment integration.,Threat Briefs,,66329966,OPP-701172,Compatible demand-driven workforce Project,4K0AW4066EK0,Virtucon,Mitigation Annual Review,ACC,DSO,Draft,4/18/2020 15:59,,Pending,Other,Awarded,FAIN8996405,,10/7/2024 0:34,12/17/2023 2:10,proposal_66329966.pdf,,
2025,SSA-strategy,9818-6881-1670-7498,Linda,,Davis,Student,4K0AW4066EK0,Virtucon,Prohibited Factors,Prohibited Factors,Mitigation Measures Required,Mitigation Measures Required,No Mitigation Needed,,,,,41236448,OPP-423809,Advanced cohesive hardware Project,4K0AW4066EK0,Virtucon,Initial,ACC,I2O,Canceled,3/15/2022 19:37,TFCjjzAZUyAthpwwVJggqzDtaeYZYjGXJexlDakRAmBUowUU CWnHBmqIIaIsTOZNCFFpAzFX GpNRlDrIAgqd aWnhQRaOf,Pending,FAR-based Contract,Declined,,,2/16/2021 15:44,,proposal_41236448.pdf,person_Davis.pdf,review_41236448.docx
2025,SSA-strategy,6426-6062-5484-2188,Jane,,Wilson,Co-PI,CZ5TQAGRDPFT,Tyrell Corp,Prohibited Factors,Prohibited Factors,Prohibited Factors,Mitigation Measures Required,No Mitigation Needed,,solutions integration synergy integration solutions deployment innovation synergy innovation strategy strategy development integration strategy.,,,41236448,OPP-423809,Advanced cohesive hardware Project,4K0AW4066EK0,Virtucon,Initial,ACC,I2O,Canceled,3/15/2022 19:37,TFCjjzAZUyAthpwwVJggqzDtaeYZYjGXJexlDakRAmBUowUU CWnHBmqIIaIsTOZNCFFpAzFX GpNRlDrIAgqd aWnhQRaOf,Pending,FAR-based Contract,Declined,,,2/16/2021 15:44,,proposal_41236448.pdf,person_Wilson.pdf,review_41236448.docx
2025,SSA-strategy,1139-8650-9589-5613,Patricia,Linda,Smith,Co-PI,VWDUSH65P3UT,Wayne Enterprises,No Mitigation Needed,No Mitigation Needed,Prohibited Factors,No Mitigation Needed,Prohibited Factors,Threat Briefs,,,,41236448,OPP-423809,Advanced cohesive hardware Project,4K0AW4066EK0,Virtucon,Initial,ACC,I2O,Canceled,3/15/2022 19:37,TFCjjzAZUyAthpwwVJggqzDtaeYZYjGXJexlDakRAmBUowUU CWnHBmqIIaIsTOZNCFFpAzFX GpNRlDrIAgqd aWnhQRaOf,Pending,FAR-based Contract,Declined,,,2/16/2021 15:44,,proposal_41236448.pdf,person_Smith.pdf,review_41236448.docx
2025,SSA-strategy,4778-4606-2927-3769,Robert,,Wilson,Collaborator,S16GSAX4CIDY,Globex Inc,Mitigation Measures Required,Mitigation Measures Required,Prohibited Factors,No Mitigation Needed,Mitigation Measures Required,,development research analysis integration optimization optimization.,,,41236448,OPP-423809,Advanced cohesive hardware Project,4K0AW4066EK0,Virtucon,Initial,ACC,I2O,Canceled,3/15/2022 19:37,TFCjjzAZUyAthpwwVJggqzDtaeYZYjGXJexlDakRAmBUowUU CWnHBmqIIaIsTOZNCFFpAzFX GpNRlDrIAgqd aWnhQRaOf,Pending,FAR-based Contract,Declined,,,2/16/2021 15:44,,proposal_41236448.pdf,person_Wilson.pdf,review_41236448.docx
2025,SSA-strategy,8574-6986-6758-6133,Michael,,Jones,Collaborator,P0BJREZAN0YF,Stark Industries,Prohibited Factors,Mitigation Measures Required,No Mitigation Needed,Mitigation Measures Required,Mitigation Measures Required,Threat Briefs,,,,41236448,OPP-423809,Advanced cohesive hardware Project,4K0AW4066EK0,Virtucon,Initial,ACC,I2O,Canceled,3/15/2022 19:37,TFCjjzAZUyAthpwwVJggqzDtaeYZYjGXJexlDakRAmBUowUU CWnHBmqIIaIsTOZNCFFpAzFX GpNRlDrIAgqd aWnhQRaOf,Pending,FAR-based Contract,Declined,,,2/16/2021 15:44,,proposal_41236448.pdf,,review_41236448.docx
2023,SSA-optimization,7058-6482-4903-3575,Susan,,Miller,Co-PI,VWDUSH65P3UT,Wayne Enterprises,No Mitigation Needed,Prohibited Factors,Mitigation Measures Required,No Mitigation Needed,No Mitigation Needed,Threat Briefs,development innovation synergy integration development development research innovation research solutions deployment optimization deployment solutions.,"Cessation, Increased Reporting",,16471916,OPP-686793,Advanced cohesive hardware Project,CZ5TQAGRDPFT,Tyrell Corp,Mitigation Annual Review,NGA,MSO,In Progress,5/17/2020 23:20,TMjKSeTVCwKkFRaCpsVrkvqpAVXULTEKTTQvnuiwsHFkoHUbxbOzLiYUDnJvyQOCcfYtNNdPlruLOmiORCdtAztQuFghF jYpagidAXEbPMfeJVUyrvg,Pending,Other,Pending,,,5/19/2022 1:04,5/27/2023 23:28,proposal_16471916.pdf,,review_16471916.docx
2023,SSA-optimization,8397-4644-6998-9181,Michael,Linda,Davis,PI,VWDUSH65P3UT,Wayne Enterprises,No Mitigation Needed,Prohibited Factors,Mitigation Measures Required,Mitigation Measures Required,Prohibited Factors,,,"Cessation, Increased Reporting",,16471916,OPP-686793,Advanced cohesive hardware Project,CZ5TQAGRDPFT,Tyrell Corp,Mitigation Annual Review,NGA,MSO,In Progress,5/17/2020 23:20,TMjKSeTVCwKkFRaCpsVrkvqpAVXULTEKTTQvnuiwsHFkoHUbxbOzLiYUDnJvyQOCcfYtNNdPlruLOmiORCdtAztQuFghF jYpagidAXEbPMfeJVUyrvg,Pending,Other,Pending,,,5/19/2022 1:04,5/27/2023 23:28,proposal_16471916.pdf,,review_16471916.docx
2023,SSA-optimization,6637-3966-2365-1403,John,,Jones,Collaborator,EB3Q82NDH2ZA,MomCorp,No Mitigation Needed,Prohibited Factors,Mitigation Measures Required,Mitigation Measures Required,Mitigation Measures Required,"Cessation, Increased Reporting",,"Cessation, Increased Reporting",,16471916,OPP-686793,Advanced cohesive hardware Project,CZ5TQAGRDPFT,Tyrell Corp,Mitigation Annual Review,NGA,MSO,In Progress,5/17/2020 23:20,TMjKSeTVCwKkFRaCpsVrkvqpAVXULTEKTTQvnuiwsHFkoHUbxbOzLiYUDnJvyQOCcfYtNNdPlruLOmiORCdtAztQuFghF jYpagidAXEbPMfeJVUyrvg,Pending,Other,Pending,,,5/19/2022 1:04,5/27/2023 23:28,proposal_16471916.pdf,,review_16471916.docx
2023,SSA-optimization,9283-9306-5786-5335,Linda,,Brown,Consultant,CZ5TQAGRDPFT,Tyrell Corp,Prohibited Factors,Mitigation Measures Required,Mitigation Measures Required,No Mitigation Needed,Mitigation Measures Required,,optimization research synergy analysis solutions development deployment synergy.,"Cessation, Increased Reporting",,16471916,OPP-686793,Advanced cohesive hardware Project,CZ5TQAGRDPFT,Tyrell Corp,Mitigation Annual Review,NGA,MSO,In Progress,5/17/2020 23:20,TMjKSeTVCwKkFRaCpsVrkvqpAVXULTEKTTQvnuiwsHFkoHUbxbOzLiYUDnJvyQOCcfYtNNdPlruLOmiORCdtAztQuFghF jYpagidAXEbPMfeJVUyrvg,Pending,Other,Pending,,,5/19/2022 1:04,5/27/2023 23:28,proposal_16471916.pdf,person_Brown.pdf,review_16471916.docx
2023,SSA-optimization,3724-1804-5344-7280,Susan,Patricia,Taylor,Collaborator,95C7CBF2RFOV,Acme Corp,No Mitigation Needed,Prohibited Factors,Mitigation Measures Required,Prohibited Factors,Prohibited Factors,,solutions development innovation analysis research.,"Cessation, Increased Reporting",,16471916,OPP-686793,Advanced cohesive hardware Project,CZ5TQAGRDPFT,Tyrell Corp,Mitigation Annual Review,NGA,MSO,In Progress,5/17/2020 23:20,TMjKSeTVCwKkFRaCpsVrkvqpAVXULTEKTTQvnuiwsHFkoHUbxbOzLiYUDnJvyQOCcfYtNNdPlruLOmiORCdtAztQuFghF jYpagidAXEbPMfeJVUyrvg,Pending,Other,Pending,,,5/19/2022 1:04,5/27/2023 23:28,proposal_16471916.pdf,,review_16471916.docx
2023,SSA-deployment,1821-4676-2980-7386,Patricia,Susan,Moore,Collaborator,P0BJREZAN0YF,Stark Industries,Mitigation Measures Required,Prohibited Factors,No Mitigation Needed,Mitigation Measures Required,Prohibited Factors,"Cessation, Increased Reporting",innovation strategy analysis innovation development research integration analysis development.,Threat Briefs,,49639178,OPP-189712,Advanced cohesive hardware Project,VWDUSH65P3UT,Wayne Enterprises,Initial,ACC,MSO,In Progress,6/10/2021 8:44,sxH kJk a WPiJogpoTCDgsQNRstNoqUkLMZZUXcBgYZApNzvlUoirDOKXLBYYSulldNnilgoTgLWxIdMVFknTKtranFUIdzzfLZkoExgwCjCftybrrGkSkoMThG,Complete,Other,In Negotiation,,1/7/2021 17:34,8/23/2022 13:03,3/26/2020 12:36,proposal_49639178.pdf,,
2023,SSA-deployment,1250-3427-8548-5434,Jane,,Miller,PI,VWDUSH65P3UT,Wayne Enterprises,No Mitigation Needed,No Mitigation Needed,No Mitigation Needed,Prohibited Factors,Mitigation Measures Required,Threat Briefs,synergy solutions development synergy synergy research analysis optimization.,Threat Briefs,,49639178,OPP-189712,Advanced cohesive hardware Project,VWDUSH65P3UT,Wayne Enterprises,Initial,ACC,MSO,In Progress,6/10/2021 8:44,sxH kJk a WPiJogpoTCDgsQNRstNoqUkLMZZUXcBgYZApNzvlUoirDOKXLBYYSulldNnilgoTgLWxIdMVFknTKtranFUIdzzfLZkoExgwCjCftybrrGkSkoMThG,Complete,Other,In Negotiation,,1/7/2021 17:34,8/23/2022 13:03,3/26/2020 12:36,proposal_49639178.pdf,,
2023,SSA-deployment,1320-9747-9272-5744,Michael,,Wilson,PI,95C7CBF2RFOV,Acme Corp,No Mitigation Needed,No Mitigation Needed,Prohibited Factors,No Mitigation Needed,Prohibited Factors,"Cessation, Increased Reporting",innovation integration strategy strategy strategy strategy optimization strategy development optimization development.,Threat Briefs,innovation research deployment innovation research research integration development development strategy research integration analysis strategy.,7947233,OPP-589397,Cloned scalable matrix Project,8JK40Q30BVHV,Cyberdyne Systems,Mitigation Annual Review,DTRA,CDMRP,Canceled,3/22/2024 22:32,,Not Needed,Grant,In Negotiation,,9/23/2021 5:43,,,proposal_07947233.pdf,person_Wilson.pdf,review_07947233.docx
2023,SSA-deployment,4607-7811-9415-6646,Mary,,Davis,Consultant,1317BRU1K5HM,Blue Sun Corp,No Mitigation Needed,Prohibited Factors,No Mitigation Needed,Prohibited Factors,No Mitigation Needed,"Cessation, Increased Reporting",deployment strategy synergy optimization synergy deployment innovation strategy solutions strategy optimization development development.,Threat Briefs,innovation research deployment innovation research research integration development development strategy research integration analysis strategy.,7947233,OPP-589397,Cloned scalable matrix Project,8JK40Q30BVHV,Cyberdyne Systems,Mitigation Annual Review,DTRA,CDMRP,Canceled,3/22/2024 22:32,,Not Needed,Grant,In Negotiation,,9/23/2021 5:43,,,proposal_07947233.pdf,person_Davis.pdf,review_07947233.docx
2025,SSA-development,6426-6062-5484-2188,Jane,,Wilson,PI,4K0AW4066EK0,Virtucon,Prohibited Factors,Prohibited Factors,No Mitigation Needed,Prohibited Factors,Prohibited Factors,Threat Briefs,integration optimization research solutions integration research strategy analysis synergy innovation analysis innovation analysis development.,Threat Briefs,,75708289,OPP-004924,Business-focused client-driven initiative Project,EB3Q82NDH2ZA,MomCorp,Mitigation Annual Review,ACC,DSO,In Progress,11/3/2021 20:59,,Pending,Other Transaction Authority,Pending,,4/22/2021 11:48,,4/24/2023 21:38,proposal_75708289.pdf,person_Wilson.pdf,
2024,SSA-strategy,2412-4462-3155-5799,Patricia,,Davis,Collaborator,CZ5TQAGRDPFT,Tyrell Corp,No Mitigation Needed,No Mitigation Needed,No Mitigation Needed,Prohibited Factors,No Mitigation Needed,"Cessation, Increased Reporting",,"Cessation, Increased Reporting",,55427747,OPP-144187,Business-focused client-driven initiative Project,S16GSAX4CIDY,Globex Inc,Mitigation Annual Review,DTRA,DSO,Canceled,6/4/2022 3:34,Sm HaxnpizbREIGOTwcEPiwzuKKDWWDntysUeANNQlFSFmwcfDZwRaZarvuMbPXKQVlbBrnDCSluANudRaSiVyjebeEonyYxPuTKuQtEoaHkvTHJnlGsbhf TCNYyqdxCLZchVgvJJLCOBBeLcmLWsVcRjk cmV,Complete,Other Transaction Authority,Awarded,FAIN7504139,7/9/2023 19:12,,,proposal_55427747.pdf,,review_55427747.docx
2024,SSA-strategy,8397-4644-6998-9181,Michael,,Davis,Consultant,S16GSAX4CIDY,Globex Inc,Mitigation Measures Required,No Mitigation Needed,Prohibited Factors,Mitigation Measures Required,No Mitigation Needed,,,"Cessation, Increased Reporting",,55427747,OPP-144187,Business-focused client-driven initiative Project,S16GSAX4CIDY,Globex Inc,Mitigation Annual Review,DTRA,DSO,Canceled,6/4/2022 3:34,Sm HaxnpizbREIGOTwcEPiwzuKKDWWDntysUeANNQlFSFmwcfDZwRaZarvuMbPXKQVlbBrnDCSluANudRaSiVyjebeEonyYxPuTKuQtEoaHkvTHJnlGsbhf TCNYyqdxCLZchVgvJJLCOBBeLcmLWsVcRjk cmV,Complete,Other Transaction Authority,Awarded,FAIN7504139,7/9/2023 19:12,,,proposal_55427747.pdf,,review_55427747.docx
2024,SSA-strategy,5467-3152-7073-9265,Mary,Peter,Wilson,Student,P0BJREZAN0YF,Stark Industries,Prohibited Factors,No Mitigation Needed,Prohibited Factors,Mitigation Measures Required,Prohibited Factors,"Cessation, Increased Reporting",innovation analysis strategy integration synergy development strategy solutions deployment research innovation analysis integration strategy research.,"Cessation, Increased Reporting",,55427747,OPP-144187,Business-focused client-driven initiative Project,S16GSAX4CIDY,Globex Inc,Mitigation Annual Review,DTRA,DSO,Canceled,6/4/2022 3:34,Sm HaxnpizbREIGOTwcEPiwzuKKDWWDntysUeANNQlFSFmwcfDZwRaZarvuMbPXKQVlbBrnDCSluANudRaSiVyjebeEonyYxPuTKuQtEoaHkvTHJnlGsbhf TCNYyqdxCLZchVgvJJLCOBBeLcmLWsVcRjk cmV,Complete,Other Transaction Authority,Awarded,FAIN7504139,7/9/2023 19:12,,,proposal_55427747.pdf,,review_55427747.docx
2023,SSA-innovation,9009-4486-9828-9810,Mary,,Taylor,Co-PI,4K0AW4066EK0,Virtucon,No Mitigation Needed,Mitigation Measures Required,Mitigation Measures Required,No Mitigation Needed,Mitigation Measures Required,Threat Briefs,synergy research deployment solutions deployment synergy innovation synergy strategy.,,,84267516,OPP-692179,Adaptive modular solution Project,S16GSAX4CIDY,Globex Inc,Mitigation Annual Review,INSCOM,DSO,Draft,4/14/2020 17:32,SsCbs JajsQqrOgqQKyWOsNlUfOwPuvRfZoCwVs GtJfArroXhMkmykfwCQvCNmNPcThhcmHKtYjzsKahtrDRFZArCScd,Not Needed,CRADA,Awarded,FAIN7509578,,,6/19/2022 9:28,proposal_84267516.pdf,person_Taylor.pdf,
2023,SSA-innovation,8305-6338-1273-4359,Jane,,Taylor,Consultant,EB3Q82NDH2ZA,MomCorp,No Mitigation Needed,Mitigation Measures Required,Prohibited Factors,Mitigation Measures Required,Mitigation Measures Required,,research deployment innovation development analysis strategy deployment.,,,84267516,OPP-692179,Adaptive modular solution Project,S16GSAX4CIDY,Globex Inc,Mitigation Annual Review,INSCOM,DSO,Draft,4/14/2020 17:32,SsCbs JajsQqrOgqQKyWOsNlUfOwPuvRfZoCwVs GtJfArroXhMkmykfwCQvCNmNPcThhcmHKtYjzsKahtrDRFZArCScd,Not Needed,CRADA,Awarded,FAIN7509578,,,6/19/2022 9:28,proposal_84267516.pdf,person_Taylor.pdf,
2023,SSA-innovation,6089-1576-5011-7603,Michael,,Miller,Co-PI,PVPOMP0796IT,Virtucon,Prohibited Factors,Prohibited Factors,Prohibited Factors,Prohibited Factors,Prohibited Factors,"Cessation, Increased Reporting",strategy integration integration research optimization integration synergy strategy optimization research integration research.,,,84267516,OPP-692179,Adaptive modular solution Project,S16GSAX4CIDY,Globex Inc,Mitigation Annual Review,INSCOM,DSO,Draft,4/14/2020 17:32,SsCbs JajsQqrOgqQKyWOsNlUfOwPuvRfZoCwVs GtJfArroXhMkmykfwCQvCNmNPcThhcmHKtYjzsKahtrDRFZArCScd,Not Needed,CRADA,Awarded,FAIN7509578,,,6/19/2022 9:28,proposal_84267516.pdf,,
2023,SSA-innovation,4462-1616-6771-6458,Peter,Jane,Davis,PI,EB3Q82NDH2ZA,MomCorp,Prohibited Factors,Mitigation Measures Required,No Mitigation Needed,No Mitigation Needed,No Mitigation Needed,,analysis innovation research solutions solutions synergy research solutions synergy.,,,84267516,OPP-692179,Adaptive modular solution Project,S16GSAX4CIDY,Globex Inc,Mitigation Annual Review,INSCOM,DSO,Draft,4/14/2020 17:32,SsCbs JajsQqrOgqQKyWOsNlUfOwPuvRfZoCwVs GtJfArroXhMkmykfwCQvCNmNPcThhcmHKtYjzsKahtrDRFZArCScd,Not Needed,CRADA,Awarded,FAIN7509578,,,6/19/2022 9:28,proposal_84267516.pdf,person_Davis.pdf,
2023,SSA-innovation,5012-1650-2203-8432,David,,Smith,Collaborator,P0BJREZAN0YF,Stark Industries,Mitigation Measures Required,No Mitigation Needed,Prohibited Factors,Prohibited Factors,Mitigation Measures Required,Threat Briefs,optimization innovation solutions deployment synergy strategy research synergy research research synergy development research deployment.,,,84267516,OPP-692179,Adaptive modular solution Project,S16GSAX4CIDY,Globex Inc,Mitigation Annual Review,INSCOM,DSO,Draft,4/14/2020 17:32,SsCbs JajsQqrOgqQKyWOsNlUfOwPuvRfZoCwVs GtJfArroXhMkmykfwCQvCNmNPcThhcmHKtYjzsKahtrDRFZArCScd,Not Needed,CRADA,Awarded,FAIN7509578,,,6/19/2022 9:28,proposal_84267516.pdf,,
2025,SSA-strategy,8300-2363-5827-8407,Jane,,Williams,Co-PI,4K0AW4066EK0,Virtucon,Prohibited Factors,No Mitigation Needed,Mitigation Measures Required,No Mitigation Needed,No Mitigation Needed,Threat Briefs,,,,18187877,OPP-925730,Business-focused client-driven initiative Project,95C7CBF2RFOV,Acme Corp,Initial,DTRA,I2O,Completed,4/28/2023 7:31,xjZdaJIGQLGtcPNrvNaatwNlVIaOnwMGbAJqySuqFKmWLLUicYrMcpiUZ,Not Needed,CRADA,Declined,,2/1/2025 20:19,,11/13/2022 19:48,proposal_18187877.pdf,person_Williams.pdf,review_18187877.docx
2023,SSA-strategy,2782-3604-1777-7406,Patricia,,Taylor,Student,P0BJREZAN0YF,Stark Industries,No Mitigation Needed,No Mitigation Needed,Prohibited Factors,Mitigation Measures Required,Mitigation Measures Required,Threat Briefs,,Threat Briefs,deployment integration optimization research development synergy research deployment.,87671353,OPP-085187,Assimilated tangible parallelism Project,VWDUSH65P3UT,Wayne Enterprises,Initial,NGA,CDMRP,Canceled,9/27/2020 15:50,,Complete,Other,In Negotiation,,11/26/2020 6:55,3/10/2020 10:06,11/27/2022 10:11,proposal_87671353.pdf,person_Taylor.pdf,review_87671353.docx
2023,SSA-strategy,4018-3350-8748-8348,Peter,,Taylor,Student,95C7CBF2RFOV,Acme Corp,Prohibited Factors,Prohibited Factors,No Mitigation Needed,Mitigation Measures Required,No Mitigation Needed,Threat Briefs,,Threat Briefs,deployment integration optimization research development synergy research deployment.,87671353,OPP-085187,Assimilated tangible parallelism Project,VWDUSH65P3UT,Wayne Enterprises,Initial,NGA,CDMRP,Canceled,9/27/2020 15:50,,Complete,Other,In Negotiation,,11/26/2020 6:55,3/10/2020 10:06,11/27/2022 10:11,proposal_87671353.pdf,person_Taylor.pdf,review_87671353.docx
2023,SSA-strategy,6903-5170-2921-3573,John,,Miller,PI,2GM2D03Z4F45,Omni Consumer Products,Mitigation Measures Required,Prohibited Factors,Prohibited Factors,Prohibited Factors,Prohibited Factors,"Cessation, Increased Reporting",solutions optimization solutions research deployment development research integration.,Threat Briefs,deployment integration optimization research development synergy research deployment.,87671353,OPP-085187,Assimilated tangible parallelism Project,VWDUSH65P3UT,Wayne Enterprises,Initial,NGA,CDMRP,Canceled,9/27/2020 15:50,,Complete,Other,In Negotiation,,11/26/2020 6:55,3/10/2020 10:06,11/27/2022 10:11,proposal_87671353.pdf,,review_87671353.docx
2023,SSA-analysis,3676-7476-9924-9756,Peter,,Jones,Collaborator,8FFTIU5QUJGH,Blue Sun Corp,Prohibited Factors,Prohibited Factors,No Mitigation Needed,Mitigation Measures Required,Prohibited Factors,Threat Briefs,optimization development strategy optimization solutions development research synergy integration integration strategy analysis innovation analysis.,"Cessation, Increased Reporting",,58332785,OPP-473006,Business-focused client-driven initiative Project,S16GSAX4CIDY,Globex Inc,Initial,USA,CDMRP,Draft,1/19/2025 9:28,,Not Needed,FAR-based Contract,Declined,,2/25/2023 17:54,12/4/2025 7:42,,proposal_58332785.pdf,,
2023,SSA-analysis,8300-2363-5827-8407,Jane,Susan,Williams,Collaborator,1317BRU1K5HM,Blue Sun Corp,Mitigation Measures Required,No Mitigation Needed,Prohibited Factors,Prohibited Factors,Mitigation Measures Required,"Cessation, Increased Reporting",synergy solutions research optimization integration research synergy solutions optimization solutions optimization optimization deployment strategy.,"Cessation, Increased Reporting",,76252881,OPP-788083,Compatible demand-driven workforce Project,P0BJREZAN0YF,Stark Industries,Mitigation Annual Review,DTRA,DSO,Canceled,11/15/2021 15:25,,Complete,Other Transaction Authority,Declined,,,,5/16/2022 0:59,proposal_76252881.pdf,person_Williams.pdf,review_76252881.docx
2024,SSA-analysis,8603-5590-1153-5798,David,,Wilson,Co-PI,EB3Q82NDH2ZA,MomCorp,Prohibited Factors,No Mitigation Needed,Prohibited Factors,No Mitigation Needed,Prohibited Factors,Threat Briefs,solutions integration development synergy solutions.,"Cessation, Increased Reporting",synergy deployment strategy research optimization research solutions development solutions optimization analysis innovation.,51694502,OPP-145359,Cross-platform multimedia project Project,2GM2D03Z4F45,Omni Consumer Products,Mitigation Annual Review,USA,DSO,Canceled,3/14/2020 14:50,,Complete,Other,Declined,,,3/26/2024 5:43,,proposal_51694502.pdf,person_Wilson.pdf,review_51694502.docx
2024,SSA-analysis,8746-3273-1269-8861,Susan,,Wilson,Co-PI,95C7CBF2RFOV,Acme Corp,No Mitigation Needed,Mitigation Measures Required,Mitigation Measures Required,Prohibited Factors,No Mitigation Needed,Threat Briefs,,"Cessation, Increased Reporting",synergy deployment strategy research optimization research solutions development solutions optimization analysis innovation.,51694502,OPP-145359,Cross-platform multimedia project Project,2GM2D03Z4F45,Omni Consumer Products,Mitigation Annual Review,USA,DSO,Canceled,3/14/2020 14:50,,Complete,Other,Declined,,,3/26/2024 5:43,,proposal_51694502.pdf,person_Wilson.pdf,review_51694502.docx
2024,SSA-solutions,5051-6236-8974-1785,Robert,,Brown,PI,8JK40Q30BVHV,Cyberdyne Systems,No Mitigation Needed,Mitigation Measures Required,Prohibited Factors,Prohibited Factors,No Mitigation Needed,Threat Briefs,deployment innovation strategy innovation research solutions.,"Cessation, Increased Reporting",optimization optimization development research research innovation strategy optimization deployment optimization optimization innovation integration optimization strategy.,55628835,OPP-541308,Compatible demand-driven workforce Project,8JK40Q30BVHV,Cyberdyne Systems,Initial,ACC,TTO,Completed,1/22/2021 18:11,,Pending,CRADA,Declined,,,2/26/2023 8:21,6/5/2023 12:50,proposal_55628835.pdf,,
2024,SSA-solutions,1990-7633-2513-1879,Mary,,Williams,Collaborator,CZ5TQAGRDPFT,Tyrell Corp,No Mitigation Needed,Prohibited Factors,No Mitigation Needed,Prohibited Factors,Prohibited Factors,"Cessation, Increased Reporting",innovation innovation strategy integration development research deployment synergy optimization solutions research innovation.,"Cessation, Increased Reporting",optimization optimization development research research innovation strategy optimization deployment optimization optimization innovation integration optimization strategy.,55628835,OPP-541308,Compatible demand-driven workforce Project,8JK40Q30BVHV,Cyberdyne Systems,Initial,ACC,TTO,Completed,1/22/2021 18:11,,Pending,CRADA,Declined,,,2/26/2023 8:21,6/5/2023 12:50,proposal_55628835.pdf,person_Williams.pdf,
2024,SSA-solutions,1385-8950-3310-4586,David,Robert,Moore,Co-PI,VWDUSH65P3UT,Wayne Enterprises,Mitigation Measures Required,Prohibited Factors,Mitigation Measures Required,Mitigation Measures Required,Prohibited Factors,Threat Briefs,strategy analysis research analysis deployment development deployment.,"Cessation, Increased Reporting",optimization optimization development research research innovation strategy optimization deployment optimization optimization innovation integration optimization strategy.,55628835,OPP-541308,Compatible demand-driven workforce Project,8JK40Q30BVHV,Cyberdyne Systems,Initial,ACC,TTO,Completed,1/22/2021 18:11,,Pending,CRADA,Declined,,,2/26/2023 8:21,6/5/2023 12:50,proposal_55628835.pdf,,
2024,SSA-solutions,7209-9708-3693-3439,Michael,,Moore,Co-PI,8JK40Q30BVHV,Cyberdyne Systems,Prohibited Factors,Prohibited Factors,Mitigation Measures Required,Prohibited Factors,Prohibited Factors,,,"Cessation, Increased Reporting",optimization optimization development research research innovation strategy optimization deployment optimization optimization innovation integration optimization strategy.,55628835,OPP-541308,Compatible demand-driven workforce Project,8JK40Q30BVHV,Cyberdyne Systems,Initial,ACC,TTO,Completed,1/22/2021 18:11,,Pending,CRADA,Declined,,,2/26/2023 8:21,6/5/2023 12:50,proposal_55628835.pdf,person_Moore.pdf,
2025,SSA-analysis,8053-6398-6844-8437,David,,Davis,Consultant,VWDUSH65P3UT,Wayne Enterprises,Mitigation Measures Required,No Mitigation Needed,No Mitigation Needed,Prohibited Factors,Prohibited Factors,"Cessation, Increased Reporting",development research synergy deployment innovation research synergy deployment.,,,81833605,OPP-967264,Ameliorated didactic strategy Project,2GM2D03Z4F45,Omni Consumer Products,Mitigation Annual Review,DTRA,TTO,Completed,12/6/2022 21:28,,Not Needed,FAR-based Contract,In Negotiation,,6/24/2024 2:36,4/6/2025 2:02,,proposal_81833605.pdf,person_Davis.pdf,review_81833605.docx
2025,SSA-analysis,2276-6001-5996-2872,Jane,,Anderson,Co-PI,1317BRU1K5HM,Blue Sun Corp,Prohibited Factors,Mitigation Measures Required,No Mitigation Needed,No Mitigation Needed,No Mitigation Needed,"Cessation, Increased Reporting",optimization innovation solutions synergy research innovation optimization strategy optimization strategy deployment.,,,81833605,OPP-967264,Ameliorated didactic strategy Project,2GM2D03Z4F45,Omni Consumer Products,Mitigation Annual Review,DTRA,TTO,Completed,12/6/2022 21:28,,Not Needed,FAR-based Contract,In Negotiation,,6/24/2024 2:36,4/6/2025 2:02,,proposal_81833605.pdf,,review_81833605.docx
2025,SSA-analysis,6011-3541-8756-9276,John,,Anderson,Student,2GM2D03Z4F45,Omni Consumer Products,Mitigation Measures Required,Prohibited Factors,Mitigation Measures Required,Prohibited Factors,Prohibited Factors,,research optimization solutions solutions innovation innovation synergy optimization solutions solutions.,,,81833605,OPP-967264,Ameliorated didactic strategy Project,2GM2D03Z4F45,Omni Consumer Products,Mitigation Annual Review,DTRA,TTO,Completed,12/6/2022 21:28,,Not Needed,FAR-based Contract,In Negotiation,,6/24/2024 2:36,4/6/2025 2:02,,proposal_81833605.pdf,,review_81833605.docx
2025,SSA-analysis,4119-2857-8173-6600,Mary,,Miller,Consultant,1317BRU1K5HM,Blue Sun Corp,No Mitigation Needed,Prohibited Factors,Prohibited Factors,No Mitigation Needed,No Mitigation Needed,Threat Briefs,optimization deployment research development integration solutions solutions strategy strategy solutions integration strategy.,,,81833605,OPP-967264,Ameliorated didactic strategy Project,2GM2D03Z4F45,Omni Consumer Products,Mitigation Annual Review,DTRA,TTO,Completed,12/6/2022 21:28,,Not Needed,FAR-based Contract,In Negotiation,,6/24/2024 2:36,4/6/2025 2:02,,proposal_81833605.pdf,person_Miller.pdf,review_81833605.docx
2025,SSA-integration,9029-9262-4368-5599,Patricia,Michael,Brown,Consultant,P0BJREZAN0YF,Stark Industries,Mitigation Measures Required,Mitigation Measures Required,Mitigation Measures Required,No Mitigation Needed,Mitigation Measures Required,"Cessation, Increased Reporting",analysis development integration integration research innovation deployment integration analysis innovation.,Threat Briefs,research innovation research strategy integration deployment integration.,35838940,OPP-288653,Cross-platform multimedia project Project,2GM2D03Z4F45,Omni Consumer Products,Initial,DTRA,MSO,In Progress,12/8/2024 7:36,,Not Needed,CRADA,Awarded,FAIN7349905,,,4/26/2024 14:34,proposal_35838940.pdf,,review_35838940.docx
2025,SSA-integration,5749-8762-3111-8896,Michael,,Brown,Collaborator,EB3Q82NDH2ZA,MomCorp,No Mitigation Needed,Prohibited Factors,No Mitigation Needed,Prohibited Factors,No Mitigation Needed,"Cessation, Increased Reporting",integration deployment integration innovation optimization optimization innovation deployment deployment optimization.,Threat Briefs,research innovation research strategy integration deployment integration.,35838940,OPP-288653,Cross-platform multimedia project Project,2GM2D03Z4F45,Omni Consumer Products,Initial,DTRA,MSO,In Progress,12/8/2024 7:36,,Not Needed,CRADA,Awarded,FAIN7349905,,,4/26/2024 14:34,proposal_35838940.pdf,,review_35838940.docx
2025,SSA-integration,4462-1616-6771-6458,Peter,,Davis,PI,EB3Q82NDH2ZA,MomCorp,Mitigation Measures Required,No Mitigation Needed,Prohibited Factors,Mitigation Measures Required,Mitigation Measures Required,,synergy strategy solutions analysis strategy research.,Threat Briefs,research innovation research strategy integration deployment integration.,35838940,OPP-288653,Cross-platform multimedia project Project,2GM2D03Z4F45,Omni Consumer Products,Initial,DTRA,MSO,In Progress,12/8/2024 7:36,,Not Needed,CRADA,Awarded,FAIN7349905,,,4/26/2024 14:34,proposal_35838940.pdf,person_Davis.pdf,review_35838940.docx
2025,SSA-integration,9313-1364-2874-9660,Peter,,Smith,Student,P0BJREZAN0YF,Stark Industries,No Mitigation Needed,Mitigation Measures Required,Mitigation Measures Required,Prohibited Factors,No Mitigation Needed,,,Threat Briefs,research innovation research strategy integration deployment integration.,35838940,OPP-288653,Cross-platform multimedia project Project,2GM2D03Z4F45,Omni Consumer Products,Initial,DTRA,MSO,In Progress,12/8/2024 7:36,,Not Needed,CRADA,Awarded,FAIN7349905,,,4/26/2024 14:34,proposal_35838940.pdf,,review_35838940.docx
2023,SSA-deployment,8574-6986-6758-6133,Michael,,Jones,Consultant,P0BJREZAN0YF,Stark Industries,Prohibited Factors,No Mitigation Needed,Mitigation Measures Required,Prohibited Factors,Prohibited Factors,Threat Briefs,,,,14806109,OPP-718295,Adaptive modular solution Project,4K0AW4066EK0,Virtucon,Mitigation Annual Review,ACC,TTO,In Progress,4/7/2023 7:06,aFcVpQJpPUIWzwdlvGEOxdoFDXZNeMFpSFgduDMKyDKGnmsznyamMiScnRRLwkieUwvGdBGcygnKXVnyFUwNgZaENbHGzuGgKt GoHGUrULurCaUlOhKq MibJqxQoDhzkXqXdJbFsbBTfFLZO,Not Needed,Other,Awarded,FAIN1990950,,,6/3/2020 6:31,proposal_14806109.pdf,,
2023,SSA-deployment,8891-4867-3529-7308,Patricia,,Miller,Co-PI,S16GSAX4CIDY,Globex Inc,Prohibited Factors,Prohibited Factors,Mitigation Measures Required,Prohibited Factors,Prohibited Factors,"Cessation, Increased Reporting",,,,14806109,OPP-718295,Adaptive modular solution Project,4K0AW4066EK0,Virtucon,Mitigation Annual Review,ACC,TTO,In Progress,4/7/2023 7:06,aFcVpQJpPUIWzwdlvGEOxdoFDXZNeMFpSFgduDMKyDKGnmsznyamMiScnRRLwkieUwvGdBGcygnKXVnyFUwNgZaENbHGzuGgKt GoHGUrULurCaUlOhKq MibJqxQoDhzkXqXdJbFsbBTfFLZO,Not Needed,Other,Awarded,FAIN1990950,,,6/3/2020 6:31,proposal_14806109.pdf,person_Miller.pdf,
2023,SSA-deployment,7079-5719-4320-8616,Peter,,Miller,Consultant,EB3Q82NDH2ZA,MomCorp,Prohibited Factors,Prohibited Factors,Prohibited Factors,Mitigation Measures Required,Mitigation Measures Required,,deployment development synergy deployment analysis innovation.,,,14806109,OPP-718295,Adaptive modular solution Project,4K0AW4066EK0,Virtucon,Mitigation Annual Review,ACC,TTO,In Progress,4/7/2023 7:06,aFcVpQJpPUIWzwdlvGEOxdoFDXZNeMFpSFgduDMKyDKGnmsznyamMiScnRRLwkieUwvGdBGcygnKXVnyFUwNgZaENbHGzuGgKt GoHGUrULurCaUlOhKq MibJqxQoDhzkXqXdJbFsbBTfFLZO,Not Needed,Other,Awarded,FAIN1990950,,,6/3/2020 6:31,proposal_14806109.pdf,,
2023,SSA-deployment,3658-7489-4481-2249,Robert,Michael,Williams,Consultant,8JK40Q30BVHV,Cyberdyne Systems,No Mitigation Needed,No Mitigation Needed,Mitigation Measures Required,Mitigation Measures Required,No Mitigation Needed,,analysis strategy innovation research innovation optimization.,,,14806109,OPP-718295,Adaptive modular solution Project,4K0AW4066EK0,Virtucon,Mitigation Annual Review,ACC,TTO,In Progress,4/7/2023 7:06,aFcVpQJpPUIWzwdlvGEOxdoFDXZNeMFpSFgduDMKyDKGnmsznyamMiScnRRLwkieUwvGdBGcygnKXVnyFUwNgZaENbHGzuGgKt GoHGUrULurCaUlOhKq MibJqxQoDhzkXqXdJbFsbBTfFLZO,Not Needed,Other,Awarded,FAIN1990950,,,6/3/2020 6:31,proposal_14806109.pdf,person_Williams.pdf,
2023,SSA-deployment,2104-2178-8021-8947,David,,Taylor,Co-PI,VWDUSH65P3UT,Wayne Enterprises,Mitigation Measures Required,No Mitigation Needed,Prohibited Factors,Prohibited Factors,No Mitigation Needed,"Cessation, Increased Reporting",,,,14806109,OPP-718295,Adaptive modular solution Project,4K0AW4066EK0,Virtucon,Mitigation Annual Review,ACC,TTO,In Progress,4/7/2023 7:06,aFcVpQJpPUIWzwdlvGEOxdoFDXZNeMFpSFgduDMKyDKGnmsznyamMiScnRRLwkieUwvGdBGcygnKXVnyFUwNgZaENbHGzuGgKt GoHGUrULurCaUlOhKq MibJqxQoDhzkXqXdJbFsbBTfFLZO,Not Needed,Other,Awarded,FAIN1990950,,,6/3/2020 6:31,proposal_14806109.pdf,person_Taylor.pdf,
2023,SSA-development,8574-6986-6758-6133,Michael,,Jones,Student,95C7CBF2RFOV,Acme Corp,No Mitigation Needed,No Mitigation Needed,No Mitigation Needed,No Mitigation Needed,No Mitigation Needed,,,Threat Briefs,synergy synergy strategy strategy analysis strategy synergy integration solutions.,41566110,OPP-404573,Advanced cohesive hardware Project,CZ5TQAGRDPFT,Tyrell Corp,Initial,DARPA,TTO,Completed,3/9/2025 16:14,,Pending,CRADA,Pending,,5/25/2021 15:40,9/21/2023 5:33,7/14/2021 10:45,proposal_41566110.pdf,person_Jones.pdf,review_41566110.docx
2023,SSA-optimization,2481-7728-4240-5225,Mary,,Brown,PI,EB3Q82NDH2ZA,MomCorp,No Mitigation Needed,Prohibited Factors,Prohibited Factors,No Mitigation Needed,No Mitigation Needed,Threat Briefs,,,,27758116,OPP-195922,Adaptive modular solution Project,S16GSAX4CIDY,Globex Inc,Initial,DTRA,I2O,In Progress,1/18/2020 6:36,,Not Needed,CRADA,Pending,,5/10/2021 20:00,11/11/2023 1:29,9/22/2023 18:26,proposal_27758116.pdf,,review_27758116.docx
2023,SSA-optimization,2104-2178-8021-8947,David,,Taylor,PI,VWDUSH65P3UT,Wayne Enterprises,Mitigation Measures Required,Mitigation Measures Required,No Mitigation Needed,Prohibited Factors,Prohibited Factors,"Cessation, Increased Reporting",development deployment development research integration innovation innovation strategy development analysis solutions deployment analysis strategy innovation.,,,27758116,OPP-195922,Adaptive modular solution Project,S16GSAX4CIDY,Globex Inc,Initial,DTRA,I2O,In Progress,1/18/2020 6:36,,Not Needed,CRADA,Pending,,5/10/2021 20:00,11/11/2023 1:29,9/22/2023 18:26,proposal_27758116.pdf,person_Taylor.pdf,review_27758116.docx
2023,SSA-optimization,8300-2363-5827-8407,Jane,,Williams,Consultant,4K0AW4066EK0,Virtucon,Prohibited Factors,Mitigation Measures Required,No Mitigation Needed,Mitigation Measures Required,No Mitigation Needed,"Cessation, Increased Reporting",deployment integration integration development synergy synergy innovation development synergy development deployment integration.,,,27758116,OPP-195922,Adaptive modular solution Project,S16GSAX4CIDY,Globex Inc,Initial,DTRA,I2O,In Progress,1/18/2020 6:36,,Not Needed,CRADA,Pending,,5/10/2021 20:00,11/11/2023 1:29,9/22/2023 18:26,proposal_27758116.pdf,person_Williams.pdf,review_27758116.docx
2023,SSA-optimization,8574-6986-6758-6133,Michael,,Jones,PI,2GM2D03Z4F45,Omni Consumer Products,Prohibited Factors,Mitigation Measures Required,Prohibited Factors,Mitigation Measures Required,No Mitigation Needed,,strategy optimization optimization deployment development research research.,,,27758116,OPP-195922,Adaptive modular solution Project,S16GSAX4CIDY,Globex Inc,Initial,DTRA,I2O,In Progress,1/18/2020 6:36,,Not Needed,CRADA,Pending,,5/10/2021 20:00,11/11/2023 1:29,9/22/2023 18:26,proposal_27758116.pdf,,review_27758116.docx
2023,SSA-optimization,1946-3590-5529-1334,John,Jane,Taylor,Student,P0BJREZAN0YF,Stark Industries,Mitigation Measures Required,Prohibited Factors,Mitigation Measures Required,Mitigation Measures Required,Prohibited Factors,Threat Briefs,strategy integration development innovation deployment analysis analysis research development integration.,,,27758116,OPP-195922,Adaptive modular solution Project,S16GSAX4CIDY,Globex Inc,Initial,DTRA,I2O,In Progress,1/18/2020 6:36,,Not Needed,CRADA,Pending,,5/10/2021 20:00,11/11/2023 1:29,9/22/2023 18:26,proposal_27758116.pdf,person_Taylor.pdf,review_27758116.docx
2025,SSA-development,9009-4486-9828-9810,Mary,,Taylor,PI,1317BRU1K5HM,Blue Sun Corp,No Mitigation Needed,Prohibited Factors,No Mitigation Needed,No Mitigation Needed,No Mitigation Needed,"Cessation, Increased Reporting",research development synergy optimization optimization deployment deployment.,"Cessation, Increased Reporting",research solutions strategy analysis analysis optimization.,95296622,OPP-553294,Ameliorated didactic strategy Project,8JK40Q30BVHV,Cyberdyne Systems,Mitigation Annual Review,NGA,TTO,Canceled,6/19/2021 21:49,,Not Needed,Other Transaction Authority,Declined,,4/17/2025 6:57,5/26/2021 3:49,,proposal_95296622.pdf,,
2025,SSA-development,8300-2363-5827-8407,Jane,Susan,Williams,Student,P0BJREZAN0YF,Stark Industries,Prohibited Factors,Prohibited Factors,Prohibited Factors,Mitigation Measures Required,Mitigation Measures Required,,analysis solutions synergy optimization strategy strategy strategy solutions analysis integration research deployment innovation.,"Cessation, Increased Reporting",research solutions strategy analysis analysis optimization.,95296622,OPP-553294,Ameliorated didactic strategy Project,8JK40Q30BVHV,Cyberdyne Systems,Mitigation Annual Review,NGA,TTO,Canceled,6/19/2021 21:49,,Not Needed,Other Transaction Authority,Declined,,4/17/2025 6:57,5/26/2021 3:49,,proposal_95296622.pdf,,
2025,SSA-development,6189-1769-2614-2033,Susan,,Brown,Student,VWDUSH65P3UT,Wayne Enterprises,Mitigation Measures Required,Prohibited Factors,Prohibited Factors,Mitigation Measures Required,No Mitigation Needed,"Cessation, Increased Reporting",analysis deployment synergy deployment optimization integration synergy deployment research synergy synergy synergy deployment synergy.,"Cessation, Increased Reporting",research solutions strategy analysis analysis optimization.,95296622,OPP-553294,Ameliorated didactic strategy Project,8JK40Q30BVHV,Cyberdyne Systems,Mitigation Annual Review,NGA,TTO,Canceled,6/19/2021 21:49,,Not Needed,Other Transaction Authority,Declined,,4/17/2025 6:57,5/26/2021 3:49,,proposal_95296622.pdf,,
2025,SSA-development,8603-5590-1153-5798,David,Robert,Wilson,PI,VWDUSH65P3UT,Wayne Enterprises,No Mitigation Needed,Prohibited Factors,No Mitigation Needed,No Mitigation Needed,Prohibited Factors,Threat Briefs,solutions development optimization integration research.,"Cessation, Increased Reporting",research solutions strategy analysis analysis optimization.,95296622,OPP-553294,Ameliorated didactic strategy Project,8JK40Q30BVHV,Cyberdyne Systems,Mitigation Annual Review,NGA,TTO,Canceled,6/19/2021 21:49,,Not Needed,Other Transaction Authority,Declined,,4/17/2025 6:57,5/26/2021 3:49,,proposal_95296622.pdf,person_Wilson.pdf,
2025,SSA-development,8291-2539-5590-1671,Jane,,Moore,Student,EB3Q82NDH2ZA,MomCorp,Prohibited Factors,Prohibited Factors,Mitigation Measures Required,Mitigation Measures Required,Mitigation Measures Required,"Cessation, Increased Reporting",solutions deployment analysis synergy optimization integration development innovation analysis solutions.,"Cessation, Increased Reporting",research solutions strategy analysis analysis optimization.,95296622,OPP-553294,Ameliorated didactic strategy Project,8JK40Q30BVHV,Cyberdyne Systems,Mitigation Annual Review,NGA,TTO,Canceled,6/19/2021 21:49,,Not Needed,Other Transaction Authority,Declined,,4/17/2025 6:57,5/26/2021 3:49,,proposal_95296622.pdf,,
2023,SSA-synergy,5260-7018-8099-8748,Susan,,Smith,Consultant,97FJCZR9TCZW,Virtucon,No Mitigation Needed,No Mitigation Needed,No Mitigation Needed,Prohibited Factors,Prohibited Factors,,analysis optimization integration solutions optimization.,Threat Briefs,,82023166,OPP-519231,Adaptive modular solution Project,95C7CBF2RFOV,Acme Corp,Mitigation Annual Review,ACC,TTO,In Progress,11/24/2024 5:20,,Not Needed,Grant,In Negotiation,,1/8/2024 8:51,,6/16/2020 22:51,proposal_82023166.pdf,,
2023,SSA-synergy,4462-1616-6771-6458,Peter,Patricia,Davis,Collaborator,S16GSAX4CIDY,Globex Inc,Prohibited Factors,Mitigation Measures Required,Mitigation Measures Required,No Mitigation Needed,Mitigation Measures Required,,,Threat Briefs,,82023166,OPP-519231,Adaptive modular solution Project,95C7CBF2RFOV,Acme Corp,Mitigation Annual Review,ACC,TTO,In Progress,11/24/2024 5:20,,Not Needed,Grant,In Negotiation,,1/8/2024 8:51,,6/16/2020 22:51,proposal_82023166.pdf,,
2023,SSA-synergy,7026-3615-3405-5343,Mary,,Jones,PI,1317BRU1K5HM,Blue Sun Corp,Prohibited Factors,Mitigation Measures Required,Prohibited Factors,Mitigation Measures Required,No Mitigation Needed,Threat Briefs,innovation integration development integration research research analysis deployment innovation integration.,Threat Briefs,,82023166,OPP-519231,Adaptive modular solution Project,95C7CBF2RFOV,Acme Corp,Mitigation Annual Review,ACC,TTO,In Progress,11/24/2024 5:20,,Not Needed,Grant,In Negotiation,,1/8/2024 8:51,,6/16/2020 22:51,proposal_82023166.pdf,person_Jones.pdf,
2023,SSA-synergy,7058-6482-4903-3575,Susan,,Miller,Co-PI,VWDUSH65P3UT,Wayne Enterprises,No Mitigation Needed,Prohibited Factors,Mitigation Measures Required,No Mitigation Needed,No Mitigation Needed,,research research strategy solutions deployment development integration deployment solutions innovation solutions solutions analysis innovation.,Threat Briefs,,82023166,OPP-519231,Adaptive modular solution Project,95C7CBF2RFOV,Acme Corp,Mitigation Annual Review,ACC,TTO,In Progress,11/24/2024 5:20,,Not Needed,Grant,In Negotiation,,1/8/2024 8:51,,6/16/2020 22:51,proposal_82023166.pdf,,
2023,SSA-synergy,9009-4486-9828-9810,Mary,,Taylor,Student,P0BJREZAN0YF,Stark Industries,Prohibited Factors,Mitigation Measures Required,No Mitigation Needed,Mitigation Measures Required,Mitigation Measures Required,"Cessation, Increased Reporting",,"Cessation, Increased Reporting",analysis strategy solutions integration integration synergy deployment innovation deployment analysis strategy synergy deployment solutions.,49320162,OPP-168569,Configurable value-added system engine Project,1317BRU1K5HM,Blue Sun Corp,Mitigation Annual Review,DTRA,I2O,Draft,9/14/2020 21:05,,Not Needed,Other,Declined,,7/22/2023 14:20,9/12/2022 6:45,7/3/2022 8:45,proposal_49320162.pdf,,
2023,SSA-synergy,8574-6986-6758-6133,Michael,,Jones,Student,4K0AW4066EK0,Virtucon,Prohibited Factors,Prohibited Factors,No Mitigation Needed,Mitigation Measures Required,Prohibited Factors,"Cessation, Increased Reporting",solutions innovation synergy deployment integration.,"Cessation, Increased Reporting",analysis strategy solutions integration integration synergy deployment innovation deployment analysis strategy synergy deployment solutions.,49320162,OPP-168569,Configurable value-added system engine Project,1317BRU1K5HM,Blue Sun Corp,Mitigation Annual Review,DTRA,I2O,Draft,9/14/2020 21:05,,Not Needed,Other,Declined,,7/22/2023 14:20,9/12/2022 6:45,7/3/2022 8:45,proposal_49320162.pdf,person_Jones.pdf,
2023,SSA-synergy,4462-1616-6771-6458,Peter,,Davis,Collaborator,P0BJREZAN0YF,Stark Industries,Mitigation Measures Required,Prohibited Factors,Prohibited Factors,No Mitigation Needed,Mitigation Measures Required,,integration optimization optimization research deployment.,"Cessation, Increased Reporting",analysis strategy solutions integration integration synergy deployment innovation deployment analysis strategy synergy deployment solutions.,49320162,OPP-168569,Configurable value-added system engine Project,1317BRU1K5HM,Blue Sun Corp,Mitigation Annual Review,DTRA,I2O,Draft,9/14/2020 21:05,,Not Needed,Other,Declined,,7/22/2023 14:20,9/12/2022 6:45,7/3/2022 8:45,proposal_49320162.pdf,,
2023,SSA-synergy,7079-5719-4320-8616,Peter,Michael,Miller,Consultant,1317BRU1K5HM,Blue Sun Corp,Mitigation Measures Required,Mitigation Measures Required,No Mitigation Needed,No Mitigation Needed,No Mitigation Needed,,synergy strategy deployment deployment research integration innovation analysis integration optimization integration development development integration.,"Cessation, Increased Reporting",analysis strategy solutions integration integration synergy deployment innovation deployment analysis strategy synergy deployment solutions.,49320162,OPP-168569,Configurable value-added system engine Project,1317BRU1K5HM,Blue Sun Corp,Mitigation Annual Review,DTRA,I2O,Draft,9/14/2020 21:05,,Not Needed,Other,Declined,,7/22/2023 14:20,9/12/2022 6:45,7/3/2022 8:45,proposal_49320162.pdf,,
2024,SSA-integration,1031-4233-3498-2165,Mary,John,Anderson,Student,2GM2D03Z4F45,Omni Consumer Products,Prohibited Factors,No Mitigation Needed,Prohibited Factors,Mitigation Measures Required,Prohibited Factors,Threat Briefs,analysis optimization strategy development integration optimization.,"Cessation, Increased Reporting",,23548768,OPP-250323,Cloned scalable matrix Project,VWDUSH65P3UT,Wayne Enterprises,Mitigation Annual Review,NGA,I2O,In Progress,2/7/2021 4:07,,Not Needed,Other Transaction Authority,Declined,,7/14/2022 9:24,3/19/2024 2:22,8/1/2025 14:04,proposal_23548768.pdf,,review_23548768.docx
2024,SSA-integration,8291-2539-5590-1671,Jane,David,Moore,PI,P0BJREZAN0YF,Stark Industries,Prohibited Factors,Prohibited Factors,Prohibited Factors,Mitigation Measures Required,Mitigation Measures Required,Threat Briefs,research integration optimization integration integration development integration strategy deployment.,"Cessation, Increased Reporting",,23548768,OPP-250323,Cloned scalable matrix Project,VWDUSH65P3UT,Wayne Enterprises,Mitigation Annual Review,NGA,I2O,In Progress,2/7/2021 4:07,,Not Needed,Other Transaction Authority,Declined,,7/14/2022 9:24,3/19/2024 2:22,8/1/2025 14:04,proposal_23548768.pdf,person_Moore.pdf,review_23548768.docx
2024,SSA-integration,4778-4606-2927-3769,Robert,,Wilson,Student,CZ5TQAGRDPFT,Tyrell Corp,Prohibited Factors,Mitigation Measures Required,Mitigation Measures Required,Prohibited Factors,Mitigation Measures Required,,innovation strategy solutions solutions strategy.,"Cessation, Increased Reporting",,23548768,OPP-250323,Cloned scalable matrix Project,VWDUSH65P3UT,Wayne Enterprises,Mitigation Annual Review,NGA,I2O,In Progress,2/7/2021 4:07,,Not Needed,Other Transaction Authority,Declined,,7/14/2022 9:24,3/19/2024 2:22,8/1/2025 14:04,proposal_23548768.pdf,,review_23548768.docx
2025,SSA-innovation,4018-3350-8748-8348,Peter,,Taylor,Consultant,1317BRU1K5HM,Blue Sun Corp,Mitigation Measures Required,Mitigation Measures Required,No Mitigation Needed,Mitigation Measures Required,No Mitigation Needed,Threat Briefs,solutions solutions analysis integration strategy optimization deployment innovation solutions deployment synergy solutions synergy deployment.,Threat Briefs,,61748321,OPP-331043,Compatible demand-driven workforce Project,1317BRU1K5HM,Blue Sun Corp,Mitigation Annual Review,INSCOM,CDMRP,Draft,8/9/2022 5:48,,Not Needed,CRADA,In Negotiation,,1/10/2024 0:59,5/17/2020 11:44,8/23/2022 1:48,proposal_61748321.pdf,person_Taylor.pdf,
2023,SSA-solutions,9714-1709-5838-4727,Robert,,Anderson,Student,EB3Q82NDH2ZA,MomCorp,Mitigation Measures Required,Mitigation Measures Required,Mitigation Measures Required,Mitigation Measures Required,No Mitigation Needed,Threat Briefs,analysis solutions integration development innovation innovation development analysis solutions analysis innovation deployment analysis innovation.,,,28195765,OPP-035833,Adaptive modular solution Project,CZ5TQAGRDPFT,Tyrell Corp,Mitigation Annual Review,USA,TTO,Canceled,12/8/2024 0:23,fMCFLHslcFqDUflYqSzJaqWlPbtGnuxdJblumXLKRlwhdxPvJWrrKxgKCdLitJxqoNzlDSckxdbyQhDpriUOzlrlr LwPgAskbnHqztojKWPLYCklKSVsYyqutQNixPUzjkUcOAprzweqOHdtYXHqwzFssuPqYanm GcEZJiPUQplfXW,Not Needed,FAR-based Contract,In Negotiation,,,6/26/2025 8:33,4/8/2020 22:15,proposal_28195765.pdf,,review_28195765.docx
2023,SSA-solutions,1821-4676-2980-7386,Patricia,Peter,Moore,Consultant,1317BRU1K5HM,Blue Sun Corp,Prohibited Factors,Prohibited Factors,Prohibited Factors,No Mitigation Needed,Prohibited Factors,,,,,28195765,OPP-035833,Adaptive modular solution Project,CZ5TQAGRDPFT,Tyrell Corp,Mitigation Annual Review,USA,TTO,Canceled,12/8/2024 0:23,fMCFLHslcFqDUflYqSzJaqWlPbtGnuxdJblumXLKRlwhdxPvJWrrKxgKCdLitJxqoNzlDSckxdbyQhDpriUOzlrlr LwPgAskbnHqztojKWPLYCklKSVsYyqutQNixPUzjkUcOAprzweqOHdtYXHqwzFssuPqYanm GcEZJiPUQplfXW,Not Needed,FAR-based Contract,In Negotiation,,,6/26/2025 8:33,4/8/2020 22:15,proposal_28195765.pdf,person_Moore.pdf,review_28195765.docx
2023,SSA-solutions,3624-2474-4256-1521,David,David,Williams,Collaborator,8JK40Q30BVHV,Cyberdyne Systems,No Mitigation Needed,No Mitigation Needed,Mitigation Measures Required,No Mitigation Needed,Prohibited Factors,,research strategy analysis solutions research strategy optimization deployment strategy innovation.,,,28195765,OPP-035833,Adaptive modular solution Project,CZ5TQAGRDPFT,Tyrell Corp,Mitigation Annual Review,USA,TTO,Canceled,12/8/2024 0:23,fMCFLHslcFqDUflYqSzJaqWlPbtGnuxdJblumXLKRlwhdxPvJWrrKxgKCdLitJxqoNzlDSckxdbyQhDpriUOzlrlr LwPgAskbnHqztojKWPLYCklKSVsYyqutQNixPUzjkUcOAprzweqOHdtYXHqwzFssuPqYanm GcEZJiPUQplfXW,Not Needed,FAR-based Contract,In Negotiation,,,6/26/2025 8:33,4/8/2020 22:15,proposal_28195765.pdf,person_Williams.pdf,review_28195765.docx
2023,SSA-solutions,1066-2440-5078-7824,Susan,,Anderson,PI,8JK40Q30BVHV,Cyberdyne Systems,Prohibited Factors,No Mitigation Needed,Prohibited Factors,Mitigation Measures Required,Prohibited Factors,Threat Briefs,,,,28195765,OPP-035833,Adaptive modular solution Project,CZ5TQAGRDPFT,Tyrell Corp,Mitigation Annual Review,USA,TTO,Canceled,12/8/2024 0:23,fMCFLHslcFqDUflYqSzJaqWlPbtGnuxdJblumXLKRlwhdxPvJWrrKxgKCdLitJxqoNzlDSckxdbyQhDpriUOzlrlr LwPgAskbnHqztojKWPLYCklKSVsYyqutQNixPUzjkUcOAprzweqOHdtYXHqwzFssuPqYanm GcEZJiPUQplfXW,Not Needed,FAR-based Contract,In Negotiation,,,6/26/2025 8:33,4/8/2020 22:15,proposal_28195765.pdf,,review_28195765.docx
2024,SSA-optimization,2704-5496-8890-3368,Jane,,Brown,Co-PI,8JK40Q30BVHV,Cyberdyne Systems,Mitigation Measures Required,No Mitigation Needed,Mitigation Measures Required,Prohibited Factors,Prohibited Factors,"Cessation, Increased Reporting",deployment research development deployment synergy synergy analysis optimization research research.,,,7742950,OPP-430509,Business-focused client-driven initiative Project,CZ5TQAGRDPFT,Tyrell Corp,Mitigation Annual Review,USA,DSO,Draft,3/20/2025 4:39,JjvtgQnNzSaMEKEpRtE UnWbKCUknCadfnI ANqbFQWjPLehqhjWHjLfXqPBSSdkJgFGzXGgSvieMGLZRfgGiSmvUdgQrpGgVa pYXyxQpkXyKSPSyijLsmVkUEUUXkLnMwmaWQCxvBlCabQuQBCsmWGMpW,Complete,FAR-based Contract,Awarded,FAIN8902087,6/18/2022 0:22,5/2/2024 23:27,3/26/2023 10:50,proposal_07742950.pdf,person_Brown.pdf,review_07742950.docx
2024,SSA-optimization,9818-6881-1670-7498,Linda,,Davis,PI,VWDUSH65P3UT,Wayne Enterprises,Mitigation Measures Required,Prohibited Factors,Mitigation Measures Required,Mitigation Measures Required,No Mitigation Needed,"Cessation, Increased Reporting",optimization analysis analysis development analysis.,,,7742950,OPP-430509,Business-focused client-driven initiative Project,CZ5TQAGRDPFT,Tyrell Corp,Mitigation Annual Review,USA,DSO,Draft,3/20/2025 4:39,JjvtgQnNzSaMEKEpRtE UnWbKCUknCadfnI ANqbFQWjPLehqhjWHjLfXqPBSSdkJgFGzXGgSvieMGLZRfgGiSmvUdgQrpGgVa pYXyxQpkXyKSPSyijLsmVkUEUUXkLnMwmaWQCxvBlCabQuQBCsmWGMpW,Complete,FAR-based Contract,Awarded,FAIN8902087,6/18/2022 0:22,5/2/2024 23:27,3/26/2023 10:50,proposal_07742950.pdf,,review_07742950.docx
2024,SSA-optimization,9892-2316-2928-4644,John,Mary,Wilson,Student,1317BRU1K5HM,Blue Sun Corp,Prohibited Factors,Mitigation Measures Required,Mitigation Measures Required,Prohibited Factors,No Mitigation Needed,"Cessation, Increased Reporting",deployment strategy strategy solutions strategy deployment synergy solutions optimization.,,,7742950,OPP-430509,Business-focused client-driven initiative Project,CZ5TQAGRDPFT,Tyrell Corp,Mitigation Annual Review,USA,DSO,Draft,3/20/2025 4:39,JjvtgQnNzSaMEKEpRtE UnWbKCUknCadfnI ANqbFQWjPLehqhjWHjLfXqPBSSdkJgFGzXGgSvieMGLZRfgGiSmvUdgQrpGgVa pYXyxQpkXyKSPSyijLsmVkUEUUXkLnMwmaWQCxvBlCabQuQBCsmWGMpW,Complete,FAR-based Contract,Awarded,FAIN8902087,6/18/2022 0:22,5/2/2024 23:27,3/26/2023 10:50,proposal_07742950.pdf,,review_07742950.docx
2023,SSA-solutions,6666-2150-1318-9273,Michael,,Williams,Collaborator,7107RPHYXFCE,Omni Consumer Products,Mitigation Measures Required,Prohibited Factors,Prohibited Factors,No Mitigation Needed,No Mitigation Needed,"Cessation, Increased Reporting",,"Cessation, Increased Reporting",synergy research innovation innovation analysis.,95183003,OPP-715024,Ameliorated didactic strategy Project,S16GSAX4CIDY,Globex Inc,Initial,DTRA,DSO,Canceled,1/17/2021 13:08,,Pending,Grant,Awarded,FAIN3424404,9/5/2021 5:41,,5/4/2023 21:39,proposal_95183003.pdf,person_Williams.pdf,review_95183003.docx
2023,SSA-solutions,3111-4164-8839-9729,Jane,,Smith,Student,95C7CBF2RFOV,Acme Corp,Mitigation Measures Required,No Mitigation Needed,Mitigation Measures Required,No Mitigation Needed,No Mitigation Needed,"Cessation, Increased Reporting",integration deployment solutions development integration research research innovation research.,"Cessation, Increased Reporting",synergy research innovation innovation analysis.,95183003,OPP-715024,Ameliorated didactic strategy Project,S16GSAX4CIDY,Globex Inc,Initial,DTRA,DSO,Canceled,1/17/2021 13:08,,Pending,Grant,Awarded,FAIN3424404,9/5/2021 5:41,,5/4/2023 21:39,proposal_95183003.pdf,person_Smith.pdf,review_95183003.docx
2025,SSA-synergy,1139-8650-9589-5613,Patricia,,Smith,Consultant,S16GSAX4CIDY,Globex Inc,No Mitigation Needed,Prohibited Factors,Prohibited Factors,Mitigation Measures Required,Mitigation Measures Required,,innovation strategy innovation optimization deployment development deployment optimization strategy.,,,77383320,OPP-147376,Assimilated tangible parallelism Project,2GM2D03Z4F45,Omni Consumer Products,Mitigation Annual Review,DTRA,CDMRP,Draft,8/24/2022 19:36,,Complete,CRADA,In Negotiation,,,,,proposal_77383320.pdf,,review_77383320.docx
2025,SSA-synergy,4607-7811-9415-6646,Mary,,Davis,Collaborator,EB3Q82NDH2ZA,MomCorp,No Mitigation Needed,Mitigation Measures Required,No Mitigation Needed,No Mitigation Needed,Mitigation Measures Required,Threat Briefs,,,,77383320,OPP-147376,Assimilated tangible parallelism Project,2GM2D03Z4F45,Omni Consumer Products,Mitigation Annual Review,DTRA,CDMRP,Draft,8/24/2022 19:36,,Complete,CRADA,In Negotiation,,,,,proposal_77383320.pdf,person_Davis.pdf,review_77383320.docx
2025,SSA-synergy,9283-9306-5786-5335,Linda,Linda,Brown,Student,8JK40Q30BVHV,Cyberdyne Systems,Mitigation Measures Required,No Mitigation Needed,Mitigation Measures Required,Mitigation Measures Required,Prohibited Factors,Threat Briefs,deployment integration strategy optimization research synergy optimization development research integration innovation strategy.,,,77383320,OPP-147376,Assimilated tangible parallelism Project,2GM2D03Z4F45,Omni Consumer Products,Mitigation Annual Review,DTRA,CDMRP,Draft,8/24/2022 19:36,,Complete,CRADA,In Negotiation,,,,,proposal_77383320.pdf,,review_77383320.docx
2024,SSA-deployment,7058-6482-4903-3575,Susan,,Miller,Collaborator,4K0AW4066EK0,Virtucon,Mitigation Measures Required,Prohibited Factors,Mitigation Measures Required,No Mitigation Needed,Prohibited Factors,Threat Briefs,research analysis innovation research strategy deployment innovation research deployment optimization synergy deployment.,"Cessation, Increased Reporting",strategy synergy development innovation solutions.,61490657,OPP-354718,Cloned scalable matrix Project,8JK40Q30BVHV,Cyberdyne Systems,Initial,DHA,TTO,In Progress,9/15/2022 20:44,,Pending,CRADA,In Negotiation,,2/2/2025 19:22,3/27/2020 10:16,12/14/2022 20:24,proposal_61490657.pdf,,
2023,SSA-optimization,4139-2131-1680-6186,Susan,David,Williams,Co-PI,2GM2D03Z4F45,Omni Consumer Products,Prohibited Factors,Mitigation Measures Required,Prohibited Factors,No Mitigation Needed,Mitigation Measures Required,,development deployment synergy research analysis research development analysis solutions integration development deployment research solutions.,Threat Briefs,,49742847,OPP-817262,Configurable value-added system engine Project,P0BJREZAN0YF,Stark Industries,Initial,DTRA,DSO,Draft,1/17/2022 19:24,YfnLEwoCdjSepxTItrNSXyZOSldddhRRdezojX wIKwrbbkkouVjtSIcTAoozNLeKLhglrRWznmJjEACMgGlZfCiLtLhrcrGICnzxMRvJrIXLaOfmLcnMzZQKF,Complete,CRADA,In Negotiation,,5/12/2024 20:18,,,proposal_49742847.pdf,person_Williams.pdf,review_49742847.docx
2023,SSA-optimization,8291-2539-5590-1671,Jane,,Moore,Student,95C7CBF2RFOV,Acme Corp,No Mitigation Needed,Prohibited Factors,No Mitigation Needed,No Mitigation Needed,No Mitigation Needed,,,Threat Briefs,,49742847,OPP-817262,Configurable value-added system engine Project,P0BJREZAN0YF,Stark Industries,Initial,DTRA,DSO,Draft,1/17/2022 19:24,YfnLEwoCdjSepxTItrNSXyZOSldddhRRdezojX wIKwrbbkkouVjtSIcTAoozNLeKLhglrRWznmJjEACMgGlZfCiLtLhrcrGICnzxMRvJrIXLaOfmLcnMzZQKF,Complete,CRADA,In Negotiation,,5/12/2024 20:18,,,proposal_49742847.pdf,person_Moore.pdf,review_49742847.docx
2023,SSA-optimization,3259-2258-9144-5642,Linda,,Wilson,Co-PI,4K0AW4066EK0,Virtucon,Prohibited Factors,Mitigation Measures Required,No Mitigation Needed,Prohibited Factors,Mitigation Measures Required,"Cessation, Increased Reporting",analysis strategy synergy integration innovation deployment.,Threat Briefs,,49742847,OPP-817262,Configurable value-added system engine Project,P0BJREZAN0YF,Stark Industries,Initial,DTRA,DSO,Draft,1/17/2022 19:24,YfnLEwoCdjSepxTItrNSXyZOSldddhRRdezojX wIKwrbbkkouVjtSIcTAoozNLeKLhglrRWznmJjEACMgGlZfCiLtLhrcrGICnzxMRvJrIXLaOfmLcnMzZQKF,Complete,CRADA,In Negotiation,,5/12/2024 20:18,,,proposal_49742847.pdf,person_Wilson.pdf,review_49742847.docx
2023,SSA-optimization,6090-8727-9692-9539,Robert,,Davis,PI,GK9QH9JSJBQD,Acme Corp,Mitigation Measures Required,No Mitigation Needed,No Mitigation Needed,No Mitigation Needed,Mitigation Measures Required,"Cessation, Increased Reporting",development analysis synergy optimization synergy innovation research optimization synergy.,Threat Briefs,,49742847,OPP-817262,Configurable value-added system engine Project,P0BJREZAN0YF,Stark Industries,Initial,DTRA,DSO,Draft,1/17/2022 19:24,YfnLEwoCdjSepxTItrNSXyZOSldddhRRdezojX wIKwrbbkkouVjtSIcTAoozNLeKLhglrRWznmJjEACMgGlZfCiLtLhrcrGICnzxMRvJrIXLaOfmLcnMzZQKF,Complete,CRADA,In Negotiation,,5/12/2024 20:18,,,proposal_49742847.pdf,person_Davis.pdf,review_49742847.docx
2023,SSA-optimization,5449-1918-8071-9289,John,,Moore,Student,8JK40Q30BVHV,Cyberdyne Systems,Mitigation Measures Required,Prohibited Factors,Mitigation Measures Required,No Mitigation Needed,Prohibited Factors,,optimization synergy innovation research optimization integration synergy deployment.,Threat Briefs,,49742847,OPP-817262,Configurable value-added system engine Project,P0BJREZAN0YF,Stark Industries,Initial,DTRA,DSO,Draft,1/17/2022 19:24,YfnLEwoCdjSepxTItrNSXyZOSldddhRRdezojX wIKwrbbkkouVjtSIcTAoozNLeKLhglrRWznmJjEACMgGlZfCiLtLhrcrGICnzxMRvJrIXLaOfmLcnMzZQKF,Complete,CRADA,In Negotiation,,5/12/2024 20:18,,,proposal_49742847.pdf,,review_49742847.docx
2024,SSA-integration,7405-9354-2947-4642,Patricia,,Wilson,Co-PI,95C7CBF2RFOV,Acme Corp,Mitigation Measures Required,No Mitigation Needed,Prohibited Factors,No Mitigation Needed,Mitigation Measures Required,Threat Briefs,synergy solutions analysis synergy strategy optimization innovation integration.,Threat Briefs,,55558612,OPP-937004,Cross-platform multimedia project Project,1317BRU1K5HM,Blue Sun Corp,Initial,USA,CDMRP,Canceled,6/9/2023 2:13,,Complete,CRADA,Pending,,6/13/2021 19:12,4/5/2022 5:32,10/13/2021 21:39,proposal_55558612.pdf,,
2024,SSA-integration,8053-6398-6844-8437,David,,Davis,Student,1317BRU1K5HM,Blue Sun Corp,No Mitigation Needed,Mitigation Measures Required,Mitigation Measures Required,Mitigation Measures Required,Mitigation Measures Required,,innovation integration analysis analysis development strategy synergy strategy development development innovation research deployment.,Threat Briefs,,55558612,OPP-937004,Cross-platform multimedia project Project,1317BRU1K5HM,Blue Sun Corp,Initial,USA,CDMRP,Canceled,6/9/2023 2:13,,Complete,CRADA,Pending,,6/13/2021 19:12,4/5/2022 5:32,10/13/2021 21:39,proposal_55558612.pdf,person_Davis.pdf,
2024,SSA-synergy,9058-1198-1274-2868,David,,Brown,PI,4K0AW4066EK0,Virtucon,Mitigation Measures Required,No Mitigation Needed,Prohibited Factors,No Mitigation Needed,No Mitigation Needed,"Cessation, Increased Reporting",deployment innovation research research research synergy optimization solutions synergy analysis innovation research solutions deployment.,"Cessation, Increased Reporting",,29575555,OPP-577481,Assimilated tangible parallelism Project,95C7CBF2RFOV,Acme Corp,Initial,NGA,I2O,Completed,4/6/2024 23:29,,Not Needed,Other,Pending,,,5/21/2025 18:41,,proposal_29575555.pdf,person_Brown.pdf,review_29575555.docx
2024,SSA-synergy,4162-7428-4491-5919,Peter,,Brown,Co-PI,95C7CBF2RFOV,Acme Corp,Mitigation Measures Required,No Mitigation Needed,Prohibited Factors,Mitigation Measures Required,No Mitigation Needed,Threat Briefs,,"Cessation, Increased Reporting",,29575555,OPP-577481,Assimilated tangible parallelism Project,95C7CBF2RFOV,Acme Corp,Initial,NGA,I2O,Completed,4/6/2024 23:29,,Not Needed,Other,Pending,,,5/21/2025 18:41,,proposal_29575555.pdf,person_Brown.pdf,review_29575555.docx
2024,SSA-synergy,8936-7468-4916-2583,David,,Anderson,Student,4K0AW4066EK0,Virtucon,No Mitigation Needed,Mitigation Measures Required,Prohibited Factors,Mitigation Measures Required,Mitigation Measures Required,,development solutions optimization development innovation optimization strategy analysis synergy.,"Cessation, Increased Reporting",,29575555,OPP-577481,Assimilated tangible parallelism Project,95C7CBF2RFOV,Acme Corp,Initial,NGA,I2O,Completed,4/6/2024 23:29,,Not Needed,Other,Pending,,,5/21/2025 18:41,,proposal_29575555.pdf,,review_29575555.docx
2024,SSA-synergy,6637-3966-2365-1403,John,,Jones,Consultant,P0BJREZAN0YF,Stark Industries,No Mitigation Needed,Prohibited Factors,Mitigation Measures Required,Prohibited Factors,No Mitigation Needed,Threat Briefs,,"Cessation, Increased Reporting",,29575555,OPP-577481,Assimilated tangible parallelism Project,95C7CBF2RFOV,Acme Corp,Initial,NGA,I2O,Completed,4/6/2024 23:29,,Not Needed,Other,Pending,,,5/21/2025 18:41,,proposal_29575555.pdf,person_Jones.pdf,review_29575555.docx
2024,SSA-synergy,1031-4233-3498-2165,Mary,Peter,Anderson,Student,S16GSAX4CIDY,Globex Inc,Mitigation Measures Required,No Mitigation Needed,No Mitigation Needed,Prohibited Factors,Mitigation Measures Required,,integration solutions development optimization integration synergy.,"Cessation, Increased Reporting",,29575555,OPP-577481,Assimilated tangible parallelism Project,95C7CBF2RFOV,Acme Corp,Initial,NGA,I2O,Completed,4/6/2024 23:29,,Not Needed,Other,Pending,,,5/21/2025 18:41,,proposal_29575555.pdf,person_Anderson.pdf,review_29575555.docx
2023,SSA-synergy,6426-6062-5484-2188,Jane,,Wilson,Consultant,1317BRU1K5HM,Blue Sun Corp,Prohibited Factors,Prohibited Factors,Prohibited Factors,Mitigation Measures Required,Prohibited Factors,,,"Cessation, Increased Reporting",,15313159,OPP-246411,Automated bi-directional pricing structure Project,EB3Q82NDH2ZA,MomCorp,Initial,USA,MSO,Canceled,4/22/2021 6:46,WkJdhNsXECLijvLhAuJPaCSigXAWdCfTBmzpKqZQqzjbrBAIRfToXuhsJTSDdIADTxZaquXUyNjHM,Complete,Grant,In Negotiation,,5/28/2021 8:36,,,proposal_15313159.pdf,person_Wilson.pdf,
2025,SSA-strategy,2276-6001-5996-2872,Jane,,Anderson,PI,1317BRU1K5HM,Blue Sun Corp,Prohibited Factors,Mitigation Measures Required,No Mitigation Needed,Prohibited Factors,Prohibited Factors,,optimization optimization strategy optimization integration.,,,63237961,OPP-974804,Automated bi-directional pricing structure Project,4K0AW4066EK0,Virtucon,Mitigation Annual Review,DTRA,MSO,In Progress,6/10/2024 19:15,BgqzOLhlq UTsUAswnrLPXrysdCygBoXHlUHMpWxR JIXzNRVpFbvaC OovmWLbYGywVsZAxf,Not Needed,FAR-based Contract,Declined,,1/10/2025 1:53,,3/6/2023 0:32,proposal_63237961.pdf,,
2025,SSA-strategy,9029-9262-4368-5599,Patricia,,Brown,Consultant,P0BJREZAN0YF,Stark Industries,No Mitigation Needed,Prohibited Factors,Prohibited Factors,No Mitigation Needed,Mitigation Measures Required,Threat Briefs,,,,63237961,OPP-974804,Automated bi-directional pricing structure Project,4K0AW4066EK0,Virtucon,Mitigation Annual Review,DTRA,MSO,In Progress,6/10/2024 19:15,BgqzOLhlq UTsUAswnrLPXrysdCygBoXHlUHMpWxR JIXzNRVpFbvaC OovmWLbYGywVsZAxf,Not Needed,FAR-based Contract,Declined,,1/10/2025 1:53,,3/6/2023 0:32,proposal_63237961.pdf,,
2025,SSA-strategy,2104-2178-8021-8947,David,,Taylor,Collaborator,P0BJREZAN0YF,Stark Industries,Mitigation Measures Required,Mitigation Measures Required,Prohibited Factors,Prohibited Factors,Mitigation Measures Required,,deployment integration integration integration solutions research.,,,63237961,OPP-974804,Automated bi-directional pricing structure Project,4K0AW4066EK0,Virtucon,Mitigation Annual Review,DTRA,MSO,In Progress,6/10/2024 19:15,BgqzOLhlq UTsUAswnrLPXrysdCygBoXHlUHMpWxR JIXzNRVpFbvaC OovmWLbYGywVsZAxf,Not Needed,FAR-based Contract,Declined,,1/10/2025 1:53,,3/6/2023 0:32,proposal_63237961.pdf,person_Taylor.pdf,
2025,SSA-strategy,4018-3350-8748-8348,Peter,,Taylor,PI,CZ5TQAGRDPFT,Tyrell Corp,No Mitigation Needed,No Mitigation Needed,Prohibited Factors,Mitigation Measures Required,Mitigation Measures Required,,synergy research innovation analysis innovation deployment development research solutions solutions.,,,63237961,OPP-974804,Automated bi-directional pricing structure Project,4K0AW4066EK0,Virtucon,Mitigation Annual Review,DTRA,MSO,In Progress,6/10/2024 19:15,BgqzOLhlq UTsUAswnrLPXrysdCygBoXHlUHMpWxR JIXzNRVpFbvaC OovmWLbYGywVsZAxf,Not Needed,FAR-based Contract,Declined,,1/10/2025 1:53,,3/6/2023 0:32,proposal_63237961.pdf,,
2023,SSA-development,4462-1616-6771-6458,Peter,,Davis,Co-PI,95C7CBF2RFOV,Acme Corp,Prohibited Factors,Mitigation Measures Required,No Mitigation Needed,Mitigation Measures Required,Prohibited Factors,,optimization optimization development innovation deployment solutions strategy research strategy.,"Cessation, Increased Reporting",innovation innovation analysis research integration development innovation deployment research optimization optimization.,34383404,OPP-146490,Advanced cohesive hardware Project,EB3Q82NDH2ZA,MomCorp,Mitigation Annual Review,DHA,I2O,Draft,3/3/2024 23:52,,Pending,CRADA,Awarded,FAIN8484207,7/20/2022 4:46,9/18/2023 18:34,,proposal_34383404.pdf,,review_34383404.docx
2023,SSA-development,3548-1270-1025-6300,Patricia,,Anderson,PI,2GM2D03Z4F45,Omni Consumer Products,No Mitigation Needed,Mitigation Measures Required,No Mitigation Needed,No Mitigation Needed,Prohibited Factors,Threat Briefs,analysis innovation research integration optimization strategy analysis innovation deployment strategy innovation strategy solutions optimization deployment.,"Cessation, Increased Reporting",innovation innovation analysis research integration development innovation deployment research optimization optimization.,34383404,OPP-146490,Advanced cohesive hardware Project,EB3Q82NDH2ZA,MomCorp,Mitigation Annual Review,DHA,I2O,Draft,3/3/2024 23:52,,Pending,CRADA,Awarded,FAIN8484207,7/20/2022 4:46,9/18/2023 18:34,,proposal_34383404.pdf,,review_34383404.docx
2023,SSA-development,5342-2934-7908-4582,David,,Jones,Co-PI,2GM2D03Z4F45,Omni Consumer Products,Prohibited Factors,No Mitigation Needed,Mitigation Measures Required,No Mitigation Needed,No Mitigation Needed,"Cessation, Increased Reporting",optimization research deployment innovation solutions.,"Cessation, Increased Reporting",innovation innovation analysis research integration development innovation deployment research optimization optimization.,34383404,OPP-146490,Advanced cohesive hardware Project,EB3Q82NDH2ZA,MomCorp,Mitigation Annual Review,DHA,I2O,Draft,3/3/2024 23:52,,Pending,CRADA,Awarded,FAIN8484207,7/20/2022 4:46,9/18/2023 18:34,,proposal_34383404.pdf,person_Jones.pdf,review_34383404.docx
2023,SSA-development,3658-7489-4481-2249,Robert,,Williams,PI,95C7CBF2RFOV,Acme Corp,No Mitigation Needed,No Mitigation Needed,Prohibited Factors,Mitigation Measures Required,Prohibited Factors,,solutions optimization research strategy integration integration development analysis development.,"Cessation, Increased Reporting",innovation innovation analysis research integration development innovation deployment research optimization optimization.,34383404,OPP-146490,Advanced cohesive hardware Project,EB3Q82NDH2ZA,MomCorp,Mitigation Annual Review,DHA,I2O,Draft,3/3/2024 23:52,,Pending,CRADA,Awarded,FAIN8484207,7/20/2022 4:46,9/18/2023 18:34,,proposal_34383404.pdf,person_Williams.pdf,review_34383404.docx
2023,SSA-development,7026-3615-3405-5343,Mary,,Jones,Collaborator,95C7CBF2RFOV,Acme Corp,Prohibited Factors,No Mitigation Needed,No Mitigation Needed,No Mitigation Needed,Prohibited Factors,Threat Briefs,integration analysis synergy solutions integration research deployment.,"Cessation, Increased Reporting",innovation innovation analysis research integration development innovation deployment research optimization optimization.,34383404,OPP-146490,Advanced cohesive hardware Project,EB3Q82NDH2ZA,MomCorp,Mitigation Annual Review,DHA,I2O,Draft,3/3/2024 23:52,,Pending,CRADA,Awarded,FAIN8484207,7/20/2022 4:46,9/18/2023 18:34,,proposal_34383404.pdf,person_Jones.pdf,review_34383404.docx
2025,SSA-analysis,7058-6482-4903-3575,Susan,,Miller,Student,VWDUSH65P3UT,Wayne Enterprises,No Mitigation Needed,No Mitigation Needed,Mitigation Measures Required,No Mitigation Needed,Mitigation Measures Required,Threat Briefs,integration synergy deployment solutions deployment innovation synergy.,Threat Briefs,solutions strategy optimization innovation integration innovation research deployment development deployment solutions development optimization.,27962588,OPP-220823,Configurable value-added system engine Project,4K0AW4066EK0,Virtucon,Initial,DHA,DSO,Draft,4/1/2021 11:37,,Not Needed,FAR-based Contract,Pending,,,,,proposal_27962588.pdf,person_Miller.pdf,review_27962588.docx
2025,SSA-analysis,6089-1576-5011-7603,Michael,Susan,Miller,Student,VWDUSH65P3UT,Wayne Enterprises,Prohibited Factors,Prohibited Factors,No Mitigation Needed,Prohibited Factors,No Mitigation Needed,Threat Briefs,,Threat Briefs,solutions strategy optimization innovation integration innovation research deployment development deployment solutions development optimization.,27962588,OPP-220823,Configurable value-added system engine Project,4K0AW4066EK0,Virtucon,Initial,DHA,DSO,Draft,4/1/2021 11:37,,Not Needed,FAR-based Contract,Pending,,,,,proposal_27962588.pdf,,review_27962588.docx
2025,SSA-analysis,2704-5496-8890-3368,Jane,,Brown,Consultant,4K0AW4066EK0,Virtucon,No Mitigation Needed,No Mitigation Needed,Mitigation Measures Required,Mitigation Measures Required,Mitigation Measures Required,,,Threat Briefs,solutions strategy optimization innovation integration innovation research deployment development deployment solutions development optimization.,27962588,OPP-220823,Configurable value-added system engine Project,4K0AW4066EK0,Virtucon,Initial,DHA,DSO,Draft,4/1/2021 11:37,,Not Needed,FAR-based Contract,Pending,,,,,proposal_27962588.pdf,,review_27962588.docx
2025,SSA-analysis,8746-3273-1269-8861,Susan,,Wilson,Student,8JK40Q30BVHV,Cyberdyne Systems,No Mitigation Needed,Prohibited Factors,No Mitigation Needed,Mitigation Measures Required,Prohibited Factors,,solutions analysis development deployment innovation innovation integration solutions strategy optimization deployment integration analysis.,Threat Briefs,solutions strategy optimization innovation integration innovation research deployment development deployment solutions development optimization.,27962588,OPP-220823,Configurable value-added system engine Project,4K0AW4066EK0,Virtucon,Initial,DHA,DSO,Draft,4/1/2021 11:37,,Not Needed,FAR-based Contract,Pending,,,,,proposal_27962588.pdf,,review_27962588.docx
2023,SSA-strategy,3259-2258-9144-5642,Linda,,Wilson,Collaborator,1317BRU1K5HM,Blue Sun Corp,Mitigation Measures Required,Prohibited Factors,Prohibited Factors,No Mitigation Needed,Prohibited Factors,"Cessation, Increased Reporting",innovation innovation deployment integration analysis strategy optimization solutions synergy integration development deployment.,"Cessation, Increased Reporting",analysis strategy research analysis strategy optimization synergy strategy deployment development analysis integration.,15843266,OPP-994779,Advanced cohesive hardware Project,2GM2D03Z4F45,Omni Consumer Products,Initial,DARPA,MSO,Completed,11/1/2022 18:09,,Not Needed,FAR-based Contract,Awarded,FAIN8077663,,7/13/2020 15:32,,proposal_15843266.pdf,,
2023,SSA-strategy,8891-4867-3529-7308,Patricia,,Miller,PI,8JK40Q30BVHV,Cyberdyne Systems,No Mitigation Needed,Mitigation Measures Required,No Mitigation Needed,Mitigation Measures Required,No Mitigation Needed,"Cessation, Increased Reporting",solutions analysis research strategy analysis deployment synergy development innovation innovation innovation.,"Cessation, Increased Reporting",analysis strategy research analysis strategy optimization synergy strategy deployment development analysis integration.,15843266,OPP-994779,Advanced cohesive hardware Project,2GM2D03Z4F45,Omni Consumer Products,Initial,DARPA,MSO,Completed,11/1/2022 18:09,,Not Needed,FAR-based Contract,Awarded,FAIN8077663,,7/13/2020 15:32,,proposal_15843266.pdf,,
2023,SSA-strategy,8603-5590-1153-5798,David,,Wilson,Co-PI,P0BJREZAN0YF,Stark Industries,Prohibited Factors,No Mitigation Needed,Mitigation Measures Required,Prohibited Factors,No Mitigation Needed,,innovation strategy development strategy integration integration solutions solutions solutions integration synergy research strategy.,"Cessation, Increased Reporting",analysis strategy research analysis strategy optimization synergy strategy deployment development analysis integration.,15843266,OPP-994779,Advanced cohesive hardware Project,2GM2D03Z4F45,Omni Consumer Products,Initial,DARPA,MSO,Completed,11/1/2022 18:09,,Not Needed,FAR-based Contract,Awarded,FAIN8077663,,7/13/2020 15:32,,proposal_15843266.pdf,,
2023,SSA-synergy,9818-6881-1670-7498,Linda,,Davis,Co-PI,2GM2D03Z4F45,Omni Consumer Products,Prohibited Factors,Prohibited Factors,No Mitigation Needed,No Mitigation Needed,Mitigation Measures Required,,,,,79981153,OPP-865658,Automated bi-directional pricing structure Project,EB3Q82NDH2ZA,MomCorp,Initial,DHA,TTO,Completed,12/13/2025 0:25,,Not Needed,Other,In Negotiation,,,7/19/2023 7:09,6/24/2020 20:14,proposal_79981153.pdf,person_Davis.pdf,
2025,SSA-development,8378-7883-3324-3119,Mary,Mary,Moore,Student,95C7CBF2RFOV,Acme Corp,No Mitigation Needed,Mitigation Measures Required,No Mitigation Needed,Prohibited Factors,Prohibited Factors,,development development development synergy synergy synergy research strategy integration integration strategy.,Threat Briefs,strategy optimization development strategy analysis synergy strategy optimization.,54035595,OPP-076595,Ameliorated didactic strategy Project,P0BJREZAN0YF,Stark Industries,Initial,DTRA,TTO,In Progress,10/10/2023 19:50,,Not Needed,Grant,Awarded,FAIN7480949,8/4/2022 23:21,2/25/2021 13:38,7/3/2022 16:36,proposal_54035595.pdf,person_Moore.pdf,
2025,SSA-development,6426-6062-5484-2188,Jane,,Wilson,Collaborator,8JK40Q30BVHV,Cyberdyne Systems,Prohibited Factors,No Mitigation Needed,Prohibited Factors,Prohibited Factors,Mitigation Measures Required,,research integration synergy optimization analysis solutions deployment research.,Threat Briefs,strategy optimization development strategy analysis synergy strategy optimization.,54035595,OPP-076595,Ameliorated didactic strategy Project,P0BJREZAN0YF,Stark Industries,Initial,DTRA,TTO,In Progress,10/10/2023 19:50,,Not Needed,Grant,Awarded,FAIN7480949,8/4/2022 23:21,2/25/2021 13:38,7/3/2022 16:36,proposal_54035595.pdf,person_Wilson.pdf,
2025,SSA-development,9009-4486-9828-9810,Mary,,Taylor,Collaborator,EB3Q82NDH2ZA,MomCorp,No Mitigation Needed,Prohibited Factors,No Mitigation Needed,Mitigation Measures Required,Mitigation Measures Required,Threat Briefs,analysis development synergy deployment optimization development analysis optimization analysis strategy research strategy strategy innovation.,Threat Briefs,strategy optimization development strategy analysis synergy strategy optimization.,54035595,OPP-076595,Ameliorated didactic strategy Project,P0BJREZAN0YF,Stark Industries,Initial,DTRA,TTO,In Progress,10/10/2023 19:50,,Not Needed,Grant,Awarded,FAIN7480949,8/4/2022 23:21,2/25/2021 13:38,7/3/2022 16:36,proposal_54035595.pdf,,
2025,SSA-development,9029-9262-4368-5599,Patricia,,Brown,Consultant,95C7CBF2RFOV,Acme Corp,Prohibited Factors,Mitigation Measures Required,Prohibited Factors,No Mitigation Needed,Prohibited Factors,Threat Briefs,research synergy analysis research optimization integration deployment research development solutions innovation strategy.,Threat Briefs,strategy optimization development strategy analysis synergy strategy optimization.,54035595,OPP-076595,Ameliorated didactic strategy Project,P0BJREZAN0YF,Stark Industries,Initial,DTRA,TTO,In Progress,10/10/2023 19:50,,Not Needed,Grant,Awarded,FAIN7480949,8/4/2022 23:21,2/25/2021 13:38,7/3/2022 16:36,proposal_54035595.pdf,person_Brown.pdf,
2024,SSA-synergy,7405-9354-2947-4642,Patricia,,Wilson,Consultant,EB3Q82NDH2ZA,MomCorp,Mitigation Measures Required,Prohibited Factors,Mitigation Measures Required,Prohibited Factors,No Mitigation Needed,Threat Briefs,,,,70244831,OPP-363596,Business-focused client-driven initiative Project,8JK40Q30BVHV,Cyberdyne Systems,Mitigation Annual Review,INSCOM,DSO,In Progress,12/8/2025 8:01,,Not Needed,FAR-based Contract,In Negotiation,,9/6/2020 6:16,,9/4/2020 17:30,proposal_70244831.pdf,,
2024,SSA-synergy,7902-9517-3520-2799,Linda,Susan,Smith,Student,VWDUSH65P3UT,Wayne Enterprises,Prohibited Factors,No Mitigation Needed,Mitigation Measures Required,No Mitigation Needed,Prohibited Factors,,integration analysis development development synergy.,,,70244831,OPP-363596,Business-focused client-driven initiative Project,8JK40Q30BVHV,Cyberdyne Systems,Mitigation Annual Review,INSCOM,DSO,In Progress,12/8/2025 8:01,,Not Needed,FAR-based Contract,In Negotiation,,9/6/2020 6:16,,9/4/2020 17:30,proposal_70244831.pdf,,
2023,SSA-research,2086-8415-7667-4413,Peter,John,Anderson,Student,CZ5TQAGRDPFT,Tyrell Corp,Prohibited Factors,Prohibited Factors,Prohibited Factors,No Mitigation Needed,Prohibited Factors,,analysis strategy innovation optimization optimization strategy integration deployment.,,,41954519,OPP-789290,Assimilated tangible parallelism Project,8JK40Q30BVHV,Cyberdyne Systems,Mitigation Annual Review,DHA,DSO,Canceled,10/3/2020 8:07,tFozraLkhDdxEskKlflWkhwHsULlGeCxpUB X,Pending,FAR-based Contract,In Negotiation,,7/7/2022 18:21,12/15/2022 1:08,8/2/2024 8:26,proposal_41954519.pdf,,
2023,SSA-research,4119-2857-8173-6600,Mary,,Miller,Consultant,1317BRU1K5HM,Blue Sun Corp,Mitigation Measures Required,Mitigation Measures Required,Prohibited Factors,Prohibited Factors,Prohibited Factors,,synergy development optimization strategy innovation optimization solutions optimization innovation innovation optimization synergy optimization.,,,41954519,OPP-789290,Assimilated tangible parallelism Project,8JK40Q30BVHV,Cyberdyne Systems,Mitigation Annual Review,DHA,DSO,Canceled,10/3/2020 8:07,tFozraLkhDdxEskKlflWkhwHsULlGeCxpUB X,Pending,FAR-based Contract,In Negotiation,,7/7/2022 18:21,12/15/2022 1:08,8/2/2024 8:26,proposal_41954519.pdf,person_Miller.pdf,
2023,SSA-research,2276-6001-5996-2872,Jane,David,Anderson,Student,UNNDE2JVWW22,Omni Consumer Products,No Mitigation Needed,No Mitigation Needed,Mitigation Measures Required,Prohibited Factors,No Mitigation Needed,"Cessation, Increased Reporting",,,,41954519,OPP-789290,Assimilated tangible parallelism Project,8JK40Q30BVHV,Cyberdyne Systems,Mitigation Annual Review,DHA,DSO,Canceled,10/3/2020 8:07,tFozraLkhDdxEskKlflWkhwHsULlGeCxpUB X,Pending,FAR-based Contract,In Negotiation,,7/7/2022 18:21,12/15/2022 1:08,8/2/2024 8:26,proposal_41954519.pdf,person_Anderson.pdf,
2023,SSA-research,4607-7811-9415-6646,Mary,Linda,Davis,Co-PI,4K0AW4066EK0,Virtucon,Prohibited Factors,No Mitigation Needed,Mitigation Measures Required,Mitigation Measures Required,Prohibited Factors,"Cessation, Increased Reporting",integration synergy analysis integration research research.,,,41954519,OPP-789290,Assimilated tangible parallelism Project,8JK40Q30BVHV,Cyberdyne Systems,Mitigation Annual Review,DHA,DSO,Canceled,10/3/2020 8:07,tFozraLkhDdxEskKlflWkhwHsULlGeCxpUB X,Pending,FAR-based Contract,In Negotiation,,7/7/2022 18:21,12/15/2022 1:08,8/2/2024 8:26,proposal_41954519.pdf,,
2024,SSA-optimization,5449-1918-8071-9289,John,Patricia,Moore,Co-PI,VWDUSH65P3UT,Wayne Enterprises,Mitigation Measures Required,Mitigation Measures Required,Prohibited Factors,Prohibited Factors,Prohibited Factors,"Cessation, Increased Reporting",analysis research development synergy research.,"Cessation, Increased Reporting",synergy optimization optimization deployment synergy research synergy integration development analysis.,31025815,OPP-135407,Business-focused client-driven initiative Project,EB3Q82NDH2ZA,MomCorp,Mitigation Annual Review,INSCOM,DSO,Completed,5/26/2022 23:13,,Pending,CRADA,Awarded,FAIN5195099,1/2/2022 6:18,7/23/2024 23:00,8/24/2022 8:24,proposal_31025815.pdf,,
2024,SSA-optimization,1532-1355-6668-6924,Patricia,,Williams,PI,VWDUSH65P3UT,Wayne Enterprises,Mitigation Measures Required,Prohibited Factors,Prohibited Factors,Mitigation Measures Required,Prohibited Factors,,strategy deployment solutions synergy innovation development.,"Cessation, Increased Reporting",synergy optimization optimization deployment synergy research synergy integration development analysis.,31025815,OPP-135407,Business-focused client-driven initiative Project,EB3Q82NDH2ZA,MomCorp,Mitigation Annual Review,INSCOM,DSO,Completed,5/26/2022 23:13,,Pending,CRADA,Awarded,FAIN5195099,1/2/2022 6:18,7/23/2024 23:00,8/24/2022 8:24,proposal_31025815.pdf,person_Williams.pdf,
2025,SSA-innovation,1139-8650-9589-5613,Patricia,Robert,Smith,PI,4K0AW4066EK0,Virtucon,Prohibited Factors,Prohibited Factors,No Mitigation Needed,Mitigation Measures Required,No Mitigation Needed,,integration optimization innovation analysis synergy strategy development innovation strategy synergy research optimization analysis.,Threat Briefs,,46081394,OPP-379894,Ameliorated didactic strategy Project,4K0AW4066EK0,Virtucon,Initial,DHA,I2O,Canceled,2/8/2024 19:38,YwJYqJlatCwIqAeCt jAbtnlQLlrbJFBUxfZCBFJZCnTObA kNZeLGuUAcDCpmjrfWgUndEarrCaZbjLzvImFMrRwqVzLnCZ gLRwhZURLQpWLSXHBfZntyGRQffimNuaaNxVJgYAkUEheLDb grmmSvQvtjLJGvK HNUmxBCEzniBYSDHtsS,Pending,Grant,Declined,,9/11/2021 23:23,,,proposal_46081394.pdf,,review_46081394.docx
2023,SSA-optimization,4119-2857-8173-6600,Mary,,Miller,Consultant,P0BJREZAN0YF,Stark Industries,Prohibited Factors,No Mitigation Needed,No Mitigation Needed,No Mitigation Needed,Prohibited Factors,Threat Briefs,solutions innovation integration solutions integration.,Threat Briefs,innovation solutions research development optimization strategy research deployment optimization analysis strategy analysis innovation strategy optimization.,57107617,OPP-761304,Assimilated tangible parallelism Project,VWDUSH65P3UT,Wayne Enterprises,Initial,DHA,DSO,In Progress,5/15/2025 21:17,,Complete,FAR-based Contract,Declined,,,,4/24/2023 16:24,proposal_57107617.pdf,person_Miller.pdf,
2023,SSA-optimization,7368-9539-7504-1401,John,,Davis,Co-PI,1317BRU1K5HM,Blue Sun Corp,Mitigation Measures Required,Mitigation Measures Required,Mitigation Measures Required,Mitigation Measures Required,No Mitigation Needed,"Cessation, Increased Reporting",deployment solutions development analysis analysis innovation development integration research synergy development innovation research integration integration.,Threat Briefs,innovation solutions research development optimization strategy research deployment optimization analysis strategy analysis innovation strategy optimization.,57107617,OPP-761304,Assimilated tangible parallelism Project,VWDUSH65P3UT,Wayne Enterprises,Initial,DHA,DSO,In Progress,5/15/2025 21:17,,Complete,FAR-based Contract,Declined,,,,4/24/2023 16:24,proposal_57107617.pdf,,
2023,SSA-optimization,7209-9708-3693-3439,Michael,,Moore,Collaborator,JTK7SBNYTSPA,Globex Inc,Prohibited Factors,Prohibited Factors,Mitigation Measures Required,Prohibited Factors,Mitigation Measures Required,"Cessation, Increased Reporting",integration integration analysis innovation synergy strategy research integration analysis analysis development solutions synergy.,Threat Briefs,innovation solutions research development optimization strategy research deployment optimization analysis strategy analysis innovation strategy optimization.,57107617,OPP-761304,Assimilated tangible parallelism Project,VWDUSH65P3UT,Wayne Enterprises,Initial,DHA,DSO,In Progress,5/15/2025 21:17,,Complete,FAR-based Contract,Declined,,,,4/24/2023 16:24,proposal_57107617.pdf,,
2023,SSA-research,7058-6482-4903-3575,Susan,Linda,Miller,Consultant,95C7CBF2RFOV,Acme Corp,No Mitigation Needed,Prohibited Factors,Prohibited Factors,No Mitigation Needed,Mitigation Measures Required,,,Threat Briefs,development development innovation research synergy optimization solutions integration synergy solutions development synergy integration optimization synergy.,20769664,OPP-036665,Advanced cohesive hardware Project,4K0AW4066EK0,Virtucon,Initial,DARPA,MSO,Completed,9/3/2023 12:14,sjjELieDRfWyssutVtnRjekFPaZQstcxMXQwDpJmMYakMstnoiYdRQvgUDzwAGJyxJLNilddwRxMCKiXhqatFXeNocYJsbQZWaCGlfDGgaMxLdmKGY,Complete,FAR-based Contract,In Negotiation,,12/11/2024 5:01,,3/25/2022 7:03,proposal_20769664.pdf,,review_20769664.docx
2023,SSA-research,1385-8950-3310-4586,David,,Moore,Student,EB3Q82NDH2ZA,MomCorp,Prohibited Factors,Mitigation Measures Required,Mitigation Measures Required,Mitigation Measures Required,Mitigation Measures Required,Threat Briefs,,Threat Briefs,development development innovation research synergy optimization solutions integration synergy solutions development synergy integration optimization synergy.,20769664,OPP-036665,Advanced cohesive hardware Project,4K0AW4066EK0,Virtucon,Initial,DARPA,MSO,Completed,9/3/2023 12:14,sjjELieDRfWyssutVtnRjekFPaZQstcxMXQwDpJmMYakMstnoiYdRQvgUDzwAGJyxJLNilddwRxMCKiXhqatFXeNocYJsbQZWaCGlfDGgaMxLdmKGY,Complete,FAR-based Contract,In Negotiation,,12/11/2024 5:01,,3/25/2022 7:03,proposal_20769664.pdf,,review_20769664.docx
2025,SSA-optimization,3658-7489-4481-2249,Robert,,Williams,PI,S16GSAX4CIDY,Globex Inc,No Mitigation Needed,Mitigation Measures Required,Mitigation Measures Required,Prohibited Factors,Prohibited Factors,"Cessation, Increased Reporting",synergy optimization development solutions optimization solutions optimization innovation.,Threat Briefs,deployment analysis integration strategy analysis optimization solutions optimization deployment integration.,38248016,OPP-008803,Cloned scalable matrix Project,P0BJREZAN0YF,Stark Industries,Mitigation Annual Review,DARPA,DSO,Completed,2/21/2020 13:52,jyrXxeSPbxLvLWDCSqTUzjjbTLxXCPCKOykTwEzPPNuRhWmuZbHqvNzpwUVknnFVdeLLvqgYivJJffccbjACdWBOQHkHIRJBYKDzgoLpgMccFOFeoxSVsQURVhPQVgzTlYNvKDuiG,Not Needed,Other,Pending,,1/8/2024 4:56,,11/17/2022 23:54,proposal_38248016.pdf,,
2025,SSA-optimization,5051-6236-8974-1785,Robert,,Brown,Student,P0BJREZAN0YF,Stark Industries,Mitigation Measures Required,Mitigation Measures Required,Prohibited Factors,Prohibited Factors,Mitigation Measures Required,"Cessation, Increased Reporting",optimization deployment research optimization synergy research innovation synergy.,Threat Briefs,deployment analysis integration strategy analysis optimization solutions optimization deployment integration.,38248016,OPP-008803,Cloned scalable matrix Project,P0BJREZAN0YF,Stark Industries,Mitigation Annual Review,DARPA,DSO,Completed,2/21/2020 13:52,jyrXxeSPbxLvLWDCSqTUzjjbTLxXCPCKOykTwEzPPNuRhWmuZbHqvNzpwUVknnFVdeLLvqgYivJJffccbjACdWBOQHkHIRJBYKDzgoLpgMccFOFeoxSVsQURVhPQVgzTlYNvKDuiG,Not Needed,Other,Pending,,1/8/2024 4:56,,11/17/2022 23:54,proposal_38248016.pdf,,
2025,SSA-optimization,7058-6482-4903-3575,Susan,,Miller,Collaborator,4K0AW4066EK0,Virtucon,No Mitigation Needed,Prohibited Factors,No Mitigation Needed,Prohibited Factors,No Mitigation Needed,Threat Briefs,,Threat Briefs,deployment analysis integration strategy analysis optimization solutions optimization deployment integration.,38248016,OPP-008803,Cloned scalable matrix Project,P0BJREZAN0YF,Stark Industries,Mitigation Annual Review,DARPA,DSO,Completed,2/21/2020 13:52,jyrXxeSPbxLvLWDCSqTUzjjbTLxXCPCKOykTwEzPPNuRhWmuZbHqvNzpwUVknnFVdeLLvqgYivJJffccbjACdWBOQHkHIRJBYKDzgoLpgMccFOFeoxSVsQURVhPQVgzTlYNvKDuiG,Not Needed,Other,Pending,,1/8/2024 4:56,,11/17/2022 23:54,proposal_38248016.pdf,,
2025,SSA-optimization,2553-1903-5850-9269,Susan,Robert,Davis,PI,4K0AW4066EK0,Virtucon,No Mitigation Needed,Mitigation Measures Required,Prohibited Factors,No Mitigation Needed,Mitigation Measures Required,,,Threat Briefs,deployment analysis integration strategy analysis optimization solutions optimization deployment integration.,38248016,OPP-008803,Cloned scalable matrix Project,P0BJREZAN0YF,Stark Industries,Mitigation Annual Review,DARPA,DSO,Completed,2/21/2020 13:52,jyrXxeSPbxLvLWDCSqTUzjjbTLxXCPCKOykTwEzPPNuRhWmuZbHqvNzpwUVknnFVdeLLvqgYivJJffccbjACdWBOQHkHIRJBYKDzgoLpgMccFOFeoxSVsQURVhPQVgzTlYNvKDuiG,Not Needed,Other,Pending,,1/8/2024 4:56,,11/17/2022 23:54,proposal_38248016.pdf,person_Davis.pdf,
2025,SSA-integration,3721-3731-4798-8779,Susan,,Jones,Consultant,EB3Q82NDH2ZA,MomCorp,Mitigation Measures Required,No Mitigation Needed,Prohibited Factors,No Mitigation Needed,Prohibited Factors,"Cessation, Increased Reporting",analysis innovation deployment integration synergy solutions integration optimization integration research analysis strategy development innovation strategy.,"Cessation, Increased Reporting",integration optimization research research analysis integration analysis optimization solutions.,32271804,OPP-749767,Configurable value-added system engine Project,VWDUSH65P3UT,Wayne Enterprises,Mitigation Annual Review,DARPA,DSO,Draft,9/17/2023 15:13,mCrntMSNivKgxNmHdItXZxoqpgKuykHbVigorHglYqxaCvIXoEJKWvwOzjraaLfbC ykHDjLg FvjNRKiBEohxhZOVjlLfqTSPHuoPbePnfEuCHCdxVZRmPjvrWZnkaCBeJAtOrXyFCkEkcjLqWhoTOYKsogzEBjDJGidMBnUCBdiKdCupuIESuLcllSqmKQ,Not Needed,FAR-based Contract,Awarded,FAIN9229303,7/25/2023 3:03,,,proposal_32271804.pdf,person_Jones.pdf,review_32271804.docx
2025,SSA-integration,9950-1762-8322-8866,Linda,Michael,Williams,Co-PI,1317BRU1K5HM,Blue Sun Corp,Mitigation Measures Required,No Mitigation Needed,No Mitigation Needed,Prohibited Factors,No Mitigation Needed,"Cessation, Increased Reporting",deployment integration strategy analysis analysis solutions analysis integration solutions.,"Cessation, Increased Reporting",integration optimization research research analysis integration analysis optimization solutions.,32271804,OPP-749767,Configurable value-added system engine Project,VWDUSH65P3UT,Wayne Enterprises,Mitigation Annual Review,DARPA,DSO,Draft,9/17/2023 15:13,mCrntMSNivKgxNmHdItXZxoqpgKuykHbVigorHglYqxaCvIXoEJKWvwOzjraaLfbC ykHDjLg FvjNRKiBEohxhZOVjlLfqTSPHuoPbePnfEuCHCdxVZRmPjvrWZnkaCBeJAtOrXyFCkEkcjLqWhoTOYKsogzEBjDJGidMBnUCBdiKdCupuIESuLcllSqmKQ,Not Needed,FAR-based Contract,Awarded,FAIN9229303,7/25/2023 3:03,,,proposal_32271804.pdf,person_Williams.pdf,review_32271804.docx
2025,SSA-integration,9283-9306-5786-5335,Linda,,Brown,Collaborator,S16GSAX4CIDY,Globex Inc,Mitigation Measures Required,Mitigation Measures Required,Mitigation Measures Required,Prohibited Factors,No Mitigation Needed,Threat Briefs,research analysis strategy optimization innovation synergy strategy synergy development deployment development development.,"Cessation, Increased Reporting",integration optimization research research analysis integration analysis optimization solutions.,32271804,OPP-749767,Configurable value-added system engine Project,VWDUSH65P3UT,Wayne Enterprises,Mitigation Annual Review,DARPA,DSO,Draft,9/17/2023 15:13,mCrntMSNivKgxNmHdItXZxoqpgKuykHbVigorHglYqxaCvIXoEJKWvwOzjraaLfbC ykHDjLg FvjNRKiBEohxhZOVjlLfqTSPHuoPbePnfEuCHCdxVZRmPjvrWZnkaCBeJAtOrXyFCkEkcjLqWhoTOYKsogzEBjDJGidMBnUCBdiKdCupuIESuLcllSqmKQ,Not Needed,FAR-based Contract,Awarded,FAIN9229303,7/25/2023 3:03,,,proposal_32271804.pdf,,review_32271804.docx
2025,SSA-integration,1532-1355-6668-6924,Patricia,,Williams,Collaborator,P0BJREZAN0YF,Stark Industries,Prohibited Factors,Mitigation Measures Required,Prohibited Factors,No Mitigation Needed,Mitigation Measures Required,Threat Briefs,,"Cessation, Increased Reporting",integration optimization research research analysis integration analysis optimization solutions.,32271804,OPP-749767,Configurable value-added system engine Project,VWDUSH65P3UT,Wayne Enterprises,Mitigation Annual Review,DARPA,DSO,Draft,9/17/2023 15:13,mCrntMSNivKgxNmHdItXZxoqpgKuykHbVigorHglYqxaCvIXoEJKWvwOzjraaLfbC ykHDjLg FvjNRKiBEohxhZOVjlLfqTSPHuoPbePnfEuCHCdxVZRmPjvrWZnkaCBeJAtOrXyFCkEkcjLqWhoTOYKsogzEBjDJGidMBnUCBdiKdCupuIESuLcllSqmKQ,Not Needed,FAR-based Contract,Awarded,FAIN9229303,7/25/2023 3:03,,,proposal_32271804.pdf,,review_32271804.docx
2025,SSA-integration,6637-3966-2365-1403,John,,Jones,Collaborator,P0BJREZAN0YF,Stark Industries,No Mitigation Needed,No Mitigation Needed,No Mitigation Needed,Prohibited Factors,Mitigation Measures Required,Threat Briefs,synergy deployment analysis optimization solutions analysis solutions synergy analysis.,"Cessation, Increased Reporting",integration optimization research research analysis integration analysis optimization solutions.,32271804,OPP-749767,Configurable value-added system engine Project,VWDUSH65P3UT,Wayne Enterprises,Mitigation Annual Review,DARPA,DSO,Draft,9/17/2023 15:13,mCrntMSNivKgxNmHdItXZxoqpgKuykHbVigorHglYqxaCvIXoEJKWvwOzjraaLfbC ykHDjLg FvjNRKiBEohxhZOVjlLfqTSPHuoPbePnfEuCHCdxVZRmPjvrWZnkaCBeJAtOrXyFCkEkcjLqWhoTOYKsogzEBjDJGidMBnUCBdiKdCupuIESuLcllSqmKQ,Not Needed,FAR-based Contract,Awarded,FAIN9229303,7/25/2023 3:03,,,proposal_32271804.pdf,,review_32271804.docx
2024,SSA-synergy,1250-3427-8548-5434,Jane,,Miller,Student,EB3Q82NDH2ZA,MomCorp,Mitigation Measures Required,Mitigation Measures Required,Prohibited Factors,Mitigation Measures Required,Prohibited Factors,Threat Briefs,solutions solutions solutions integration strategy innovation optimization development analysis optimization research.,"Cessation, Increased Reporting",solutions integration research research development solutions solutions.,38866159,OPP-341922,Cross-platform multimedia project Project,8JK40Q30BVHV,Cyberdyne Systems,Initial,DTRA,I2O,Canceled,3/27/2020 16:15,XXzSqzpzrzfQHcoQwutpzRnlRCGsMUwtJxwEXhpAWSLVJJEzwGkPuPzPIjMSjnVeIPSiaVOwdDTobkRTjYfHjeAIaWwCRsGVxslgSkBMCfCfoVFxZpUbbNxRGEfRwpMSDagGn YCYIJYsFofrr yiDbjsDrgGdGcqeafqHTMkoDTxpbfFK,Complete,Other,In Negotiation,,6/12/2020 17:53,2/5/2025 7:57,5/21/2024 12:11,proposal_38866159.pdf,person_Miller.pdf,review_38866159.docx
2024,SSA-synergy,2104-2178-8021-8947,David,,Taylor,Consultant,2GM2D03Z4F45,Omni Consumer Products,No Mitigation Needed,Prohibited Factors,No Mitigation Needed,Prohibited Factors,Mitigation Measures Required,,synergy optimization strategy synergy deployment synergy.,"Cessation, Increased Reporting",solutions integration research research development solutions solutions.,38866159,OPP-341922,Cross-platform multimedia project Project,8JK40Q30BVHV,Cyberdyne Systems,Initial,DTRA,I2O,Canceled,3/27/2020 16:15,XXzSqzpzrzfQHcoQwutpzRnlRCGsMUwtJxwEXhpAWSLVJJEzwGkPuPzPIjMSjnVeIPSiaVOwdDTobkRTjYfHjeAIaWwCRsGVxslgSkBMCfCfoVFxZpUbbNxRGEfRwpMSDagGn YCYIJYsFofrr yiDbjsDrgGdGcqeafqHTMkoDTxpbfFK,Complete,Other,In Negotiation,,6/12/2020 17:53,2/5/2025 7:57,5/21/2024 12:11,proposal_38866159.pdf,,review_38866159.docx
2023,SSA-analysis,8891-4867-3529-7308,Patricia,,Miller,Co-PI,P0BJREZAN0YF,Stark Industries,No Mitigation Needed,No Mitigation Needed,Prohibited Factors,Prohibited Factors,Mitigation Measures Required,"Cessation, Increased Reporting",,"Cessation, Increased Reporting",deployment research deployment innovation optimization solutions optimization.,17553850,OPP-243838,Cross-platform multimedia project Project,CZ5TQAGRDPFT,Tyrell Corp,Initial,NGA,CDMRP,Completed,5/26/2023 0:28,,Pending,Other Transaction Authority,Pending,,,,11/14/2024 3:15,proposal_17553850.pdf,person_Miller.pdf,
2023,SSA-analysis,6090-8727-9692-9539,Robert,Linda,Davis,Student,1317BRU1K5HM,Blue Sun Corp,Mitigation Measures Required,Prohibited Factors,Prohibited Factors,No Mitigation Needed,Mitigation Measures Required,Threat Briefs,solutions solutions integration research analysis integration research deployment solutions solutions integration.,"Cessation, Increased Reporting",deployment research deployment innovation optimization solutions optimization.,17553850,OPP-243838,Cross-platform multimedia project Project,CZ5TQAGRDPFT,Tyrell Corp,Initial,NGA,CDMRP,Completed,5/26/2023 0:28,,Pending,Other Transaction Authority,Pending,,,,11/14/2024 3:15,proposal_17553850.pdf,person_Davis.pdf,
2023,SSA-analysis,7902-9517-3520-2799,Linda,,Smith,Collaborator,2GM2D03Z4F45,Omni Consumer Products,No Mitigation Needed,Mitigation Measures Required,Mitigation Measures Required,No Mitigation Needed,Prohibited Factors,Threat Briefs,integration analysis integration analysis synergy analysis integration solutions integration deployment research.,"Cessation, Increased Reporting",deployment research deployment innovation optimization solutions optimization.,17553850,OPP-243838,Cross-platform multimedia project Project,CZ5TQAGRDPFT,Tyrell Corp,Initial,NGA,CDMRP,Completed,5/26/2023 0:28,,Pending,Other Transaction Authority,Pending,,,,11/14/2024 3:15,proposal_17553850.pdf,,
2023,SSA-analysis,2553-1903-5850-9269,Susan,,Davis,Co-PI,4K0AW4066EK0,Virtucon,No Mitigation Needed,Prohibited Factors,Prohibited Factors,Mitigation Measures Required,Prohibited Factors,"Cessation, Increased Reporting",,"Cessation, Increased Reporting",deployment research deployment innovation optimization solutions optimization.,17553850,OPP-243838,Cross-platform multimedia project Project,CZ5TQAGRDPFT,Tyrell Corp,Initial,NGA,CDMRP,Completed,5/26/2023 0:28,,Pending,Other Transaction Authority,Pending,,,,11/14/2024 3:15,proposal_17553850.pdf,,
2024,SSA-optimization,8936-7468-4916-2583,David,,Anderson,Collaborator,4K0AW4066EK0,Virtucon,No Mitigation Needed,Prohibited Factors,No Mitigation Needed,Prohibited Factors,No Mitigation Needed,Threat Briefs,research innovation deployment research synergy strategy analysis development strategy synergy strategy innovation deployment deployment.,"Cessation, Increased Reporting",,86712132,OPP-045959,Business-focused client-driven initiative Project,S16GSAX4CIDY,Globex Inc,Mitigation Annual Review,DTRA,I2O,In Progress,5/22/2025 19:48,hNyWaJSRPCDpllszlZazOMUTtEhfkUjdiRKYUDOWBkMJLJhYLAoNUTxuqvgCBttFgZkPKXNGyKoRa GxwzpVDNBXmIFSGKoxCAVHiOfhiqgqfWGUSUQFwCVuLYegSrYVpGLYaEhVzWPwvvzUesxwAvceAPputzXEsflsNv,Not Needed,FAR-based Contract,Declined,,,5/16/2025 16:11,,proposal_86712132.pdf,person_Anderson.pdf,
2024,SSA-optimization,7751-3047-7207-7844,John,,Brown,Co-PI,EB3Q82NDH2ZA,MomCorp,Mitigation Measures Required,No Mitigation Needed,Prohibited Factors,Prohibited Factors,No Mitigation Needed,"Cessation, Increased Reporting",development analysis synergy solutions research research deployment analysis development research research research deployment innovation development.,"Cessation, Increased Reporting",,86712132,OPP-045959,Business-focused client-driven initiative Project,S16GSAX4CIDY,Globex Inc,Mitigation Annual Review,DTRA,I2O,In Progress,5/22/2025 19:48,hNyWaJSRPCDpllszlZazOMUTtEhfkUjdiRKYUDOWBkMJLJhYLAoNUTxuqvgCBttFgZkPKXNGyKoRa GxwzpVDNBXmIFSGKoxCAVHiOfhiqgqfWGUSUQFwCVuLYegSrYVpGLYaEhVzWPwvvzUesxwAvceAPputzXEsflsNv,Not Needed,FAR-based Contract,Declined,,,5/16/2025 16:11,,proposal_86712132.pdf,,
2024,SSA-optimization,2276-6001-5996-2872,Jane,,Anderson,Collaborator,S16GSAX4CIDY,Globex Inc,Prohibited Factors,Mitigation Measures Required,No Mitigation Needed,No Mitigation Needed,Prohibited Factors,Threat Briefs,solutions deployment innovation strategy analysis analysis strategy integration deployment development development synergy innovation integration.,"Cessation, Increased Reporting",,86712132,OPP-045959,Business-focused client-driven initiative Project,S16GSAX4CIDY,Globex Inc,Mitigation Annual Review,DTRA,I2O,In Progress,5/22/2025 19:48,hNyWaJSRPCDpllszlZazOMUTtEhfkUjdiRKYUDOWBkMJLJhYLAoNUTxuqvgCBttFgZkPKXNGyKoRa GxwzpVDNBXmIFSGKoxCAVHiOfhiqgqfWGUSUQFwCVuLYegSrYVpGLYaEhVzWPwvvzUesxwAvceAPputzXEsflsNv,Not Needed,FAR-based Contract,Declined,,,5/16/2025 16:11,,proposal_86712132.pdf,,
2023,SSA-strategy,3724-1804-5344-7280,Susan,David,Taylor,Collaborator,1317BRU1K5HM,Blue Sun Corp,Prohibited Factors,Prohibited Factors,Prohibited Factors,Mitigation Measures Required,No Mitigation Needed,Threat Briefs,innovation solutions integration solutions research research analysis innovation.,Threat Briefs,research innovation development innovation synergy solutions research.,93703555,OPP-792233,Cloned scalable matrix Project,P0BJREZAN0YF,Stark Industries,Mitigation Annual Review,DHA,MSO,In Progress,9/10/2024 1:48,,Pending,Grant,In Negotiation,,8/11/2022 19:56,,,proposal_93703555.pdf,person_Taylor.pdf,
2025,SSA-optimization,7209-9708-3693-3439,Michael,,Moore,Student,VWDUSH65P3UT,Wayne Enterprises,No Mitigation Needed,No Mitigation Needed,No Mitigation Needed,Prohibited Factors,Mitigation Measures Required,Threat Briefs,research solutions strategy deployment development deployment.,"Cessation, Increased Reporting",deployment synergy strategy analysis research integration strategy analysis research.,23679835,OPP-656210,Compatible demand-driven workforce Project,2GM2D03Z4F45,Omni Consumer Products,Initial,INSCOM,DSO,In Progress,10/24/2022 9:07,FNvqAZNZyHIkdotmhJJRsmRzIKCa,Not Needed,Other,Awarded,FAIN0101327,,,,proposal_23679835.pdf,person_Moore.pdf,
2025,SSA-optimization,6426-6062-5484-2188,Jane,,Wilson,Co-PI,95C7CBF2RFOV,Acme Corp,Mitigation Measures Required,Prohibited Factors,Prohibited Factors,Prohibited Factors,No Mitigation Needed,,,"Cessation, Increased Reporting",deployment synergy strategy analysis research integration strategy analysis research.,23679835,OPP-656210,Compatible demand-driven workforce Project,2GM2D03Z4F45,Omni Consumer Products,Initial,INSCOM,DSO,In Progress,10/24/2022 9:07,FNvqAZNZyHIkdotmhJJRsmRzIKCa,Not Needed,Other,Awarded,FAIN0101327,,,,proposal_23679835.pdf,,
2025,SSA-optimization,2553-1903-5850-9269,Susan,,Davis,Collaborator,4K0AW4066EK0,Virtucon,Prohibited Factors,Prohibited Factors,No Mitigation Needed,Prohibited Factors,Mitigation Measures Required,Threat Briefs,,"Cessation, Increased Reporting",deployment synergy strategy analysis research integration strategy analysis research.,23679835,OPP-656210,Compatible demand-driven workforce Project,2GM2D03Z4F45,Omni Consumer Products,Initial,INSCOM,DSO,In Progress,10/24/2022 9:07,FNvqAZNZyHIkdotmhJJRsmRzIKCa,Not Needed,Other,Awarded,FAIN0101327,,,,proposal_23679835.pdf,,
2024,SSA-analysis,9586-4824-9787-8619,Linda,,Anderson,Consultant,4K0AW4066EK0,Virtucon,Prohibited Factors,Prohibited Factors,Prohibited Factors,Prohibited Factors,No Mitigation Needed,,innovation synergy analysis innovation development analysis analysis synergy deployment.,,,31128598,OPP-895023,Cross-platform multimedia project Project,S16GSAX4CIDY,Globex Inc,Mitigation Annual Review,DARPA,TTO,Canceled,3/2/2020 16:13,onxSvicWgJksPbjiMUgFTbNKvivRxwPcDhxWMbm azidozGzZKtiRav jkWdXIgOqtbArLvlAxMjPiefgqdMdBCOJwnUUpyfrzkauQGZEmVlLhUodzuXoXpbTKsWZvSDJWYrHxSHdlxkB,Not Needed,Other,Pending,,,,,proposal_31128598.pdf,,review_31128598.docx
2024,SSA-analysis,3259-2258-9144-5642,Linda,,Wilson,Student,1317BRU1K5HM,Blue Sun Corp,No Mitigation Needed,Mitigation Measures Required,Mitigation Measures Required,No Mitigation Needed,No Mitigation Needed,,analysis development strategy strategy deployment innovation development strategy analysis solutions.,,,31128598,OPP-895023,Cross-platform multimedia project Project,S16GSAX4CIDY,Globex Inc,Mitigation Annual Review,DARPA,TTO,Canceled,3/2/2020 16:13,onxSvicWgJksPbjiMUgFTbNKvivRxwPcDhxWMbm azidozGzZKtiRav jkWdXIgOqtbArLvlAxMjPiefgqdMdBCOJwnUUpyfrzkauQGZEmVlLhUodzuXoXpbTKsWZvSDJWYrHxSHdlxkB,Not Needed,Other,Pending,,,,,proposal_31128598.pdf,person_Wilson.pdf,review_31128598.docx
2024,SSA-analysis,5940-1550-4727-9093,David,John,Miller,Collaborator,8JK40Q30BVHV,Cyberdyne Systems,Mitigation Measures Required,No Mitigation Needed,Prohibited Factors,Mitigation Measures Required,No Mitigation Needed,,analysis deployment deployment innovation deployment deployment.,,,31128598,OPP-895023,Cross-platform multimedia project Project,S16GSAX4CIDY,Globex Inc,Mitigation Annual Review,DARPA,TTO,Canceled,3/2/2020 16:13,onxSvicWgJksPbjiMUgFTbNKvivRxwPcDhxWMbm azidozGzZKtiRav jkWdXIgOqtbArLvlAxMjPiefgqdMdBCOJwnUUpyfrzkauQGZEmVlLhUodzuXoXpbTKsWZvSDJWYrHxSHdlxkB,Not Needed,Other,Pending,,,,,proposal_31128598.pdf,person_Miller.pdf,review_31128598.docx
2023,SSA-solutions,4778-4606-2927-3769,Robert,,Wilson,Collaborator,8JK40Q30BVHV,Cyberdyne Systems,Prohibited Factors,No Mitigation Needed,Mitigation Measures Required,Mitigation Measures Required,Mitigation Measures Required,"Cessation, Increased Reporting",deployment innovation solutions synergy analysis solutions analysis research strategy solutions integration solutions research solutions analysis.,"Cessation, Increased Reporting",optimization optimization analysis research development innovation optimization strategy strategy optimization.,76903440,OPP-835873,Business-focused client-driven initiative Project,P0BJREZAN0YF,Stark Industries,Mitigation Annual Review,DTRA,CDMRP,Completed,10/15/2023 7:44,,Pending,Other,Declined,,12/2/2020 11:40,8/18/2021 8:49,1/12/2022 12:10,proposal_76903440.pdf,,review_76903440.docx
2023,SSA-solutions,5291-6736-7201-8576,Linda,Linda,Moore,Collaborator,CZ5TQAGRDPFT,Tyrell Corp,Mitigation Measures Required,Prohibited Factors,No Mitigation Needed,Prohibited Factors,No Mitigation Needed,Threat Briefs,solutions strategy synergy solutions integration development analysis solutions integration innovation analysis development.,"Cessation, Increased Reporting",optimization optimization analysis research development innovation optimization strategy strategy optimization.,76903440,OPP-835873,Business-focused client-driven initiative Project,P0BJREZAN0YF,Stark Industries,Mitigation Annual Review,DTRA,CDMRP,Completed,10/15/2023 7:44,,Pending,Other,Declined,,12/2/2020 11:40,8/18/2021 8:49,1/12/2022 12:10,proposal_76903440.pdf,person_Moore.pdf,review_76903440.docx
2023,SSA-solutions,2752-3991-9420-1857,Jane,,Davis,Collaborator,95C7CBF2RFOV,Acme Corp,Mitigation Measures Required,No Mitigation Needed,No Mitigation Needed,Prohibited Factors,No Mitigation Needed,Threat Briefs,development development strategy deployment strategy strategy strategy integration research strategy synergy.,"Cessation, Increased Reporting",optimization optimization analysis research development innovation optimization strategy strategy optimization.,76903440,OPP-835873,Business-focused client-driven initiative Project,P0BJREZAN0YF,Stark Industries,Mitigation Annual Review,DTRA,CDMRP,Completed,10/15/2023 7:44,,Pending,Other,Declined,,12/2/2020 11:40,8/18/2021 8:49,1/12/2022 12:10,proposal_76903440.pdf,person_Davis.pdf,review_76903440.docx
2023,SSA-solutions,3724-1804-5344-7280,Susan,,Taylor,Student,8JK40Q30BVHV,Cyberdyne Systems,No Mitigation Needed,No Mitigation Needed,No Mitigation Needed,Prohibited Factors,Prohibited Factors,"Cessation, Increased Reporting",deployment integration development research innovation synergy research research development synergy development integration solutions.,"Cessation, Increased Reporting",optimization optimization analysis research development innovation optimization strategy strategy optimization.,76903440,OPP-835873,Business-focused client-driven initiative Project,P0BJREZAN0YF,Stark Industries,Mitigation Annual Review,DTRA,CDMRP,Completed,10/15/2023 7:44,,Pending,Other,Declined,,12/2/2020 11:40,8/18/2021 8:49,1/12/2022 12:10,proposal_76903440.pdf,,review_76903440.docx
2023,SSA-solutions,3111-4164-8839-9729,Jane,,Smith,Consultant,8JK40Q30BVHV,Cyberdyne Systems,No Mitigation Needed,Mitigation Measures Required,No Mitigation Needed,No Mitigation Needed,Prohibited Factors,,synergy deployment deployment innovation strategy analysis research innovation.,"Cessation, Increased Reporting",optimization optimization analysis research development innovation optimization strategy strategy optimization.,76903440,OPP-835873,Business-focused client-driven initiative Project,P0BJREZAN0YF,Stark Industries,Mitigation Annual Review,DTRA,CDMRP,Completed,10/15/2023 7:44,,Pending,Other,Declined,,12/2/2020 11:40,8/18/2021 8:49,1/12/2022 12:10,proposal_76903440.pdf,person_Smith.pdf,review_76903440.docx
2025,SSA-development,6743-4763-9778-8814,Robert,,Taylor,Consultant,EB3Q82NDH2ZA,MomCorp,No Mitigation Needed,Prohibited Factors,Mitigation Measures Required,Prohibited Factors,Prohibited Factors,,development strategy innovation strategy analysis development synergy solutions strategy development analysis deployment synergy research integration.,Threat Briefs,,91843941,OPP-322075,Assimilated tangible parallelism Project,VWDUSH65P3UT,Wayne Enterprises,Initial,DHA,I2O,Completed,7/20/2024 11:14,OVuWQBEAaNpYeVOFmUQPCJdqShdHYOmABULmmDEHfCdgKEWzOBoYAVSLenGNSUzjbNNtjnqrtLuwMqVGRiorNz RSjGPIqnKEtVcTAmikeuJTphsKQHgbPMycovkFkBunZdAYRSg,Pending,Other Transaction Authority,Declined,,8/4/2021 20:56,8/7/2025 3:21,5/18/2024 17:28,proposal_91843941.pdf,person_Taylor.pdf,review_91843941.docx
2025,SSA-development,5291-6736-7201-8576,Linda,,Moore,Student,8JK40Q30BVHV,Cyberdyne Systems,No Mitigation Needed,Mitigation Measures Required,Prohibited Factors,No Mitigation Needed,Mitigation Measures Required,,solutions development development innovation integration analysis innovation analysis solutions research innovation synergy.,Threat Briefs,,91843941,OPP-322075,Assimilated tangible parallelism Project,VWDUSH65P3UT,Wayne Enterprises,Initial,DHA,I2O,Completed,7/20/2024 11:14,OVuWQBEAaNpYeVOFmUQPCJdqShdHYOmABULmmDEHfCdgKEWzOBoYAVSLenGNSUzjbNNtjnqrtLuwMqVGRiorNz RSjGPIqnKEtVcTAmikeuJTphsKQHgbPMycovkFkBunZdAYRSg,Pending,Other Transaction Authority,Declined,,8/4/2021 20:56,8/7/2025 3:21,5/18/2024 17:28,proposal_91843941.pdf,person_Moore.pdf,review_91843941.docx
2025,SSA-development,6066-9462-5085-9762,Jane,,Jones,PI,2GM2D03Z4F45,Omni Consumer Products,Mitigation Measures Required,Mitigation Measures Required,Mitigation Measures Required,Mitigation Measures Required,Mitigation Measures Required,"Cessation, Increased Reporting",analysis optimization research development solutions innovation deployment innovation development synergy research analysis solutions synergy strategy.,Threat Briefs,,91843941,OPP-322075,Assimilated tangible parallelism Project,VWDUSH65P3UT,Wayne Enterprises,Initial,DHA,I2O,Completed,7/20/2024 11:14,OVuWQBEAaNpYeVOFmUQPCJdqShdHYOmABULmmDEHfCdgKEWzOBoYAVSLenGNSUzjbNNtjnqrtLuwMqVGRiorNz RSjGPIqnKEtVcTAmikeuJTphsKQHgbPMycovkFkBunZdAYRSg,Pending,Other Transaction Authority,Declined,,8/4/2021 20:56,8/7/2025 3:21,5/18/2024 17:28,proposal_91843941.pdf,person_Jones.pdf,review_91843941.docx
2025,SSA-development,9431-6654-7020-4261,Peter,,Wilson,Student,EB3Q82NDH2ZA,MomCorp,No Mitigation Needed,No Mitigation Needed,No Mitigation Needed,No Mitigation Needed,Mitigation Measures Required,Threat Briefs,solutions research analysis solutions solutions solutions.,Threat Briefs,,91843941,OPP-322075,Assimilated tangible parallelism Project,VWDUSH65P3UT,Wayne Enterprises,Initial,DHA,I2O,Completed,7/20/2024 11:14,OVuWQBEAaNpYeVOFmUQPCJdqShdHYOmABULmmDEHfCdgKEWzOBoYAVSLenGNSUzjbNNtjnqrtLuwMqVGRiorNz RSjGPIqnKEtVcTAmikeuJTphsKQHgbPMycovkFkBunZdAYRSg,Pending,Other Transaction Authority,Declined,,8/4/2021 20:56,8/7/2025 3:21,5/18/2024 17:28,proposal_91843941.pdf,,review_91843941.docx
2024,SSA-analysis,3676-7476-9924-9756,Peter,Linda,Jones,PI,EB3Q82NDH2ZA,MomCorp,Mitigation Measures Required,Prohibited Factors,Mitigation Measures Required,Mitigation Measures Required,Prohibited Factors,"Cessation, Increased Reporting",,"Cessation, Increased Reporting",,93583888,OPP-240333,Automated bi-directional pricing structure Project,8JK40Q30BVHV,Cyberdyne Systems,Mitigation Annual Review,DHA,I2O,Draft,3/6/2020 22:49,yQxQrdRJmrekvbwB ezzyfcIkIpxwqCnYtLhOhIRzRzDctcPNVox URXdcDI,Not Needed,Other,Awarded,FAIN7653412,,5/25/2022 11:32,,proposal_93583888.pdf,,review_93583888.docx
2024,SSA-analysis,2704-5496-8890-3368,Jane,,Brown,Co-PI,CZ5TQAGRDPFT,Tyrell Corp,Mitigation Measures Required,Prohibited Factors,Prohibited Factors,Mitigation Measures Required,Mitigation Measures Required,"Cessation, Increased Reporting",,"Cessation, Increased Reporting",,93583888,OPP-240333,Automated bi-directional pricing structure Project,8JK40Q30BVHV,Cyberdyne Systems,Mitigation Annual Review,DHA,I2O,Draft,3/6/2020 22:49,yQxQrdRJmrekvbwB ezzyfcIkIpxwqCnYtLhOhIRzRzDctcPNVox URXdcDI,Not Needed,Other,Awarded,FAIN7653412,,5/25/2022 11:32,,proposal_93583888.pdf,,review_93583888.docx
2024,SSA-analysis,2276-6001-5996-2872,Jane,,Anderson,Consultant,CZ5TQAGRDPFT,Tyrell Corp,No Mitigation Needed,No Mitigation Needed,Prohibited Factors,Prohibited Factors,Mitigation Measures Required,,solutions research research strategy optimization.,"Cessation, Increased Reporting",,93583888,OPP-240333,Automated bi-directional pricing structure Project,8JK40Q30BVHV,Cyberdyne Systems,Mitigation Annual Review,DHA,I2O,Draft,3/6/2020 22:49,yQxQrdRJmrekvbwB ezzyfcIkIpxwqCnYtLhOhIRzRzDctcPNVox URXdcDI,Not Needed,Other,Awarded,FAIN7653412,,5/25/2022 11:32,,proposal_93583888.pdf,,review_93583888.docx
2024,SSA-deployment,5449-1918-8071-9289,John,Patricia,Moore,Collaborator,4K0AW4066EK0,Virtucon,Prohibited Factors,Prohibited Factors,Mitigation Measures Required,No Mitigation Needed,No Mitigation Needed,"Cessation, Increased Reporting",solutions analysis research research solutions analysis optimization research development research analysis.,"Cessation, Increased Reporting",,27864187,OPP-656061,Advanced cohesive hardware Project,1317BRU1K5HM,Blue Sun Corp,Initial,DTRA,MSO,In Progress,6/21/2025 8:19,KMrygGlQNFhYlbRHPoqSXRqGdHMBhOwbMameOsjrDpTTdMmSdAudcHEWCu yPhdWNIRBSvSYZfJyQfYibUlXJCSjBvXSvcULF dzviGAENttiTMnczrhEHSfuw uTCjxQPWoHnmxU unafDkHsVTPbaUNPMDCybDyrkLMTWiSWoUFpSsZsHaSHAQagAdKoLXa,Complete,CRADA,In Negotiation,,,,11/3/2025 6:26,proposal_27864187.pdf,person_Moore.pdf,review_27864187.docx
2024,SSA-deployment,9524-6512-3656-5410,Robert,,Moore,PI,1317BRU1K5HM,Blue Sun Corp,Mitigation Measures Required,No Mitigation Needed,No Mitigation Needed,Prohibited Factors,Prohibited Factors,Threat Briefs,solutions deployment solutions innovation research integration deployment development integration research deployment innovation analysis strategy development.,"Cessation, Increased Reporting",,27864187,OPP-656061,Advanced cohesive hardware Project,1317BRU1K5HM,Blue Sun Corp,Initial,DTRA,MSO,In Progress,6/21/2025 8:19,KMrygGlQNFhYlbRHPoqSXRqGdHMBhOwbMameOsjrDpTTdMmSdAudcHEWCu yPhdWNIRBSvSYZfJyQfYibUlXJCSjBvXSvcULF dzviGAENttiTMnczrhEHSfuw uTCjxQPWoHnmxU unafDkHsVTPbaUNPMDCybDyrkLMTWiSWoUFpSsZsHaSHAQagAdKoLXa,Complete,CRADA,In Negotiation,,,,11/3/2025 6:26,proposal_27864187.pdf,person_Moore.pdf,review_27864187.docx
2024,SSA-deployment,8291-2539-5590-1671,Jane,,Moore,Co-PI,EB3Q82NDH2ZA,MomCorp,No Mitigation Needed,Mitigation Measures Required,Prohibited Factors,No Mitigation Needed,No Mitigation Needed,"Cessation, Increased Reporting",,"Cessation, Increased Reporting",,27864187,OPP-656061,Advanced cohesive hardware Project,1317BRU1K5HM,Blue Sun Corp,Initial,DTRA,MSO,In Progress,6/21/2025 8:19,KMrygGlQNFhYlbRHPoqSXRqGdHMBhOwbMameOsjrDpTTdMmSdAudcHEWCu yPhdWNIRBSvSYZfJyQfYibUlXJCSjBvXSvcULF dzviGAENttiTMnczrhEHSfuw uTCjxQPWoHnmxU unafDkHsVTPbaUNPMDCybDyrkLMTWiSWoUFpSsZsHaSHAQagAdKoLXa,Complete,CRADA,In Negotiation,,,,11/3/2025 6:26,proposal_27864187.pdf,,review_27864187.docx
2024,SSA-deployment,3658-7489-4481-2249,Robert,,Williams,Student,1317BRU1K5HM,Blue Sun Corp,Prohibited Factors,Prohibited Factors,Prohibited Factors,Prohibited Factors,Prohibited Factors,,solutions strategy solutions solutions deployment solutions optimization innovation strategy integration deployment synergy deployment.,"Cessation, Increased Reporting",,27864187,OPP-656061,Advanced cohesive hardware Project,1317BRU1K5HM,Blue Sun Corp,Initial,DTRA,MSO,In Progress,6/21/2025 8:19,KMrygGlQNFhYlbRHPoqSXRqGdHMBhOwbMameOsjrDpTTdMmSdAudcHEWCu yPhdWNIRBSvSYZfJyQfYibUlXJCSjBvXSvcULF dzviGAENttiTMnczrhEHSfuw uTCjxQPWoHnmxU unafDkHsVTPbaUNPMDCybDyrkLMTWiSWoUFpSsZsHaSHAQagAdKoLXa,Complete,CRADA,In Negotiation,,,,11/3/2025 6:26,proposal_27864187.pdf,person_Williams.pdf,review_27864187.docx
2024,SSA-deployment,8891-4867-3529-7308,Patricia,,Miller,Collaborator,CZ5TQAGRDPFT,Tyrell Corp,No Mitigation Needed,Mitigation Measures Required,No Mitigation Needed,Mitigation Measures Required,Prohibited Factors,Threat Briefs,,"Cessation, Increased Reporting",,27864187,OPP-656061,Advanced cohesive hardware Project,1317BRU1K5HM,Blue Sun Corp,Initial,DTRA,MSO,In Progress,6/21/2025 8:19,KMrygGlQNFhYlbRHPoqSXRqGdHMBhOwbMameOsjrDpTTdMmSdAudcHEWCu yPhdWNIRBSvSYZfJyQfYibUlXJCSjBvXSvcULF dzviGAENttiTMnczrhEHSfuw uTCjxQPWoHnmxU unafDkHsVTPbaUNPMDCybDyrkLMTWiSWoUFpSsZsHaSHAQagAdKoLXa,Complete,CRADA,In Negotiation,,,,11/3/2025 6:26,proposal_27864187.pdf,person_Miller.pdf,review_27864187.docx
2023,SSA-integration,1821-4676-2980-7386,Patricia,,Moore,PI,Q3BXEFJ9ZC15,Wayne Enterprises,Mitigation Measures Required,Prohibited Factors,Prohibited Factors,Mitigation Measures Required,No Mitigation Needed,"Cessation, Increased Reporting",,Threat Briefs,optimization strategy analysis analysis innovation innovation.,97970844,OPP-146082,Compatible demand-driven workforce Project,S16GSAX4CIDY,Globex Inc,Mitigation Annual Review,ACC,DSO,Canceled,6/10/2025 14:12,JjhxKVXcYoJpcAuJdsfflWpzYxFDfPewasQrIUHLXLkNwTKAwUezyIxrDPbVMQlYSStGM mQPWshGXxPSnuXNPaEhTEvAXVdofCCyaYdjhb,Complete,Other Transaction Authority,Awarded,FAIN0041660,,,12/14/2023 6:15,proposal_97970844.pdf,person_Moore.pdf,review_97970844.docx
2023,SSA-integration,4778-4606-2927-3769,Robert,,Wilson,Collaborator,95C7CBF2RFOV,Acme Corp,Mitigation Measures Required,Mitigation Measures Required,No Mitigation Needed,No Mitigation Needed,No Mitigation Needed,Threat Briefs,innovation optimization integration analysis optimization strategy development.,Threat Briefs,optimization strategy analysis analysis innovation innovation.,97970844,OPP-146082,Compatible demand-driven workforce Project,S16GSAX4CIDY,Globex Inc,Mitigation Annual Review,ACC,DSO,Canceled,6/10/2025 14:12,JjhxKVXcYoJpcAuJdsfflWpzYxFDfPewasQrIUHLXLkNwTKAwUezyIxrDPbVMQlYSStGM mQPWshGXxPSnuXNPaEhTEvAXVdofCCyaYdjhb,Complete,Other Transaction Authority,Awarded,FAIN0041660,,,12/14/2023 6:15,proposal_97970844.pdf,person_Wilson.pdf,review_97970844.docx
2023,SSA-integration,6089-1576-5011-7603,Michael,,Miller,PI,2GM2D03Z4F45,Omni Consumer Products,No Mitigation Needed,Mitigation Measures Required,No Mitigation Needed,Prohibited Factors,No Mitigation Needed,"Cessation, Increased Reporting",,Threat Briefs,optimization strategy analysis analysis innovation innovation.,97970844,OPP-146082,Compatible demand-driven workforce Project,S16GSAX4CIDY,Globex Inc,Mitigation Annual Review,ACC,DSO,Canceled,6/10/2025 14:12,JjhxKVXcYoJpcAuJdsfflWpzYxFDfPewasQrIUHLXLkNwTKAwUezyIxrDPbVMQlYSStGM mQPWshGXxPSnuXNPaEhTEvAXVdofCCyaYdjhb,Complete,Other Transaction Authority,Awarded,FAIN0041660,,,12/14/2023 6:15,proposal_97970844.pdf,,review_97970844.docx
2023,SSA-integration,4018-3350-8748-8348,Peter,Linda,Taylor,PI,VWDUSH65P3UT,Wayne Enterprises,No Mitigation Needed,Prohibited Factors,Prohibited Factors,Prohibited Factors,Prohibited Factors,"Cessation, Increased Reporting",innovation synergy research deployment optimization optimization analysis integration innovation innovation strategy synergy solutions.,Threat Briefs,optimization strategy analysis analysis innovation innovation.,97970844,OPP-146082,Compatible demand-driven workforce Project,S16GSAX4CIDY,Globex Inc,Mitigation Annual Review,ACC,DSO,Canceled,6/10/2025 14:12,JjhxKVXcYoJpcAuJdsfflWpzYxFDfPewasQrIUHLXLkNwTKAwUezyIxrDPbVMQlYSStGM mQPWshGXxPSnuXNPaEhTEvAXVdofCCyaYdjhb,Complete,Other Transaction Authority,Awarded,FAIN0041660,,,12/14/2023 6:15,proposal_97970844.pdf,,review_97970844.docx
2023,SSA-integration,6666-2150-1318-9273,Michael,,Williams,Consultant,EB3Q82NDH2ZA,MomCorp,Mitigation Measures Required,Mitigation Measures Required,No Mitigation Needed,Mitigation Measures Required,Mitigation Measures Required,,,"Cessation, Increased Reporting",,70768571,OPP-312556,Advanced cohesive hardware Project,1317BRU1K5HM,Blue Sun Corp,Initial,USA,CDMRP,In Progress,9/1/2024 14:21,,Pending,CRADA,Pending,,,8/19/2020 7:48,,proposal_70768571.pdf,person_Williams.pdf,review_70768571.docx
2023,SSA-integration,2276-6001-5996-2872,Jane,,Anderson,Co-PI,S16GSAX4CIDY,Globex Inc,No Mitigation Needed,Prohibited Factors,Mitigation Measures Required,No Mitigation Needed,Mitigation Measures Required,"Cessation, Increased Reporting",development innovation synergy strategy integration deployment development development synergy synergy.,"Cessation, Increased Reporting",,70768571,OPP-312556,Advanced cohesive hardware Project,1317BRU1K5HM,Blue Sun Corp,Initial,USA,CDMRP,In Progress,9/1/2024 14:21,,Pending,CRADA,Pending,,,8/19/2020 7:48,,proposal_70768571.pdf,person_Anderson.pdf,review_70768571.docx
2023,SSA-integration,4139-2131-1680-6186,Susan,,Williams,Consultant,95C7CBF2RFOV,Acme Corp,No Mitigation Needed,No Mitigation Needed,Mitigation Measures Required,Prohibited Factors,No Mitigation Needed,,analysis analysis optimization development strategy solutions strategy integration solutions.,"Cessation, Increased Reporting",,70768571,OPP-312556,Advanced cohesive hardware Project,1317BRU1K5HM,Blue Sun Corp,Initial,USA,CDMRP,In Progress,9/1/2024 14:21,,Pending,CRADA,Pending,,,8/19/2020 7:48,,proposal_70768571.pdf,,review_70768571.docx
2023,SSA-integration,5260-7018-8099-8748,Susan,,Smith,Co-PI,95C7CBF2RFOV,Acme Corp,Mitigation Measures Required,Mitigation Measures Required,Mitigation Measures Required,Mitigation Measures Required,No Mitigation Needed,,innovation deployment optimization strategy analysis strategy optimization analysis strategy strategy analysis optimization solutions synergy.,"Cessation, Increased Reporting",,70768571,OPP-312556,Advanced cohesive hardware Project,1317BRU1K5HM,Blue Sun Corp,Initial,USA,CDMRP,In Progress,9/1/2024 14:21,,Pending,CRADA,Pending,,,8/19/2020 7:48,,proposal_70768571.pdf,,review_70768571.docx
2023,SSA-optimization,8936-7468-4916-2583,David,,Anderson,Student,2GM2D03Z4F45,Omni Consumer Products,Prohibited Factors,No Mitigation Needed,No Mitigation Needed,Prohibited Factors,Prohibited Factors,,analysis synergy development research optimization innovation synergy optimization development deployment.,"Cessation, Increased Reporting",synergy integration analysis research synergy integration analysis research strategy analysis.,20298503,OPP-604907,Automated bi-directional pricing structure Project,VWDUSH65P3UT,Wayne Enterprises,Mitigation Annual Review,DARPA,MSO,In Progress,9/12/2023 12:26,RqUSKOmJDzJIcGZJiqOtiRzohrABzhJtwwFWqgQPAPeCRjEZKvai ONTUJupgGpsZwFsyfMOekpVgIhPdxMJmVUmacXZ,Pending,FAR-based Contract,In Negotiation,,,,,proposal_20298503.pdf,,review_20298503.docx
2023,SSA-optimization,9714-1709-5838-4727,Robert,Peter,Anderson,Collaborator,2GM2D03Z4F45,Omni Consumer Products,No Mitigation Needed,Mitigation Measures Required,Mitigation Measures Required,Prohibited Factors,Mitigation Measures Required,,analysis optimization optimization optimization research strategy integration development.,"Cessation, Increased Reporting",synergy integration analysis research synergy integration analysis research strategy analysis.,20298503,OPP-604907,Automated bi-directional pricing structure Project,VWDUSH65P3UT,Wayne Enterprises,Mitigation Annual Review,DARPA,MSO,In Progress,9/12/2023 12:26,RqUSKOmJDzJIcGZJiqOtiRzohrABzhJtwwFWqgQPAPeCRjEZKvai ONTUJupgGpsZwFsyfMOekpVgIhPdxMJmVUmacXZ,Pending,FAR-based Contract,In Negotiation,,,,,proposal_20298503.pdf,person_Anderson.pdf,review_20298503.docx
2023,SSA-optimization,7058-6482-4903-3575,Susan,,Miller,Student,4K0AW4066EK0,Virtucon,No Mitigation Needed,Mitigation Measures Required,Mitigation Measures Required,Mitigation Measures Required,Mitigation Measures Required,,synergy innovation innovation innovation solutions development integration innovation deployment deployment.,"Cessation, Increased Reporting",synergy integration analysis research synergy integration analysis research strategy analysis.,20298503,OPP-604907,Automated bi-directional pricing structure Project,VWDUSH65P3UT,Wayne Enterprises,Mitigation Annual Review,DARPA,MSO,In Progress,9/12/2023 12:26,RqUSKOmJDzJIcGZJiqOtiRzohrABzhJtwwFWqgQPAPeCRjEZKvai ONTUJupgGpsZwFsyfMOekpVgIhPdxMJmVUmacXZ,Pending,FAR-based Contract,In Negotiation,,,,,proposal_20298503.pdf,person_Miller.pdf,review_20298503.docx
2023,SSA-integration,7728-7119-1585-5278,Patricia,Jane,Jones,PI,4K0AW4066EK0,Virtucon,Mitigation Measures Required,Mitigation Measures Required,Prohibited Factors,Prohibited Factors,Prohibited Factors,"Cessation, Increased Reporting",development strategy synergy innovation optimization innovation.,"Cessation, Increased Reporting",,7728156,OPP-706968,Cloned scalable matrix Project,P0BJREZAN0YF,Stark Industries,Initial,INSCOM,MSO,Draft,11/10/2023 2:51,xZaFfWMAhaHGlgKAMinoDgdXLPrgHpCsomQykqhbCmfKhvEKktIMfckaQMdA iWdkWSDkyvaIIoycGDlwxJJWlyyTFhwGvWORPaJqBAnN,Not Needed,Other Transaction Authority,In Negotiation,,11/1/2022 13:56,9/15/2023 22:06,12/18/2024 11:34,proposal_07728156.pdf,person_Jones.pdf,
2023,SSA-integration,8305-6338-1273-4359,Jane,,Taylor,Co-PI,4K0AW4066EK0,Virtucon,Mitigation Measures Required,No Mitigation Needed,Prohibited Factors,No Mitigation Needed,Mitigation Measures Required,Threat Briefs,solutions development analysis synergy development optimization optimization deployment analysis.,"Cessation, Increased Reporting",,7728156,OPP-706968,Cloned scalable matrix Project,P0BJREZAN0YF,Stark Industries,Initial,INSCOM,MSO,Draft,11/10/2023 2:51,xZaFfWMAhaHGlgKAMinoDgdXLPrgHpCsomQykqhbCmfKhvEKktIMfckaQMdA iWdkWSDkyvaIIoycGDlwxJJWlyyTFhwGvWORPaJqBAnN,Not Needed,Other Transaction Authority,In Negotiation,,11/1/2022 13:56,9/15/2023 22:06,12/18/2024 11:34,proposal_07728156.pdf,,
2023,SSA-integration,8378-7883-3324-3119,Mary,,Moore,Consultant,4K0AW4066EK0,Virtucon,No Mitigation Needed,Mitigation Measures Required,Prohibited Factors,Mitigation Measures Required,Prohibited Factors,"Cessation, Increased Reporting",,"Cessation, Increased Reporting",,7728156,OPP-706968,Cloned scalable matrix Project,P0BJREZAN0YF,Stark Industries,Initial,INSCOM,MSO,Draft,11/10/2023 2:51,xZaFfWMAhaHGlgKAMinoDgdXLPrgHpCsomQykqhbCmfKhvEKktIMfckaQMdA iWdkWSDkyvaIIoycGDlwxJJWlyyTFhwGvWORPaJqBAnN,Not Needed,Other Transaction Authority,In Negotiation,,11/1/2022 13:56,9/15/2023 22:06,12/18/2024 11:34,proposal_07728156.pdf,person_Moore.pdf,
2024,SSA-optimization,5291-6736-7201-8576,Linda,Peter,Moore,Co-PI,S16GSAX4CIDY,Globex Inc,No Mitigation Needed,Mitigation Measures Required,No Mitigation Needed,Prohibited Factors,Prohibited Factors,Threat Briefs,synergy solutions strategy development optimization development integration research deployment innovation.,,,40716747,OPP-266090,Advanced cohesive hardware Project,8JK40Q30BVHV,Cyberdyne Systems,Mitigation Annual Review,DHA,I2O,Completed,2/23/2025 2:31,,Pending,CRADA,Pending,,2/8/2023 12:24,3/19/2021 1:38,,proposal_40716747.pdf,person_Moore.pdf,review_40716747.docx
2024,SSA-optimization,6426-6062-5484-2188,Jane,Robert,Wilson,Co-PI,95C7CBF2RFOV,Acme Corp,Mitigation Measures Required,Mitigation Measures Required,Prohibited Factors,No Mitigation Needed,Mitigation Measures Required,,development research deployment synergy solutions research optimization synergy synergy research.,,,40716747,OPP-266090,Advanced cohesive hardware Project,8JK40Q30BVHV,Cyberdyne Systems,Mitigation Annual Review,DHA,I2O,Completed,2/23/2025 2:31,,Pending,CRADA,Pending,,2/8/2023 12:24,3/19/2021 1:38,,proposal_40716747.pdf,person_Wilson.pdf,review_40716747.docx
2024,SSA-optimization,4115-1143-6154-8317,Peter,,Williams,Co-PI,1317BRU1K5HM,Blue Sun Corp,Prohibited Factors,No Mitigation Needed,Prohibited Factors,No Mitigation Needed,No Mitigation Needed,Threat Briefs,development solutions solutions optimization synergy innovation integration development analysis solutions strategy integration.,,,40716747,OPP-266090,Advanced cohesive hardware Project,8JK40Q30BVHV,Cyberdyne Systems,Mitigation Annual Review,DHA,I2O,Completed,2/23/2025 2:31,,Pending,CRADA,Pending,,2/8/2023 12:24,3/19/2021 1:38,,proposal_40716747.pdf,,review_40716747.docx
2024,SSA-optimization,4462-1616-6771-6458,Peter,,Davis,Student,CZ5TQAGRDPFT,Tyrell Corp,No Mitigation Needed,Mitigation Measures Required,Prohibited Factors,Mitigation Measures Required,No Mitigation Needed,Threat Briefs,innovation optimization analysis optimization analysis research integration analysis deployment research strategy analysis deployment optimization.,,,40716747,OPP-266090,Advanced cohesive hardware Project,8JK40Q30BVHV,Cyberdyne Systems,Mitigation Annual Review,DHA,I2O,Completed,2/23/2025 2:31,,Pending,CRADA,Pending,,2/8/2023 12:24,3/19/2021 1:38,,proposal_40716747.pdf,,review_40716747.docx
2024,SSA-deployment,9283-9306-5786-5335,Linda,Robert,Brown,PI,P0BJREZAN0YF,Stark Industries,No Mitigation Needed,No Mitigation Needed,Prohibited Factors,Prohibited Factors,No Mitigation Needed,,,Threat Briefs,,99698968,OPP-141804,Configurable value-added system engine Project,P0BJREZAN0YF,Stark Industries,Mitigation Annual Review,INSCOM,I2O,Canceled,11/25/2025 3:24,ybweiXyxsohqBtbIFTNHdLCpvTsCfBUbfgsmCNUUWWvRj rciUuSXLnomnoWkuxTkxiXmrjQBSkrcKuHxpEawQWEWiroiQYJAFRCodjEDvuu jWXbkVuhwFlrvZdAIildcUsBNLwqajxtExDhvwCtsHIEeeEdtXYZlgqU,Pending,Grant,In Negotiation,,,,,proposal_99698968.pdf,,
2024,SSA-deployment,6743-4763-9778-8814,Robert,,Taylor,Student,WBCZ74PY5B8D,Wayne Enterprises,Prohibited Factors,No Mitigation Needed,No Mitigation Needed,No Mitigation Needed,No Mitigation Needed,,,Threat Briefs,,99698968,OPP-141804,Configurable value-added system engine Project,P0BJREZAN0YF,Stark Industries,Mitigation Annual Review,INSCOM,I2O,Canceled,11/25/2025 3:24,ybweiXyxsohqBtbIFTNHdLCpvTsCfBUbfgsmCNUUWWvRj rciUuSXLnomnoWkuxTkxiXmrjQBSkrcKuHxpEawQWEWiroiQYJAFRCodjEDvuu jWXbkVuhwFlrvZdAIildcUsBNLwqajxtExDhvwCtsHIEeeEdtXYZlgqU,Pending,Grant,In Negotiation,,,,,proposal_99698968.pdf,,
2024,SSA-deployment,4162-7428-4491-5919,Peter,,Brown,Student,8JK40Q30BVHV,Cyberdyne Systems,Mitigation Measures Required,Mitigation Measures Required,Mitigation Measures Required,No Mitigation Needed,Mitigation Measures Required,Threat Briefs,innovation analysis analysis analysis research.,Threat Briefs,,99698968,OPP-141804,Configurable value-added system engine Project,P0BJREZAN0YF,Stark Industries,Mitigation Annual Review,INSCOM,I2O,Canceled,11/25/2025 3:24,ybweiXyxsohqBtbIFTNHdLCpvTsCfBUbfgsmCNUUWWvRj rciUuSXLnomnoWkuxTkxiXmrjQBSkrcKuHxpEawQWEWiroiQYJAFRCodjEDvuu jWXbkVuhwFlrvZdAIildcUsBNLwqajxtExDhvwCtsHIEeeEdtXYZlgqU,Pending,Grant,In Negotiation,,,,,proposal_99698968.pdf,person_Brown.pdf,
2025,SSA-analysis,1821-4676-2980-7386,Patricia,,Moore,Collaborator,CZ5TQAGRDPFT,Tyrell Corp,Prohibited Factors,No Mitigation Needed,Mitigation Measures Required,Mitigation Measures Required,Mitigation Measures Required,,deployment research integration optimization analysis research development solutions.,"Cessation, Increased Reporting",deployment research integration strategy deployment innovation.,54762950,OPP-863666,Adaptive modular solution Project,EB3Q82NDH2ZA,MomCorp,Mitigation Annual Review,DHA,CDMRP,Completed,1/14/2022 15:19,ZqjrKzL LOBcRYoQHT wURERjJgnMPtuvNtDsoqxkXXLxrUbJdfXwwUZVAaOmq,Pending,Other Transaction Authority,Declined,,5/13/2023 14:30,8/13/2024 19:30,,proposal_54762950.pdf,person_Moore.pdf,review_54762950.docx
2025,SSA-analysis,4462-1616-6771-6458,Peter,,Davis,Co-PI,8JK40Q30BVHV,Cyberdyne Systems,No Mitigation Needed,Mitigation Measures Required,No Mitigation Needed,Prohibited Factors,No Mitigation Needed,"Cessation, Increased Reporting",,"Cessation, Increased Reporting",deployment research integration strategy deployment innovation.,54762950,OPP-863666,Adaptive modular solution Project,EB3Q82NDH2ZA,MomCorp,Mitigation Annual Review,DHA,CDMRP,Completed,1/14/2022 15:19,ZqjrKzL LOBcRYoQHT wURERjJgnMPtuvNtDsoqxkXXLxrUbJdfXwwUZVAaOmq,Pending,Other Transaction Authority,Declined,,5/13/2023 14:30,8/13/2024 19:30,,proposal_54762950.pdf,person_Davis.pdf,review_54762950.docx
2025,SSA-analysis,7728-7119-1585-5278,Patricia,,Jones,Consultant,1317BRU1K5HM,Blue Sun Corp,Prohibited Factors,Mitigation Measures Required,Mitigation Measures Required,No Mitigation Needed,Prohibited Factors,,integration integration development solutions integration development optimization integration research innovation deployment research analysis innovation analysis.,"Cessation, Increased Reporting",deployment research integration strategy deployment innovation.,54762950,OPP-863666,Adaptive modular solution Project,EB3Q82NDH2ZA,MomCorp,Mitigation Annual Review,DHA,CDMRP,Completed,1/14/2022 15:19,ZqjrKzL LOBcRYoQHT wURERjJgnMPtuvNtDsoqxkXXLxrUbJdfXwwUZVAaOmq,Pending,Other Transaction Authority,Declined,,5/13/2023 14:30,8/13/2024 19:30,,proposal_54762950.pdf,,review_54762950.docx
2025,SSA-analysis,6011-3541-8756-9276,John,Susan,Anderson,Student,EB3Q82NDH2ZA,MomCorp,Mitigation Measures Required,No Mitigation Needed,No Mitigation Needed,Prohibited Factors,Prohibited Factors,,optimization synergy integration research research.,"Cessation, Increased Reporting",deployment research integration strategy deployment innovation.,54762950,OPP-863666,Adaptive modular solution Project,EB3Q82NDH2ZA,MomCorp,Mitigation Annual Review,DHA,CDMRP,Completed,1/14/2022 15:19,ZqjrKzL LOBcRYoQHT wURERjJgnMPtuvNtDsoqxkXXLxrUbJdfXwwUZVAaOmq,Pending,Other Transaction Authority,Declined,,5/13/2023 14:30,8/13/2024 19:30,,proposal_54762950.pdf,person_Anderson.pdf,review_54762950.docx
2024,SSA-innovation,5260-7018-8099-8748,Susan,,Smith,PI,EB3Q82NDH2ZA,MomCorp,Prohibited Factors,Mitigation Measures Required,No Mitigation Needed,Mitigation Measures Required,Mitigation Measures Required,,research research optimization strategy optimization analysis solutions.,"Cessation, Increased Reporting",optimization strategy integration integration analysis deployment deployment.,20077635,OPP-310163,Automated bi-directional pricing structure Project,P0BJREZAN0YF,Stark Industries,Initial,DHA,I2O,In Progress,1/23/2022 8:41,lYf pQN twIFbnuSnpRwdwXlBvncEqJMVV boTFYqJui,Complete,CRADA,Pending,,,2/7/2020 0:34,,proposal_20077635.pdf,,
2024,SSA-innovation,5449-1918-8071-9289,John,David,Moore,Consultant,1317BRU1K5HM,Blue Sun Corp,No Mitigation Needed,Prohibited Factors,Prohibited Factors,No Mitigation Needed,Prohibited Factors,,solutions strategy integration deployment optimization deployment integration strategy optimization integration innovation solutions synergy.,"Cessation, Increased Reporting",optimization strategy integration integration analysis deployment deployment.,20077635,OPP-310163,Automated bi-directional pricing structure Project,P0BJREZAN0YF,Stark Industries,Initial,DHA,I2O,In Progress,1/23/2022 8:41,lYf pQN twIFbnuSnpRwdwXlBvncEqJMVV boTFYqJui,Complete,CRADA,Pending,,,2/7/2020 0:34,,proposal_20077635.pdf,,
2024,SSA-innovation,8746-3273-1269-8861,Susan,,Wilson,PI,4K0AW4066EK0,Virtucon,No Mitigation Needed,Mitigation Measures Required,Mitigation Measures Required,No Mitigation Needed,Prohibited Factors,,synergy solutions integration optimization integration synergy.,"Cessation, Increased Reporting",optimization strategy integration integration analysis deployment deployment.,20077635,OPP-310163,Automated bi-directional pricing structure Project,P0BJREZAN0YF,Stark Industries,Initial,DHA,I2O,In Progress,1/23/2022 8:41,lYf pQN twIFbnuSnpRwdwXlBvncEqJMVV boTFYqJui,Complete,CRADA,Pending,,,2/7/2020 0:34,,proposal_20077635.pdf,,
2023,SSA-synergy,1946-3590-5529-1334,John,David,Taylor,Co-PI,8JK40Q30BVHV,Cyberdyne Systems,No Mitigation Needed,Prohibited Factors,Mitigation Measures Required,Mitigation Measures Required,Prohibited Factors,"Cessation, Increased Reporting",analysis innovation development optimization research.,,,80489322,OPP-570813,Compatible demand-driven workforce Project,CZ5TQAGRDPFT,Tyrell Corp,Mitigation Annual Review,INSCOM,CDMRP,In Progress,12/1/2023 4:36,DbfMmhfmJLqTHmAuJBjKunaTrnIeiVSrfffAkbPibGAWrTpVUCNeokyDGvwOMOoHLqyUfbacVYEGRUkUwaoonXuoUFqeDikCjvgnHbtHRgAekzjmrokqX,Not Needed,CRADA,In Negotiation,,6/7/2022 6:07,2/12/2022 1:17,4/2/2022 0:01,proposal_80489322.pdf,,
2025,SSA-development,8891-4867-3529-7308,Patricia,Jane,Miller,Co-PI,95C7CBF2RFOV,Acme Corp,No Mitigation Needed,No Mitigation Needed,Mitigation Measures Required,Prohibited Factors,No Mitigation Needed,"Cessation, Increased Reporting",,,,64558513,OPP-408287,Automated bi-directional pricing structure Project,95C7CBF2RFOV,Acme Corp,Initial,DARPA,TTO,Completed,9/28/2023 13:48,,Pending,FAR-based Contract,In Negotiation,,,,,proposal_64558513.pdf,,
2025,SSA-research,3658-7489-4481-2249,Robert,,Williams,Student,8JK40Q30BVHV,Cyberdyne Systems,No Mitigation Needed,Prohibited Factors,Prohibited Factors,Mitigation Measures Required,Prohibited Factors,,research strategy development development development solutions innovation integration analysis optimization synergy synergy.,Threat Briefs,,41627381,OPP-883430,Configurable value-added system engine Project,95C7CBF2RFOV,Acme Corp,Initial,ACC,I2O,Draft,11/21/2023 2:54,,Pending,CRADA,Awarded,FAIN0396128,2/27/2021 3:36,3/16/2021 16:07,2/12/2020 2:05,proposal_41627381.pdf,,review_41627381.docx
2025,SSA-research,7077-4353-8590-5084,Linda,,Jones,Co-PI,P0BJREZAN0YF,Stark Industries,No Mitigation Needed,No Mitigation Needed,Mitigation Measures Required,Mitigation Measures Required,Mitigation Measures Required,Threat Briefs,deployment solutions synergy analysis development research integration solutions deployment deployment.,Threat Briefs,,41627381,OPP-883430,Configurable value-added system engine Project,95C7CBF2RFOV,Acme Corp,Initial,ACC,I2O,Draft,11/21/2023 2:54,,Pending,CRADA,Awarded,FAIN0396128,2/27/2021 3:36,3/16/2021 16:07,2/12/2020 2:05,proposal_41627381.pdf,person_Jones.pdf,review_41627381.docx
2025,SSA-research,3724-1804-5344-7280,Susan,,Taylor,Consultant,2GM2D03Z4F45,Omni Consumer Products,Mitigation Measures Required,No Mitigation Needed,Prohibited Factors,No Mitigation Needed,Prohibited Factors,,development innovation solutions research integration synergy innovation innovation solutions innovation development research development.,Threat Briefs,,41627381,OPP-883430,Configurable value-added system engine Project,95C7CBF2RFOV,Acme Corp,Initial,ACC,I2O,Draft,11/21/2023 2:54,,Pending,CRADA,Awarded,FAIN0396128,2/27/2021 3:36,3/16/2021 16:07,2/12/2020 2:05,proposal_41627381.pdf,,review_41627381.docx
2025,SSA-research,2481-7728-4240-5225,Mary,,Brown,PI,S16GSAX4CIDY,Globex Inc,Prohibited Factors,Mitigation Measures Required,Prohibited Factors,Mitigation Measures Required,No Mitigation Needed,Threat Briefs,synergy development analysis deployment deployment synergy synergy.,Threat Briefs,,41627381,OPP-883430,Configurable value-added system engine Project,95C7CBF2RFOV,Acme Corp,Initial,ACC,I2O,Draft,11/21/2023 2:54,,Pending,CRADA,Awarded,FAIN0396128,2/27/2021 3:36,3/16/2021 16:07,2/12/2020 2:05,proposal_41627381.pdf,person_Brown.pdf,review_41627381.docx
2025,SSA-strategy,4119-2857-8173-6600,Mary,,Miller,Student,8JK40Q30BVHV,Cyberdyne Systems,Prohibited Factors,Mitigation Measures Required,Mitigation Measures Required,Mitigation Measures Required,No Mitigation Needed,"Cessation, Increased Reporting",,Threat Briefs,,6475366,OPP-048664,Ameliorated didactic strategy Project,2GM2D03Z4F45,Omni Consumer Products,Mitigation Annual Review,NGA,I2O,Draft,7/5/2024 6:23,,Not Needed,Other Transaction Authority,In Negotiation,,,3/8/2024 18:20,,proposal_06475366.pdf,,review_06475366.docx
2025,SSA-strategy,1821-4676-2980-7386,Patricia,Michael,Moore,Consultant,8JK40Q30BVHV,Cyberdyne Systems,Prohibited Factors,No Mitigation Needed,No Mitigation Needed,Mitigation Measures Required,Mitigation Measures Required,"Cessation, Increased Reporting",,Threat Briefs,,6475366,OPP-048664,Ameliorated didactic strategy Project,2GM2D03Z4F45,Omni Consumer Products,Mitigation Annual Review,NGA,I2O,Draft,7/5/2024 6:23,,Not Needed,Other Transaction Authority,In Negotiation,,,3/8/2024 18:20,,proposal_06475366.pdf,person_Moore.pdf,review_06475366.docx
2023,SSA-solutions,7077-4353-8590-5084,Linda,,Jones,Co-PI,S16GSAX4CIDY,Globex Inc,Prohibited Factors,Mitigation Measures Required,No Mitigation Needed,Prohibited Factors,Mitigation Measures Required,,innovation strategy analysis analysis solutions strategy.,Threat Briefs,,88965842,OPP-629529,Advanced cohesive hardware Project,4K0AW4066EK0,Virtucon,Mitigation Annual Review,DHA,MSO,Canceled,8/27/2020 8:15,,Pending,FAR-based Contract,Pending,,,4/14/2022 9:53,,proposal_88965842.pdf,,
2024,SSA-development,7077-4353-8590-5084,Linda,,Jones,Co-PI,VWDUSH65P3UT,Wayne Enterprises,Mitigation Measures Required,Prohibited Factors,No Mitigation Needed,No Mitigation Needed,No Mitigation Needed,Threat Briefs,innovation innovation strategy strategy development strategy optimization deployment innovation integration.,Threat Briefs,,79842910,OPP-519270,Automated bi-directional pricing structure Project,EB3Q82NDH2ZA,MomCorp,Mitigation Annual Review,DTRA,DSO,Draft,5/2/2022 23:41,,Not Needed,FAR-based Contract,Awarded,FAIN2707568,,12/1/2023 11:59,4/17/2020 12:56,proposal_79842910.pdf,person_Jones.pdf,
2024,SSA-development,5260-7018-8099-8748,Susan,,Smith,Consultant,CZ5TQAGRDPFT,Tyrell Corp,No Mitigation Needed,No Mitigation Needed,No Mitigation Needed,Prohibited Factors,Mitigation Measures Required,"Cessation, Increased Reporting",,Threat Briefs,,79842910,OPP-519270,Automated bi-directional pricing structure Project,EB3Q82NDH2ZA,MomCorp,Mitigation Annual Review,DTRA,DSO,Draft,5/2/2022 23:41,,Not Needed,FAR-based Contract,Awarded,FAIN2707568,,12/1/2023 11:59,4/17/2020 12:56,proposal_79842910.pdf,,
2025,SSA-synergy,2412-4462-3155-5799,Patricia,,Davis,Consultant,P0BJREZAN0YF,Stark Industries,Mitigation Measures Required,Mitigation Measures Required,Mitigation Measures Required,Mitigation Measures Required,Prohibited Factors,"Cessation, Increased Reporting",strategy strategy deployment optimization optimization analysis strategy solutions integration development optimization.,"Cessation, Increased Reporting",,21523452,OPP-047101,Cross-platform multimedia project Project,2GM2D03Z4F45,Omni Consumer Products,Mitigation Annual Review,NGA,MSO,In Progress,7/12/2022 13:36,,Complete,Other,Pending,,,2/28/2025 12:12,,proposal_21523452.pdf,,
2025,SSA-synergy,9367-4896-5805-7010,Linda,Robert,Miller,PI,S16GSAX4CIDY,Globex Inc,No Mitigation Needed,Mitigation Measures Required,No Mitigation Needed,No Mitigation Needed,Mitigation Measures Required,"Cessation, Increased Reporting",strategy integration integration analysis solutions synergy innovation.,"Cessation, Increased Reporting",,21523452,OPP-047101,Cross-platform multimedia project Project,2GM2D03Z4F45,Omni Consumer Products,Mitigation Annual Review,NGA,MSO,In Progress,7/12/2022 13:36,,Complete,Other,Pending,,,2/28/2025 12:12,,proposal_21523452.pdf,,
2025,SSA-synergy,5467-3152-7073-9265,Mary,Mary,Wilson,Collaborator,VWDUSH65P3UT,Wayne Enterprises,Prohibited Factors,Prohibited Factors,Prohibited Factors,No Mitigation Needed,Prohibited Factors,"Cessation, Increased Reporting",synergy synergy optimization strategy deployment optimization synergy research integration analysis deployment research innovation solutions.,"Cessation, Increased Reporting",,21523452,OPP-047101,Cross-platform multimedia project Project,2GM2D03Z4F45,Omni Consumer Products,Mitigation Annual Review,NGA,MSO,In Progress,7/12/2022 13:36,,Complete,Other,Pending,,,2/28/2025 12:12,,proposal_21523452.pdf,person_Wilson.pdf,
2023,SSA-synergy,2481-7728-4240-5225,Mary,Patricia,Brown,Collaborator,2GM2D03Z4F45,Omni Consumer Products,No Mitigation Needed,Prohibited Factors,No Mitigation Needed,Prohibited Factors,Prohibited Factors,"Cessation, Increased Reporting",strategy solutions strategy optimization solutions optimization solutions synergy deployment integration.,Threat Briefs,,53920464,OPP-120978,Advanced cohesive hardware Project,8JK40Q30BVHV,Cyberdyne Systems,Initial,USA,TTO,Draft,6/4/2021 4:05,,Not Needed,Other,Pending,,,,6/10/2025 4:49,proposal_53920464.pdf,person_Brown.pdf,
2023,SSA-synergy,2276-6001-5996-2872,Jane,,Anderson,Collaborator,EB3Q82NDH2ZA,MomCorp,No Mitigation Needed,Prohibited Factors,Prohibited Factors,Mitigation Measures Required,Prohibited Factors,,,Threat Briefs,,53920464,OPP-120978,Advanced cohesive hardware Project,8JK40Q30BVHV,Cyberdyne Systems,Initial,USA,TTO,Draft,6/4/2021 4:05,,Not Needed,Other,Pending,,,,6/10/2025 4:49,proposal_53920464.pdf,person_Anderson.pdf,
2023,SSA-synergy,9009-4486-9828-9810,Mary,,Taylor,Co-PI,4K0AW4066EK0,Virtucon,Mitigation Measures Required,No Mitigation Needed,No Mitigation Needed,Prohibited Factors,Prohibited Factors,"Cessation, Increased Reporting",,Threat Briefs,,53920464,OPP-120978,Advanced cohesive hardware Project,8JK40Q30BVHV,Cyberdyne Systems,Initial,USA,TTO,Draft,6/4/2021 4:05,,Not Needed,Other,Pending,,,,6/10/2025 4:49,proposal_53920464.pdf,,
2023,SSA-synergy,6090-8727-9692-9539,Robert,,Davis,Consultant,8JK40Q30BVHV,Cyberdyne Systems,Prohibited Factors,Mitigation Measures Required,Mitigation Measures Required,No Mitigation Needed,Prohibited Factors,,,Threat Briefs,,53920464,OPP-120978,Advanced cohesive hardware Project,8JK40Q30BVHV,Cyberdyne Systems,Initial,USA,TTO,Draft,6/4/2021 4:05,,Not Needed,Other,Pending,,,,6/10/2025 4:49,proposal_53920464.pdf,person_Davis.pdf,
2023,SSA-synergy,4712-9564-9492-1032,Peter,,Moore,Student,2GM2D03Z4F45,Omni Consumer Products,Mitigation Measures Required,Prohibited Factors,Prohibited Factors,Mitigation Measures Required,No Mitigation Needed,,innovation optimization development analysis strategy optimization research analysis analysis solutions strategy synergy integration innovation.,Threat Briefs,,53920464,OPP-120978,Advanced cohesive hardware Project,8JK40Q30BVHV,Cyberdyne Systems,Initial,USA,TTO,Draft,6/4/2021 4:05,,Not Needed,Other,Pending,,,,6/10/2025 4:49,proposal_53920464.pdf,,
2023,SSA-deployment,9524-6512-3656-5410,Robert,David,Moore,Consultant,2GM2D03Z4F45,Omni Consumer Products,Prohibited Factors,No Mitigation Needed,Mitigation Measures Required,No Mitigation Needed,Mitigation Measures Required,"Cessation, Increased Reporting",analysis optimization development analysis analysis development development.,,,39701931,OPP-524668,Adaptive modular solution Project,VWDUSH65P3UT,Wayne Enterprises,Initial,NGA,TTO,Draft,7/10/2023 0:47,,Not Needed,Grant,Pending,,12/23/2022 21:30,,,proposal_39701931.pdf,,
2023,SSA-deployment,2782-3604-1777-7406,Patricia,,Taylor,Collaborator,2GM2D03Z4F45,Omni Consumer Products,No Mitigation Needed,Mitigation Measures Required,No Mitigation Needed,Mitigation Measures Required,No Mitigation Needed,Threat Briefs,innovation deployment research innovation integration development strategy analysis research analysis analysis research solutions.,,,39701931,OPP-524668,Adaptive modular solution Project,VWDUSH65P3UT,Wayne Enterprises,Initial,NGA,TTO,Draft,7/10/2023 0:47,,Not Needed,Grant,Pending,,12/23/2022 21:30,,,proposal_39701931.pdf,,
2023,SSA-deployment,2553-1903-5850-9269,Susan,Jane,Davis,PI,81QD9NSV6JGU,Blue Sun Corp,Prohibited Factors,No Mitigation Needed,No Mitigation Needed,No Mitigation Needed,No Mitigation Needed,Threat Briefs,,,,39701931,OPP-524668,Adaptive modular solution Project,VWDUSH65P3UT,Wayne Enterprises,Initial,NGA,TTO,Draft,7/10/2023 0:47,,Not Needed,Grant,Pending,,12/23/2022 21:30,,,proposal_39701931.pdf,,
2023,SSA-deployment,2704-5496-8890-3368,Jane,Patricia,Brown,Consultant,N8ZVV0PTLC0F,Globex Inc,Prohibited Factors,No Mitigation Needed,Prohibited Factors,Prohibited Factors,Prohibited Factors,Threat Briefs,,,,39701931,OPP-524668,Adaptive modular solution Project,VWDUSH65P3UT,Wayne Enterprises,Initial,NGA,TTO,Draft,7/10/2023 0:47,,Not Needed,Grant,Pending,,12/23/2022 21:30,,,proposal_39701931.pdf,person_Brown.pdf,
2023,SSA-deployment,6666-2150-1318-9273,Michael,,Williams,PI,1317BRU1K5HM,Blue Sun Corp,Prohibited Factors,No Mitigation Needed,Prohibited Factors,No Mitigation Needed,No Mitigation Needed,Threat Briefs,innovation synergy optimization strategy research synergy innovation strategy optimization development.,,,39701931,OPP-524668,Adaptive modular solution Project,VWDUSH65P3UT,Wayne Enterprises,Initial,NGA,TTO,Draft,7/10/2023 0:47,,Not Needed,Grant,Pending,,12/23/2022 21:30,,,proposal_39701931.pdf,,
2024,SSA-development,6903-5170-2921-3573,John,,Miller,Collaborator,P0BJREZAN0YF,Stark Industries,No Mitigation Needed,Prohibited Factors,No Mitigation Needed,Mitigation Measures Required,Mitigation Measures Required,"Cessation, Increased Reporting",,Threat Briefs,,4835400,OPP-806779,Ameliorated didactic strategy Project,S16GSAX4CIDY,Globex Inc,Initial,ACC,TTO,Completed,7/16/2022 2:33,SZniqnqtZQIVwFpqnPxvqKanWEVTlZbpBSeIzXWtbSeny,Complete,Other,Awarded,FAIN1256504,,,,proposal_04835400.pdf,person_Miller.pdf,
2024,SSA-development,8397-4644-6998-9181,Michael,,Davis,Student,S16GSAX4CIDY,Globex Inc,Mitigation Measures Required,Mitigation Measures Required,Prohibited Factors,Prohibited Factors,Prohibited Factors,"Cessation, Increased Reporting",optimization development solutions innovation deployment optimization development solutions research development.,Threat Briefs,,4835400,OPP-806779,Ameliorated didactic strategy Project,S16GSAX4CIDY,Globex Inc,Initial,ACC,TTO,Completed,7/16/2022 2:33,SZniqnqtZQIVwFpqnPxvqKanWEVTlZbpBSeIzXWtbSeny,Complete,Other,Awarded,FAIN1256504,,,,proposal_04835400.pdf,person_Davis.pdf,
2024,SSA-development,7902-9517-3520-2799,Linda,,Smith,Collaborator,4K0AW4066EK0,Virtucon,Mitigation Measures Required,Mitigation Measures Required,No Mitigation Needed,Prohibited Factors,No Mitigation Needed,"Cessation, Increased Reporting",development synergy innovation solutions development.,Threat Briefs,,4835400,OPP-806779,Ameliorated didactic strategy Project,S16GSAX4CIDY,Globex Inc,Initial,ACC,TTO,Completed,7/16/2022 2:33,SZniqnqtZQIVwFpqnPxvqKanWEVTlZbpBSeIzXWtbSeny,Complete,Other,Awarded,FAIN1256504,,,,proposal_04835400.pdf,,
2024,SSA-integration,6637-3966-2365-1403,John,,Jones,PI,2GM2D03Z4F45,Omni Consumer Products,Mitigation Measures Required,No Mitigation Needed,No Mitigation Needed,Mitigation Measures Required,No Mitigation Needed,,synergy deployment development synergy research.,Threat Briefs,synergy strategy development research solutions solutions synergy optimization synergy research synergy strategy.,27289631,OPP-157670,Cloned scalable matrix Project,4K0AW4066EK0,Virtucon,Mitigation Annual Review,ACC,MSO,Completed,9/1/2020 4:09,MfIccEvpmzoajq oeC K ,Not Needed,Other,Declined,,2/10/2020 12:46,12/27/2023 20:17,5/6/2025 15:11,proposal_27289631.pdf,person_Jones.pdf,review_27289631.docx
2024,SSA-integration,5723-5633-2716-1119,Michael,,Taylor,PI,IWZVHT1RAUCO,MomCorp,Prohibited Factors,Prohibited Factors,Prohibited Factors,Mitigation Measures Required,No Mitigation Needed,"Cessation, Increased Reporting",,Threat Briefs,synergy strategy development research solutions solutions synergy optimization synergy research synergy strategy.,27289631,OPP-157670,Cloned scalable matrix Project,4K0AW4066EK0,Virtucon,Mitigation Annual Review,ACC,MSO,Completed,9/1/2020 4:09,MfIccEvpmzoajq oeC K ,Not Needed,Other,Declined,,2/10/2020 12:46,12/27/2023 20:17,5/6/2025 15:11,proposal_27289631.pdf,,review_27289631.docx
2024,SSA-integration,3259-2258-9144-5642,Linda,,Wilson,Collaborator,EB3Q82NDH2ZA,MomCorp,No Mitigation Needed,Mitigation Measures Required,No Mitigation Needed,Prohibited Factors,Mitigation Measures Required,Threat Briefs,optimization solutions innovation optimization solutions strategy research integration deployment research solutions innovation integration.,Threat Briefs,synergy strategy development research solutions solutions synergy optimization synergy research synergy strategy.,27289631,OPP-157670,Cloned scalable matrix Project,4K0AW4066EK0,Virtucon,Mitigation Annual Review,ACC,MSO,Completed,9/1/2020 4:09,MfIccEvpmzoajq oeC K ,Not Needed,Other,Declined,,2/10/2020 12:46,12/27/2023 20:17,5/6/2025 15:11,proposal_27289631.pdf,,review_27289631.docx
2024,SSA-integration,5723-5633-2716-1119,Michael,Michael,Taylor,PI,P0BJREZAN0YF,Stark Industries,No Mitigation Needed,Mitigation Measures Required,Mitigation Measures Required,Mitigation Measures Required,No Mitigation Needed,Threat Briefs,optimization strategy innovation innovation solutions synergy solutions analysis strategy strategy analysis development deployment development.,,,30807858,OPP-532059,Advanced cohesive hardware Project,CZ5TQAGRDPFT,Tyrell Corp,Mitigation Annual Review,NGA,I2O,Draft,3/11/2022 0:08,,Complete,CRADA,Pending,,10/12/2020 3:09,,,proposal_30807858.pdf,,review_30807858.docx
2025,SSA-research,4139-2131-1680-6186,Susan,,Williams,Consultant,8JK40Q30BVHV,Cyberdyne Systems,No Mitigation Needed,No Mitigation Needed,Prohibited Factors,Mitigation Measures Required,Prohibited Factors,"Cessation, Increased Reporting",research innovation optimization strategy deployment deployment strategy analysis innovation deployment solutions optimization innovation analysis analysis.,,,3319817,OPP-300971,Automated bi-directional pricing structure Project,S16GSAX4CIDY,Globex Inc,Mitigation Annual Review,USA,CDMRP,Completed,6/14/2023 16:43,gHBVDKpNJnHkcxiRBKBvywETGlTlZD,Not Needed,Other,Declined,,6/1/2021 21:18,,,proposal_03319817.pdf,,
2025,SSA-research,8603-5590-1153-5798,David,,Wilson,PI,CZ5TQAGRDPFT,Tyrell Corp,Mitigation Measures Required,Mitigation Measures Required,No Mitigation Needed,Prohibited Factors,No Mitigation Needed,Threat Briefs,optimization integration research deployment research development analysis development deployment innovation research.,,,3319817,OPP-300971,Automated bi-directional pricing structure Project,S16GSAX4CIDY,Globex Inc,Mitigation Annual Review,USA,CDMRP,Completed,6/14/2023 16:43,gHBVDKpNJnHkcxiRBKBvywETGlTlZD,Not Needed,Other,Declined,,6/1/2021 21:18,,,proposal_03319817.pdf,person_Wilson.pdf,
2025,SSA-research,4162-7428-4491-5919,Peter,John,Brown,Student,1317BRU1K5HM,Blue Sun Corp,No Mitigation Needed,Prohibited Factors,Prohibited Factors,Mitigation Measures Required,Mitigation Measures Required,Threat Briefs,strategy optimization analysis synergy strategy.,,,3319817,OPP-300971,Automated bi-directional pricing structure Project,S16GSAX4CIDY,Globex Inc,Mitigation Annual Review,USA,CDMRP,Completed,6/14/2023 16:43,gHBVDKpNJnHkcxiRBKBvywETGlTlZD,Not Needed,Other,Declined,,6/1/2021 21:18,,,proposal_03319817.pdf,,
2025,SSA-research,3259-2258-9144-5642,Linda,,Wilson,Co-PI,P0BJREZAN0YF,Stark Industries,Mitigation Measures Required,No Mitigation Needed,Prohibited Factors,Mitigation Measures Required,No Mitigation Needed,,,,,3319817,OPP-300971,Automated bi-directional pricing structure Project,S16GSAX4CIDY,Globex Inc,Mitigation Annual Review,USA,CDMRP,Completed,6/14/2023 16:43,gHBVDKpNJnHkcxiRBKBvywETGlTlZD,Not Needed,Other,Declined,,6/1/2021 21:18,,,proposal_03319817.pdf,,
2024,SSA-innovation,1946-3590-5529-1334,John,,Taylor,Collaborator,4K0AW4066EK0,Virtucon,Mitigation Measures Required,Prohibited Factors,No Mitigation Needed,Mitigation Measures Required,Prohibited Factors,,development research synergy strategy development.,"Cessation, Increased Reporting",solutions solutions deployment research synergy research innovation solutions integration synergy synergy research strategy innovation.,344502,OPP-637591,Compatible demand-driven workforce Project,95C7CBF2RFOV,Acme Corp,Initial,INSCOM,DSO,Canceled,7/24/2023 1:03,,Complete,CRADA,Declined,,,8/15/2022 7:50,2/8/2023 19:22,proposal_00344502.pdf,person_Taylor.pdf,review_00344502.docx
2024,SSA-innovation,7405-9354-2947-4642,Patricia,,Wilson,Student,EB3Q82NDH2ZA,MomCorp,No Mitigation Needed,No Mitigation Needed,Prohibited Factors,Prohibited Factors,No Mitigation Needed,"Cessation, Increased Reporting",solutions synergy innovation research analysis development development solutions integration solutions deployment optimization.,"Cessation, Increased Reporting",solutions solutions deployment research synergy research innovation solutions integration synergy synergy research strategy innovation.,344502,OPP-637591,Compatible demand-driven workforce Project,95C7CBF2RFOV,Acme Corp,Initial,INSCOM,DSO,Canceled,7/24/2023 1:03,,Complete,CRADA,Declined,,,8/15/2022 7:50,2/8/2023 19:22,proposal_00344502.pdf,person_Wilson.pdf,review_00344502.docx
2023,SSA-innovation,5940-1550-4727-9093,David,,Miller,Student,95C7CBF2RFOV,Acme Corp,Prohibited Factors,No Mitigation Needed,Prohibited Factors,Prohibited Factors,Prohibited Factors,"Cessation, Increased Reporting",,Threat Briefs,synergy development innovation analysis development strategy deployment development optimization research analysis optimization.,63700050,OPP-198422,Compatible demand-driven workforce Project,8JK40Q30BVHV,Cyberdyne Systems,Mitigation Annual Review,DHA,DSO,Draft,3/14/2024 14:09,sRiBbcHKOVZpAOSVTjnoQgtUItIyqKw,Complete,Other,Pending,,11/19/2025 17:24,,,proposal_63700050.pdf,,review_63700050.docx
2023,SSA-innovation,7902-9517-3520-2799,Linda,David,Smith,PI,4K0AW4066EK0,Virtucon,No Mitigation Needed,Mitigation Measures Required,Prohibited Factors,Prohibited Factors,No Mitigation Needed,Threat Briefs,,Threat Briefs,synergy development innovation analysis development strategy deployment development optimization research analysis optimization.,63700050,OPP-198422,Compatible demand-driven workforce Project,8JK40Q30BVHV,Cyberdyne Systems,Mitigation Annual Review,DHA,DSO,Draft,3/14/2024 14:09,sRiBbcHKOVZpAOSVTjnoQgtUItIyqKw,Complete,Other,Pending,,11/19/2025 17:24,,,proposal_63700050.pdf,person_Smith.pdf,review_63700050.docx
2023,SSA-innovation,6011-3541-8756-9276,John,Robert,Anderson,Co-PI,95C7CBF2RFOV,Acme Corp,Prohibited Factors,Mitigation Measures Required,Prohibited Factors,No Mitigation Needed,No Mitigation Needed,,solutions solutions solutions research optimization integration development analysis integration strategy optimization solutions innovation solutions.,Threat Briefs,synergy development innovation analysis development strategy deployment development optimization research analysis optimization.,63700050,OPP-198422,Compatible demand-driven workforce Project,8JK40Q30BVHV,Cyberdyne Systems,Mitigation Annual Review,DHA,DSO,Draft,3/14/2024 14:09,sRiBbcHKOVZpAOSVTjnoQgtUItIyqKw,Complete,Other,Pending,,11/19/2025 17:24,,,proposal_63700050.pdf,person_Anderson.pdf,review_63700050.docx
2023,SSA-innovation,5467-3152-7073-9265,Mary,,Wilson,PI,95C7CBF2RFOV,Acme Corp,Mitigation Measures Required,No Mitigation Needed,No Mitigation Needed,Prohibited Factors,Mitigation Measures Required,,synergy deployment deployment innovation development research analysis strategy research deployment deployment deployment solutions research.,Threat Briefs,synergy development innovation analysis development strategy deployment development optimization research analysis optimization.,63700050,OPP-198422,Compatible demand-driven workforce Project,8JK40Q30BVHV,Cyberdyne Systems,Mitigation Annual Review,DHA,DSO,Draft,3/14/2024 14:09,sRiBbcHKOVZpAOSVTjnoQgtUItIyqKw,Complete,Other,Pending,,11/19/2025 17:24,,,proposal_63700050.pdf,person_Wilson.pdf,review_63700050.docx
2025,SSA-analysis,1250-3427-8548-5434,Jane,Jane,Miller,Co-PI,P0BJREZAN0YF,Stark Industries,Mitigation Measures Required,Prohibited Factors,Mitigation Measures Required,Mitigation Measures Required,Prohibited Factors,Threat Briefs,,"Cessation, Increased Reporting",optimization development integration optimization innovation strategy research integration development development optimization synergy.,67024890,OPP-583971,Cross-platform multimedia project Project,P0BJREZAN0YF,Stark Industries,Initial,DTRA,MSO,Draft,3/6/2025 21:32,,Pending,FAR-based Contract,Pending,,11/4/2025 4:31,12/5/2021 5:07,4/16/2025 0:59,proposal_67024890.pdf,,review_67024890.docx
2025,SSA-analysis,4341-5122-4935-6753,John,,Williams,Co-PI,95C7CBF2RFOV,Acme Corp,Prohibited Factors,Mitigation Measures Required,Prohibited Factors,No Mitigation Needed,Prohibited Factors,"Cessation, Increased Reporting",,"Cessation, Increased Reporting",optimization development integration optimization innovation strategy research integration development development optimization synergy.,67024890,OPP-583971,Cross-platform multimedia project Project,P0BJREZAN0YF,Stark Industries,Initial,DTRA,MSO,Draft,3/6/2025 21:32,,Pending,FAR-based Contract,Pending,,11/4/2025 4:31,12/5/2021 5:07,4/16/2025 0:59,proposal_67024890.pdf,person_Williams.pdf,review_67024890.docx
2025,SSA-analysis,7058-6482-4903-3575,Susan,,Miller,Co-PI,8JK40Q30BVHV,Cyberdyne Systems,No Mitigation Needed,Prohibited Factors,Prohibited Factors,Mitigation Measures Required,No Mitigation Needed,,integration solutions research development solutions optimization.,"Cessation, Increased Reporting",optimization development integration optimization innovation strategy research integration development development optimization synergy.,67024890,OPP-583971,Cross-platform multimedia project Project,P0BJREZAN0YF,Stark Industries,Initial,DTRA,MSO,Draft,3/6/2025 21:32,,Pending,FAR-based Contract,Pending,,11/4/2025 4:31,12/5/2021 5:07,4/16/2025 0:59,proposal_67024890.pdf,person_Miller.pdf,review_67024890.docx
2023,SSA-development,2104-2178-8021-8947,David,,Taylor,Student,2GM2D03Z4F45,Omni Consumer Products,Mitigation Measures Required,No Mitigation Needed,Prohibited Factors,No Mitigation Needed,No Mitigation Needed,,solutions research innovation analysis deployment innovation solutions integration integration deployment solutions innovation research research optimization.,Threat Briefs,,57251465,OPP-898223,Ameliorated didactic strategy Project,95C7CBF2RFOV,Acme Corp,Mitigation Annual Review,ACC,DSO,Draft,5/17/2025 23:55,sPKQKSutImpPlDWzusgcnkBDJZYJAyECHmvtDoStyHaRkfGTcohzmlNZYdJcsAZZKCdKfSkjOXSBTRXhPFXfRlfzlfxfxsQBBBjCkYfaEtkjDIkSqgYgOmUKqLWIkewkUQvwSikPMvEKTJXAQVj,Not Needed,Grant,Awarded,FAIN4201598,6/4/2023 12:03,11/13/2024 12:33,1/21/2021 3:08,proposal_57251465.pdf,person_Taylor.pdf,
2023,SSA-development,9424-6238-3468-6323,Robert,Michael,Miller,PI,95C7CBF2RFOV,Acme Corp,No Mitigation Needed,No Mitigation Needed,No Mitigation Needed,No Mitigation Needed,Mitigation Measures Required,"Cessation, Increased Reporting",,Threat Briefs,,57251465,OPP-898223,Ameliorated didactic strategy Project,95C7CBF2RFOV,Acme Corp,Mitigation Annual Review,ACC,DSO,Draft,5/17/2025 23:55,sPKQKSutImpPlDWzusgcnkBDJZYJAyECHmvtDoStyHaRkfGTcohzmlNZYdJcsAZZKCdKfSkjOXSBTRXhPFXfRlfzlfxfxsQBBBjCkYfaEtkjDIkSqgYgOmUKqLWIkewkUQvwSikPMvEKTJXAQVj,Not Needed,Grant,Awarded,FAIN4201598,6/4/2023 12:03,11/13/2024 12:33,1/21/2021 3:08,proposal_57251465.pdf,person_Miller.pdf,
2023,SSA-development,6969-3078-2618-4315,Susan,,Moore,Student,P0BJREZAN0YF,Stark Industries,No Mitigation Needed,No Mitigation Needed,Prohibited Factors,Mitigation Measures Required,No Mitigation Needed,,,"Cessation, Increased Reporting",integration development deployment solutions development optimization.,54567781,OPP-625698,Advanced cohesive hardware Project,2GM2D03Z4F45,Omni Consumer Products,Mitigation Annual Review,DHA,DSO,Canceled,10/22/2021 22:13,,Complete,Grant,In Negotiation,,4/26/2020 13:22,10/2/2022 1:04,11/26/2021 3:11,proposal_54567781.pdf,,review_54567781.docx
2023,SSA-development,5467-3152-7073-9265,Mary,,Wilson,Co-PI,2GM2D03Z4F45,Omni Consumer Products,Mitigation Measures Required,No Mitigation Needed,Prohibited Factors,No Mitigation Needed,No Mitigation Needed,,development analysis solutions innovation development solutions integration analysis integration optimization innovation integration synergy.,"Cessation, Increased Reporting",integration development deployment solutions development optimization.,54567781,OPP-625698,Advanced cohesive hardware Project,2GM2D03Z4F45,Omni Consumer Products,Mitigation Annual Review,DHA,DSO,Canceled,10/22/2021 22:13,,Complete,Grant,In Negotiation,,4/26/2020 13:22,10/2/2022 1:04,11/26/2021 3:11,proposal_54567781.pdf,person_Wilson.pdf,review_54567781.docx
2023,SSA-development,2553-1903-5850-9269,Susan,,Davis,PI,VWDUSH65P3UT,Wayne Enterprises,No Mitigation Needed,Prohibited Factors,No Mitigation Needed,Mitigation Measures Required,Prohibited Factors,,,"Cessation, Increased Reporting",integration development deployment solutions development optimization.,54567781,OPP-625698,Advanced cohesive hardware Project,2GM2D03Z4F45,Omni Consumer Products,Mitigation Annual Review,DHA,DSO,Canceled,10/22/2021 22:13,,Complete,Grant,In Negotiation,,4/26/2020 13:22,10/2/2022 1:04,11/26/2021 3:11,proposal_54567781.pdf,person_Davis.pdf,review_54567781.docx
2023,SSA-development,4139-2131-1680-6186,Susan,Mary,Williams,Co-PI,CZ5TQAGRDPFT,Tyrell Corp,Prohibited Factors,Mitigation Measures Required,Prohibited Factors,Mitigation Measures Required,No Mitigation Needed,"Cessation, Increased Reporting",development solutions optimization research deployment solutions deployment.,"Cessation, Increased Reporting",integration development deployment solutions development optimization.,54567781,OPP-625698,Advanced cohesive hardware Project,2GM2D03Z4F45,Omni Consumer Products,Mitigation Annual Review,DHA,DSO,Canceled,10/22/2021 22:13,,Complete,Grant,In Negotiation,,4/26/2020 13:22,10/2/2022 1:04,11/26/2021 3:11,proposal_54567781.pdf,,review_54567781.docx
2023,SSA-optimization,8397-4644-6998-9181,Michael,,Davis,Consultant,95C7CBF2RFOV,Acme Corp,No Mitigation Needed,Mitigation Measures Required,No Mitigation Needed,No Mitigation Needed,Mitigation Measures Required,,solutions strategy innovation research solutions.,Threat Briefs,deployment development optimization strategy optimization research innovation solutions synergy research research research.,12281033,OPP-212329,Assimilated tangible parallelism Project,EB3Q82NDH2ZA,MomCorp,Mitigation Annual Review,DARPA,MSO,Completed,10/8/2024 6:03,,Complete,Other,Awarded,FAIN7939883,3/20/2025 16:20,,1/8/2025 8:20,proposal_12281033.pdf,,
2023,SSA-optimization,5749-8762-3111-8896,Michael,,Brown,Consultant,3GOGY3ETGP6Z,Cyberdyne Systems,No Mitigation Needed,Mitigation Measures Required,Prohibited Factors,Prohibited Factors,Prohibited Factors,,integration integration solutions integration synergy deployment deployment strategy deployment research synergy.,Threat Briefs,deployment development optimization strategy optimization research innovation solutions synergy research research research.,12281033,OPP-212329,Assimilated tangible parallelism Project,EB3Q82NDH2ZA,MomCorp,Mitigation Annual Review,DARPA,MSO,Completed,10/8/2024 6:03,,Complete,Other,Awarded,FAIN7939883,3/20/2025 16:20,,1/8/2025 8:20,proposal_12281033.pdf,person_Brown.pdf,
2023,SSA-optimization,1821-4676-2980-7386,Patricia,Linda,Moore,Co-PI,4K0AW4066EK0,Virtucon,No Mitigation Needed,Mitigation Measures Required,No Mitigation Needed,No Mitigation Needed,Prohibited Factors,"Cessation, Increased Reporting",strategy synergy integration strategy innovation optimization strategy integration.,Threat Briefs,deployment development optimization strategy optimization research innovation solutions synergy research research research.,12281033,OPP-212329,Assimilated tangible parallelism Project,EB3Q82NDH2ZA,MomCorp,Mitigation Annual Review,DARPA,MSO,Completed,10/8/2024 6:03,,Complete,Other,Awarded,FAIN7939883,3/20/2025 16:20,,1/8/2025 8:20,proposal_12281033.pdf,person_Moore.pdf,
2023,SSA-optimization,8746-3273-1269-8861,Susan,,Wilson,Consultant,P0BJREZAN0YF,Stark Industries,Mitigation Measures Required,No Mitigation Needed,Prohibited Factors,Prohibited Factors,Mitigation Measures Required,,analysis strategy integration innovation synergy development.,Threat Briefs,deployment development optimization strategy optimization research innovation solutions synergy research research research.,12281033,OPP-212329,Assimilated tangible parallelism Project,EB3Q82NDH2ZA,MomCorp,Mitigation Annual Review,DARPA,MSO,Completed,10/8/2024 6:03,,Complete,Other,Awarded,FAIN7939883,3/20/2025 16:20,,1/8/2025 8:20,proposal_12281033.pdf,person_Wilson.pdf,
2023,SSA-optimization,9424-6238-3468-6323,Robert,,Miller,PI,EB3Q82NDH2ZA,MomCorp,Mitigation Measures Required,Mitigation Measures Required,Prohibited Factors,Mitigation Measures Required,Prohibited Factors,,synergy development analysis synergy deployment development analysis deployment development solutions integration development solutions strategy.,Threat Briefs,deployment development optimization strategy optimization research innovation solutions synergy research research research.,12281033,OPP-212329,Assimilated tangible parallelism Project,EB3Q82NDH2ZA,MomCorp,Mitigation Annual Review,DARPA,MSO,Completed,10/8/2024 6:03,,Complete,Other,Awarded,FAIN7939883,3/20/2025 16:20,,1/8/2025 8:20,proposal_12281033.pdf,person_Miller.pdf,
2023,SSA-solutions,2276-6001-5996-2872,Jane,,Anderson,Collaborator,VWDUSH65P3UT,Wayne Enterprises,No Mitigation Needed,No Mitigation Needed,Mitigation Measures Required,Mitigation Measures Required,No Mitigation Needed,"Cessation, Increased Reporting",development analysis strategy deployment strategy optimization optimization optimization deployment solutions.,,,34543556,OPP-224244,Automated bi-directional pricing structure Project,S16GSAX4CIDY,Globex Inc,Initial,DTRA,MSO,Canceled,11/13/2022 2:45,wTCjUVMoyuoFjKmDOLQUnhZuFqGNcbEeuVgrfiwtIygNt GklpXQviWPNnKaEQSISFvOHMhjrCCuyOlC,Pending,CRADA,Declined,,12/9/2025 17:35,9/21/2020 21:18,,proposal_34543556.pdf,,
2023,SSA-solutions,1821-4676-2980-7386,Patricia,,Moore,PI,8JK40Q30BVHV,Cyberdyne Systems,Prohibited Factors,No Mitigation Needed,No Mitigation Needed,Mitigation Measures Required,No Mitigation Needed,Threat Briefs,strategy deployment strategy strategy synergy synergy.,,,34543556,OPP-224244,Automated bi-directional pricing structure Project,S16GSAX4CIDY,Globex Inc,Initial,DTRA,MSO,Canceled,11/13/2022 2:45,wTCjUVMoyuoFjKmDOLQUnhZuFqGNcbEeuVgrfiwtIygNt GklpXQviWPNnKaEQSISFvOHMhjrCCuyOlC,Pending,CRADA,Declined,,12/9/2025 17:35,9/21/2020 21:18,,proposal_34543556.pdf,,
2023,SSA-solutions,9424-6238-3468-6323,Robert,,Miller,Consultant,95C7CBF2RFOV,Acme Corp,No Mitigation Needed,No Mitigation Needed,Prohibited Factors,No Mitigation Needed,Mitigation Measures Required,,analysis deployment development innovation development synergy deployment synergy strategy research innovation optimization analysis analysis synergy.,,,34543556,OPP-224244,Automated bi-directional pricing structure Project,S16GSAX4CIDY,Globex Inc,Initial,DTRA,MSO,Canceled,11/13/2022 2:45,wTCjUVMoyuoFjKmDOLQUnhZuFqGNcbEeuVgrfiwtIygNt GklpXQviWPNnKaEQSISFvOHMhjrCCuyOlC,Pending,CRADA,Declined,,12/9/2025 17:35,9/21/2020 21:18,,proposal_34543556.pdf,person_Miller.pdf,
2023,SSA-solutions,1066-2440-5078-7824,Susan,,Anderson,Co-PI,CZ5TQAGRDPFT,Tyrell Corp,Mitigation Measures Required,Prohibited Factors,No Mitigation Needed,Prohibited Factors,Mitigation Measures Required,Threat Briefs,solutions integration development integration research innovation integration.,,,34543556,OPP-224244,Automated bi-directional pricing structure Project,S16GSAX4CIDY,Globex Inc,Initial,DTRA,MSO,Canceled,11/13/2022 2:45,wTCjUVMoyuoFjKmDOLQUnhZuFqGNcbEeuVgrfiwtIygNt GklpXQviWPNnKaEQSISFvOHMhjrCCuyOlC,Pending,CRADA,Declined,,12/9/2025 17:35,9/21/2020 21:18,,proposal_34543556.pdf,person_Anderson.pdf,
2023,SSA-solutions,7274-7939-3479-9584,John,Linda,Smith,Student,95C7CBF2RFOV,Acme Corp,No Mitigation Needed,Mitigation Measures Required,Mitigation Measures Required,Mitigation Measures Required,Mitigation Measures Required,Threat Briefs,optimization deployment deployment research innovation research research innovation synergy synergy integration.,,,34543556,OPP-224244,Automated bi-directional pricing structure Project,S16GSAX4CIDY,Globex Inc,Initial,DTRA,MSO,Canceled,11/13/2022 2:45,wTCjUVMoyuoFjKmDOLQUnhZuFqGNcbEeuVgrfiwtIygNt GklpXQviWPNnKaEQSISFvOHMhjrCCuyOlC,Pending,CRADA,Declined,,12/9/2025 17:35,9/21/2020 21:18,,proposal_34543556.pdf,,
2025,SSA-synergy,2553-1903-5850-9269,Susan,Linda,Davis,Collaborator,P0BJREZAN0YF,Stark Industries,Mitigation Measures Required,Mitigation Measures Required,Mitigation Measures Required,Mitigation Measures Required,Prohibited Factors,Threat Briefs,,"Cessation, Increased Reporting",synergy research strategy development analysis deployment research strategy optimization.,95369034,OPP-904376,Automated bi-directional pricing structure Project,4K0AW4066EK0,Virtucon,Initial,DHA,MSO,Completed,6/4/2022 3:28,ZSKicpnFbWwGVhkdxeaUrbUySfahFkGMCqmTFGAIdrbklAUXsHACXcvUDCrmSJMAxoyQZkPNNqRItifbXMwpBlrTfjUJywMMKIOjmDHQnxgiYKTZagELGVgtQYmTInDCOubzigTueIOWNPIMcTmKlqKfgAeJeZ,Pending,Grant,Declined,,12/10/2022 23:22,4/13/2021 21:58,8/20/2023 1:48,proposal_95369034.pdf,,
2025,SSA-synergy,9524-6512-3656-5410,Robert,,Moore,Consultant,S16GSAX4CIDY,Globex Inc,No Mitigation Needed,Mitigation Measures Required,Mitigation Measures Required,No Mitigation Needed,Mitigation Measures Required,"Cessation, Increased Reporting",,"Cessation, Increased Reporting",synergy research strategy development analysis deployment research strategy optimization.,95369034,OPP-904376,Automated bi-directional pricing structure Project,4K0AW4066EK0,Virtucon,Initial,DHA,MSO,Completed,6/4/2022 3:28,ZSKicpnFbWwGVhkdxeaUrbUySfahFkGMCqmTFGAIdrbklAUXsHACXcvUDCrmSJMAxoyQZkPNNqRItifbXMwpBlrTfjUJywMMKIOjmDHQnxgiYKTZagELGVgtQYmTInDCOubzigTueIOWNPIMcTmKlqKfgAeJeZ,Pending,Grant,Declined,,12/10/2022 23:22,4/13/2021 21:58,8/20/2023 1:48,proposal_95369034.pdf,,
2025,SSA-synergy,8574-6986-6758-6133,Michael,Peter,Jones,Co-PI,EB3Q82NDH2ZA,MomCorp,Prohibited Factors,Prohibited Factors,Prohibited Factors,Mitigation Measures Required,Mitigation Measures Required,"Cessation, Increased Reporting",optimization optimization development optimization deployment optimization research strategy optimization analysis research strategy.,"Cessation, Increased Reporting",synergy research strategy development analysis deployment research strategy optimization.,95369034,OPP-904376,Automated bi-directional pricing structure Project,4K0AW4066EK0,Virtucon,Initial,DHA,MSO,Completed,6/4/2022 3:28,ZSKicpnFbWwGVhkdxeaUrbUySfahFkGMCqmTFGAIdrbklAUXsHACXcvUDCrmSJMAxoyQZkPNNqRItifbXMwpBlrTfjUJywMMKIOjmDHQnxgiYKTZagELGVgtQYmTInDCOubzigTueIOWNPIMcTmKlqKfgAeJeZ,Pending,Grant,Declined,,12/10/2022 23:22,4/13/2021 21:58,8/20/2023 1:48,proposal_95369034.pdf,person_Jones.pdf,
2025,SSA-synergy,1250-3427-8548-5434,Jane,,Miller,Consultant,4K0AW4066EK0,Virtucon,Prohibited Factors,Mitigation Measures Required,Prohibited Factors,Mitigation Measures Required,No Mitigation Needed,Threat Briefs,research integration deployment analysis research deployment development solutions strategy strategy.,"Cessation, Increased Reporting",synergy research strategy development analysis deployment research strategy optimization.,95369034,OPP-904376,Automated bi-directional pricing structure Project,4K0AW4066EK0,Virtucon,Initial,DHA,MSO,Completed,6/4/2022 3:28,ZSKicpnFbWwGVhkdxeaUrbUySfahFkGMCqmTFGAIdrbklAUXsHACXcvUDCrmSJMAxoyQZkPNNqRItifbXMwpBlrTfjUJywMMKIOjmDHQnxgiYKTZagELGVgtQYmTInDCOubzigTueIOWNPIMcTmKlqKfgAeJeZ,Pending,Grant,Declined,,12/10/2022 23:22,4/13/2021 21:58,8/20/2023 1:48,proposal_95369034.pdf,person_Miller.pdf,
2024,SSA-analysis,2412-4462-3155-5799,Patricia,,Davis,PI,8JK40Q30BVHV,Cyberdyne Systems,Prohibited Factors,Prohibited Factors,Prohibited Factors,Prohibited Factors,Mitigation Measures Required,"Cessation, Increased Reporting",,"Cessation, Increased Reporting",,19512095,OPP-595578,Adaptive modular solution Project,S16GSAX4CIDY,Globex Inc,Initial,DHA,MSO,Canceled,1/20/2021 22:18,PJZKxnZpslGBdEVxOGgSXMnWTZuMLFaJxUpEaqGdlECaamuOaFeqvniqnkCYfBCOpaIsWvmZDYAsMDIbmKweiPaWifnmtlXSoofZBCdHTiYfFjklzOGpxPmNNCgiRJVezjtbN rjkwICmHBHEojzKehVavCZMck,Complete,FAR-based Contract,Declined,,4/16/2020 0:47,,,proposal_19512095.pdf,person_Davis.pdf,
2024,SSA-analysis,4119-2857-8173-6600,Mary,,Miller,Consultant,95C7CBF2RFOV,Acme Corp,Mitigation Measures Required,Mitigation Measures Required,No Mitigation Needed,Mitigation Measures Required,Mitigation Measures Required,"Cessation, Increased Reporting",synergy innovation solutions analysis optimization innovation research synergy analysis integration synergy analysis deployment development.,"Cessation, Increased Reporting",,19512095,OPP-595578,Adaptive modular solution Project,S16GSAX4CIDY,Globex Inc,Initial,DHA,MSO,Canceled,1/20/2021 22:18,PJZKxnZpslGBdEVxOGgSXMnWTZuMLFaJxUpEaqGdlECaamuOaFeqvniqnkCYfBCOpaIsWvmZDYAsMDIbmKweiPaWifnmtlXSoofZBCdHTiYfFjklzOGpxPmNNCgiRJVezjtbN rjkwICmHBHEojzKehVavCZMck,Complete,FAR-based Contract,Declined,,4/16/2020 0:47,,,proposal_19512095.pdf,person_Miller.pdf,
2024,SSA-analysis,7728-7119-1585-5278,Patricia,,Jones,Consultant,33T2TMT9Z90F,Acme Corp,No Mitigation Needed,Prohibited Factors,Prohibited Factors,No Mitigation Needed,Mitigation Measures Required,"Cessation, Increased Reporting",,"Cessation, Increased Reporting",,19512095,OPP-595578,Adaptive modular solution Project,S16GSAX4CIDY,Globex Inc,Initial,DHA,MSO,Canceled,1/20/2021 22:18,PJZKxnZpslGBdEVxOGgSXMnWTZuMLFaJxUpEaqGdlECaamuOaFeqvniqnkCYfBCOpaIsWvmZDYAsMDIbmKweiPaWifnmtlXSoofZBCdHTiYfFjklzOGpxPmNNCgiRJVezjtbN rjkwICmHBHEojzKehVavCZMck,Complete,FAR-based Contract,Declined,,4/16/2020 0:47,,,proposal_19512095.pdf,,
2024,SSA-analysis,6189-1769-2614-2033,Susan,Michael,Brown,Student,8JK40Q30BVHV,Cyberdyne Systems,Mitigation Measures Required,Mitigation Measures Required,Mitigation Measures Required,Prohibited Factors,Mitigation Measures Required,Threat Briefs,integration research deployment synergy research development solutions research innovation innovation.,"Cessation, Increased Reporting",,19512095,OPP-595578,Adaptive modular solution Project,S16GSAX4CIDY,Globex Inc,Initial,DHA,MSO,Canceled,1/20/2021 22:18,PJZKxnZpslGBdEVxOGgSXMnWTZuMLFaJxUpEaqGdlECaamuOaFeqvniqnkCYfBCOpaIsWvmZDYAsMDIbmKweiPaWifnmtlXSoofZBCdHTiYfFjklzOGpxPmNNCgiRJVezjtbN rjkwICmHBHEojzKehVavCZMck,Complete,FAR-based Contract,Declined,,4/16/2020 0:47,,,proposal_19512095.pdf,person_Brown.pdf,
2024,SSA-analysis,3111-4164-8839-9729,Jane,David,Smith,Co-PI,1317BRU1K5HM,Blue Sun Corp,Mitigation Measures Required,No Mitigation Needed,Prohibited Factors,Prohibited Factors,No Mitigation Needed,Threat Briefs,,"Cessation, Increased Reporting",,19512095,OPP-595578,Adaptive modular solution Project,S16GSAX4CIDY,Globex Inc,Initial,DHA,MSO,Canceled,1/20/2021 22:18,PJZKxnZpslGBdEVxOGgSXMnWTZuMLFaJxUpEaqGdlECaamuOaFeqvniqnkCYfBCOpaIsWvmZDYAsMDIbmKweiPaWifnmtlXSoofZBCdHTiYfFjklzOGpxPmNNCgiRJVezjtbN rjkwICmHBHEojzKehVavCZMck,Complete,FAR-based Contract,Declined,,4/16/2020 0:47,,,proposal_19512095.pdf,person_Smith.pdf,
2025,SSA-analysis,4139-2131-1680-6186,Susan,,Williams,Student,CZ5TQAGRDPFT,Tyrell Corp,No Mitigation Needed,Mitigation Measures Required,Prohibited Factors,Mitigation Measures Required,Prohibited Factors,"Cessation, Increased Reporting",,"Cessation, Increased Reporting",,90187099,OPP-651255,Adaptive modular solution Project,2GM2D03Z4F45,Omni Consumer Products,Initial,DARPA,TTO,Completed,11/15/2020 18:56,liaJDDbUCfbXSQebEpMnZlfEwPl LrsfZAVVNtPQchyXXCQRCEKycJdbovXEpLAxYdPvFibjEZXJROVNYgmuiDsWZNdZ OTEX LkqxrcbPpIcCROrovYl PJMQKoGfDBEBRiNWcppDfmxviKs MbMCPYzuDOeTY DWgHobGg,Pending,CRADA,Pending,,,7/28/2025 21:31,,proposal_90187099.pdf,,review_90187099.docx
2025,SSA-analysis,8397-4644-6998-9181,Michael,Michael,Davis,Co-PI,1317BRU1K5HM,Blue Sun Corp,No Mitigation Needed,No Mitigation Needed,Mitigation Measures Required,No Mitigation Needed,Prohibited Factors,"Cessation, Increased Reporting",deployment research deployment optimization integration innovation optimization optimization optimization strategy.,"Cessation, Increased Reporting",,90187099,OPP-651255,Adaptive modular solution Project,2GM2D03Z4F45,Omni Consumer Products,Initial,DARPA,TTO,Completed,11/15/2020 18:56,liaJDDbUCfbXSQebEpMnZlfEwPl LrsfZAVVNtPQchyXXCQRCEKycJdbovXEpLAxYdPvFibjEZXJROVNYgmuiDsWZNdZ OTEX LkqxrcbPpIcCROrovYl PJMQKoGfDBEBRiNWcppDfmxviKs MbMCPYzuDOeTY DWgHobGg,Pending,CRADA,Pending,,,7/28/2025 21:31,,proposal_90187099.pdf,person_Davis.pdf,review_90187099.docx
2025,SSA-analysis,8574-6986-6758-6133,Michael,,Jones,Consultant,EB3Q82NDH2ZA,MomCorp,Mitigation Measures Required,No Mitigation Needed,Mitigation Measures Required,Mitigation Measures Required,No Mitigation Needed,"Cessation, Increased Reporting",integration deployment strategy research strategy optimization strategy.,"Cessation, Increased Reporting",,90187099,OPP-651255,Adaptive modular solution Project,2GM2D03Z4F45,Omni Consumer Products,Initial,DARPA,TTO,Completed,11/15/2020 18:56,liaJDDbUCfbXSQebEpMnZlfEwPl LrsfZAVVNtPQchyXXCQRCEKycJdbovXEpLAxYdPvFibjEZXJROVNYgmuiDsWZNdZ OTEX LkqxrcbPpIcCROrovYl PJMQKoGfDBEBRiNWcppDfmxviKs MbMCPYzuDOeTY DWgHobGg,Pending,CRADA,Pending,,,7/28/2025 21:31,,proposal_90187099.pdf,person_Jones.pdf,review_90187099.docx
2025,SSA-analysis,2018-4402-9157-7426,Mary,,Smith,Co-PI,95C7CBF2RFOV,Acme Corp,Prohibited Factors,Mitigation Measures Required,Prohibited Factors,No Mitigation Needed,Prohibited Factors,Threat Briefs,,"Cessation, Increased Reporting",,90187099,OPP-651255,Adaptive modular solution Project,2GM2D03Z4F45,Omni Consumer Products,Initial,DARPA,TTO,Completed,11/15/2020 18:56,liaJDDbUCfbXSQebEpMnZlfEwPl LrsfZAVVNtPQchyXXCQRCEKycJdbovXEpLAxYdPvFibjEZXJROVNYgmuiDsWZNdZ OTEX LkqxrcbPpIcCROrovYl PJMQKoGfDBEBRiNWcppDfmxviKs MbMCPYzuDOeTY DWgHobGg,Pending,CRADA,Pending,,,7/28/2025 21:31,,proposal_90187099.pdf,,review_90187099.docx
2023,SSA-development,6011-3541-8756-9276,John,Patricia,Anderson,Student,2GM2D03Z4F45,Omni Consumer Products,Mitigation Measures Required,Prohibited Factors,Mitigation Measures Required,No Mitigation Needed,Prohibited Factors,Threat Briefs,integration solutions synergy deployment innovation strategy strategy strategy development development deployment innovation synergy innovation.,"Cessation, Increased Reporting",strategy analysis innovation synergy research optimization.,25124955,OPP-176134,Assimilated tangible parallelism Project,VWDUSH65P3UT,Wayne Enterprises,Mitigation Annual Review,INSCOM,CDMRP,In Progress,12/9/2025 2:25,,Pending,CRADA,In Negotiation,,2/18/2024 4:05,8/1/2025 22:31,4/3/2020 9:19,proposal_25124955.pdf,person_Anderson.pdf,review_25124955.docx
2023,SSA-development,5342-2934-7908-4582,David,,Jones,Student,2GM2D03Z4F45,Omni Consumer Products,Prohibited Factors,No Mitigation Needed,Mitigation Measures Required,No Mitigation Needed,No Mitigation Needed,Threat Briefs,deployment innovation integration research deployment deployment analysis.,"Cessation, Increased Reporting",strategy analysis innovation synergy research optimization.,25124955,OPP-176134,Assimilated tangible parallelism Project,VWDUSH65P3UT,Wayne Enterprises,Mitigation Annual Review,INSCOM,CDMRP,In Progress,12/9/2025 2:25,,Pending,CRADA,In Negotiation,,2/18/2024 4:05,8/1/2025 22:31,4/3/2020 9:19,proposal_25124955.pdf,,review_25124955.docx
2023,SSA-development,4162-7428-4491-5919,Peter,David,Brown,Student,1317BRU1K5HM,Blue Sun Corp,No Mitigation Needed,No Mitigation Needed,No Mitigation Needed,Prohibited Factors,No Mitigation Needed,"Cessation, Increased Reporting",development deployment research development solutions solutions research analysis research integration development innovation strategy.,"Cessation, Increased Reporting",strategy analysis innovation synergy research optimization.,25124955,OPP-176134,Assimilated tangible parallelism Project,VWDUSH65P3UT,Wayne Enterprises,Mitigation Annual Review,INSCOM,CDMRP,In Progress,12/9/2025 2:25,,Pending,CRADA,In Negotiation,,2/18/2024 4:05,8/1/2025 22:31,4/3/2020 9:19,proposal_25124955.pdf,person_Brown.pdf,review_25124955.docx
2023,SSA-development,5006-7509-4651-4179,Michael,,Anderson,PI,S16GSAX4CIDY,Globex Inc,Mitigation Measures Required,Mitigation Measures Required,Mitigation Measures Required,No Mitigation Needed,Prohibited Factors,"Cessation, Increased Reporting",analysis research deployment strategy research research analysis.,"Cessation, Increased Reporting",strategy analysis innovation synergy research optimization.,25124955,OPP-176134,Assimilated tangible parallelism Project,VWDUSH65P3UT,Wayne Enterprises,Mitigation Annual Review,INSCOM,CDMRP,In Progress,12/9/2025 2:25,,Pending,CRADA,In Negotiation,,2/18/2024 4:05,8/1/2025 22:31,4/3/2020 9:19,proposal_25124955.pdf,person_Anderson.pdf,review_25124955.docx
2023,SSA-development,7368-9539-7504-1401,John,,Davis,Student,P0BJREZAN0YF,Stark Industries,No Mitigation Needed,No Mitigation Needed,Mitigation Measures Required,No Mitigation Needed,Mitigation Measures Required,,solutions synergy integration optimization solutions innovation research research strategy strategy.,"Cessation, Increased Reporting",strategy analysis innovation synergy research optimization.,25124955,OPP-176134,Assimilated tangible parallelism Project,VWDUSH65P3UT,Wayne Enterprises,Mitigation Annual Review,INSCOM,CDMRP,In Progress,12/9/2025 2:25,,Pending,CRADA,In Negotiation,,2/18/2024 4:05,8/1/2025 22:31,4/3/2020 9:19,proposal_25124955.pdf,,review_25124955.docx
2023,SSA-analysis,1250-3427-8548-5434,Jane,,Miller,Collaborator,P0BJREZAN0YF,Stark Industries,No Mitigation Needed,Mitigation Measures Required,No Mitigation Needed,Prohibited Factors,Prohibited Factors,"Cessation, Increased Reporting",optimization solutions innovation development optimization innovation.,,,15563934,OPP-662831,Adaptive modular solution Project,S16GSAX4CIDY,Globex Inc,Initial,DTRA,CDMRP,Draft,10/28/2025 1:13,cIdaiDBtCptiQrAoNCSpqtVDUodPh LTBTdzihRdlSBqi dfdtNcz,Pending,Other,Pending,,,,,proposal_15563934.pdf,person_Miller.pdf,
2023,SSA-analysis,7079-5719-4320-8616,Peter,,Miller,Co-PI,4K0AW4066EK0,Virtucon,No Mitigation Needed,No Mitigation Needed,Mitigation Measures Required,Mitigation Measures Required,Prohibited Factors,,research synergy solutions solutions synergy strategy strategy research analysis innovation strategy.,,,15563934,OPP-662831,Adaptive modular solution Project,S16GSAX4CIDY,Globex Inc,Initial,DTRA,CDMRP,Draft,10/28/2025 1:13,cIdaiDBtCptiQrAoNCSpqtVDUodPh LTBTdzihRdlSBqi dfdtNcz,Pending,Other,Pending,,,,,proposal_15563934.pdf,,
2023,SSA-analysis,1385-8950-3310-4586,David,,Moore,PI,S16GSAX4CIDY,Globex Inc,No Mitigation Needed,Prohibited Factors,Prohibited Factors,No Mitigation Needed,Mitigation Measures Required,Threat Briefs,development research deployment research optimization synergy integration optimization deployment.,,,15563934,OPP-662831,Adaptive modular solution Project,S16GSAX4CIDY,Globex Inc,Initial,DTRA,CDMRP,Draft,10/28/2025 1:13,cIdaiDBtCptiQrAoNCSpqtVDUodPh LTBTdzihRdlSBqi dfdtNcz,Pending,Other,Pending,,,,,proposal_15563934.pdf,person_Moore.pdf,
2023,SSA-analysis,4162-7428-4491-5919,Peter,,Brown,Collaborator,CZ5TQAGRDPFT,Tyrell Corp,Mitigation Measures Required,Mitigation Measures Required,Prohibited Factors,Prohibited Factors,Mitigation Measures Required,,solutions strategy solutions optimization synergy optimization research optimization deployment strategy synergy.,,,15563934,OPP-662831,Adaptive modular solution Project,S16GSAX4CIDY,Globex Inc,Initial,DTRA,CDMRP,Draft,10/28/2025 1:13,cIdaiDBtCptiQrAoNCSpqtVDUodPh LTBTdzihRdlSBqi dfdtNcz,Pending,Other,Pending,,,,,proposal_15563934.pdf,,
2023,SSA-strategy,7405-9354-2947-4642,Patricia,Peter,Wilson,Consultant,8JK40Q30BVHV,Cyberdyne Systems,Prohibited Factors,No Mitigation Needed,Mitigation Measures Required,Prohibited Factors,No Mitigation Needed,,integration development strategy research optimization optimization strategy synergy analysis deployment.,Threat Briefs,,45021693,OPP-385929,Adaptive modular solution Project,CZ5TQAGRDPFT,Tyrell Corp,Initial,DHA,TTO,In Progress,6/1/2023 18:30,gIJSvvZqzezzqxltIbpRHVeMKtLZtsOVfhaUZcSFcqJVV eIumnakYbHxRWPYUxLZOXdmkPQYJBnQraXHzLviytyqvYNvRXnBBFiYyeCiPtVDHBlftmxSOqRNkeOCwvqHXkCMQF Rk,Not Needed,Grant,Awarded,FAIN7571912,,6/20/2022 20:35,,proposal_45021693.pdf,,review_45021693.docx
2023,SSA-strategy,2104-2178-8021-8947,David,,Taylor,Student,S16GSAX4CIDY,Globex Inc,No Mitigation Needed,Mitigation Measures Required,No Mitigation Needed,No Mitigation Needed,No Mitigation Needed,"Cessation, Increased Reporting",research optimization analysis synergy optimization analysis innovation synergy solutions.,Threat Briefs,,45021693,OPP-385929,Adaptive modular solution Project,CZ5TQAGRDPFT,Tyrell Corp,Initial,DHA,TTO,In Progress,6/1/2023 18:30,gIJSvvZqzezzqxltIbpRHVeMKtLZtsOVfhaUZcSFcqJVV eIumnakYbHxRWPYUxLZOXdmkPQYJBnQraXHzLviytyqvYNvRXnBBFiYyeCiPtVDHBlftmxSOqRNkeOCwvqHXkCMQF Rk,Not Needed,Grant,Awarded,FAIN7571912,,6/20/2022 20:35,,proposal_45021693.pdf,person_Taylor.pdf,review_45021693.docx
2023,SSA-strategy,1532-1355-6668-6924,Patricia,,Williams,Student,LD8IEPDOW6KL,Stark Industries,Prohibited Factors,Prohibited Factors,Prohibited Factors,Prohibited Factors,Prohibited Factors,"Cessation, Increased Reporting",development optimization deployment development innovation analysis.,Threat Briefs,,45021693,OPP-385929,Adaptive modular solution Project,CZ5TQAGRDPFT,Tyrell Corp,Initial,DHA,TTO,In Progress,6/1/2023 18:30,gIJSvvZqzezzqxltIbpRHVeMKtLZtsOVfhaUZcSFcqJVV eIumnakYbHxRWPYUxLZOXdmkPQYJBnQraXHzLviytyqvYNvRXnBBFiYyeCiPtVDHBlftmxSOqRNkeOCwvqHXkCMQF Rk,Not Needed,Grant,Awarded,FAIN7571912,,6/20/2022 20:35,,proposal_45021693.pdf,person_Williams.pdf,review_45021693.docx
2023,SSA-strategy,2481-7728-4240-5225,Mary,,Brown,Collaborator,2GM2D03Z4F45,Omni Consumer Products,Mitigation Measures Required,Prohibited Factors,Prohibited Factors,Mitigation Measures Required,No Mitigation Needed,"Cessation, Increased Reporting",,Threat Briefs,,45021693,OPP-385929,Adaptive modular solution Project,CZ5TQAGRDPFT,Tyrell Corp,Initial,DHA,TTO,In Progress,6/1/2023 18:30,gIJSvvZqzezzqxltIbpRHVeMKtLZtsOVfhaUZcSFcqJVV eIumnakYbHxRWPYUxLZOXdmkPQYJBnQraXHzLviytyqvYNvRXnBBFiYyeCiPtVDHBlftmxSOqRNkeOCwvqHXkCMQF Rk,Not Needed,Grant,Awarded,FAIN7571912,,6/20/2022 20:35,,proposal_45021693.pdf,,review_45021693.docx
2023,SSA-synergy,4341-5122-4935-6753,John,,Williams,Co-PI,4K0AW4066EK0,Virtucon,Prohibited Factors,Mitigation Measures Required,Prohibited Factors,Mitigation Measures Required,Mitigation Measures Required,,,Threat Briefs,,33026924,OPP-920907,Configurable value-added system engine Project,1317BRU1K5HM,Blue Sun Corp,Initial,INSCOM,MSO,Canceled,4/2/2024 18:53,hbxZoKAbVaXXVdWZqoIRXXNBavlWTlSxaUqPWgXLbhCYsARCeDuLtivqxiYRfSICiFhdhB WEwtEdnzNlPHvZvBfSBnkHObwCEGxlpNtGpRtuzlfYuQEs mZSqc RvRbuoUQ,Pending,Grant,Pending,,,2/13/2021 4:16,,proposal_33026924.pdf,,review_33026924.docx
2023,SSA-synergy,5012-1650-2203-8432,David,,Smith,PI,P0BJREZAN0YF,Stark Industries,Prohibited Factors,Prohibited Factors,No Mitigation Needed,Mitigation Measures Required,Mitigation Measures Required,,innovation strategy research development strategy strategy development solutions development synergy.,Threat Briefs,,33026924,OPP-920907,Configurable value-added system engine Project,1317BRU1K5HM,Blue Sun Corp,Initial,INSCOM,MSO,Canceled,4/2/2024 18:53,hbxZoKAbVaXXVdWZqoIRXXNBavlWTlSxaUqPWgXLbhCYsARCeDuLtivqxiYRfSICiFhdhB WEwtEdnzNlPHvZvBfSBnkHObwCEGxlpNtGpRtuzlfYuQEs mZSqc RvRbuoUQ,Pending,Grant,Pending,,,2/13/2021 4:16,,proposal_33026924.pdf,,review_33026924.docx
2023,SSA-synergy,5723-5633-2716-1119,Michael,,Taylor,Co-PI,4K0AW4066EK0,Virtucon,Mitigation Measures Required,Prohibited Factors,Prohibited Factors,No Mitigation Needed,Prohibited Factors,Threat Briefs,,Threat Briefs,,33026924,OPP-920907,Configurable value-added system engine Project,1317BRU1K5HM,Blue Sun Corp,Initial,INSCOM,MSO,Canceled,4/2/2024 18:53,hbxZoKAbVaXXVdWZqoIRXXNBavlWTlSxaUqPWgXLbhCYsARCeDuLtivqxiYRfSICiFhdhB WEwtEdnzNlPHvZvBfSBnkHObwCEGxlpNtGpRtuzlfYuQEs mZSqc RvRbuoUQ,Pending,Grant,Pending,,,2/13/2021 4:16,,proposal_33026924.pdf,,review_33026924.docx
2023,SSA-synergy,9313-1364-2874-9660,Peter,,Smith,PI,FPEPM51THH3W,Omni Consumer Products,Prohibited Factors,Prohibited Factors,Prohibited Factors,Mitigation Measures Required,Mitigation Measures Required,Threat Briefs,development strategy integration research integration.,Threat Briefs,,33026924,OPP-920907,Configurable value-added system engine Project,1317BRU1K5HM,Blue Sun Corp,Initial,INSCOM,MSO,Canceled,4/2/2024 18:53,hbxZoKAbVaXXVdWZqoIRXXNBavlWTlSxaUqPWgXLbhCYsARCeDuLtivqxiYRfSICiFhdhB WEwtEdnzNlPHvZvBfSBnkHObwCEGxlpNtGpRtuzlfYuQEs mZSqc RvRbuoUQ,Pending,Grant,Pending,,,2/13/2021 4:16,,proposal_33026924.pdf,,review_33026924.docx
2023,SSA-synergy,6066-9462-5085-9762,Jane,,Jones,Student,2GM2D03Z4F45,Omni Consumer Products,No Mitigation Needed,No Mitigation Needed,Prohibited Factors,Prohibited Factors,Prohibited Factors,,strategy optimization development solutions innovation optimization optimization synergy.,Threat Briefs,,33026924,OPP-920907,Configurable value-added system engine Project,1317BRU1K5HM,Blue Sun Corp,Initial,INSCOM,MSO,Canceled,4/2/2024 18:53,hbxZoKAbVaXXVdWZqoIRXXNBavlWTlSxaUqPWgXLbhCYsARCeDuLtivqxiYRfSICiFhdhB WEwtEdnzNlPHvZvBfSBnkHObwCEGxlpNtGpRtuzlfYuQEs mZSqc RvRbuoUQ,Pending,Grant,Pending,,,2/13/2021 4:16,,proposal_33026924.pdf,,review_33026924.docx
2024,SSA-analysis,6743-4763-9778-8814,Robert,,Taylor,Consultant,EB3Q82NDH2ZA,MomCorp,Prohibited Factors,Mitigation Measures Required,No Mitigation Needed,Mitigation Measures Required,Mitigation Measures Required,,,Threat Briefs,,57480418,OPP-362400,Assimilated tangible parallelism Project,8JK40Q30BVHV,Cyberdyne Systems,Mitigation Annual Review,DARPA,I2O,Completed,2/17/2025 0:45,EumPuHAlEabIQxIzfTdKCIvFXqQFILrudLPA MvYWgTrnqqsLygUKHsbodJnPQVafYRpLfzmByDavHQAodlPgSpMtUSGRuuHJJXkcZkjvVOOKZFQEvmRFR lqHpvFAZfFSGrFOFARjgPdwqWDSssvfgpSZoJI,Pending,Other Transaction Authority,In Negotiation,,,,3/16/2022 2:08,proposal_57480418.pdf,person_Taylor.pdf,review_57480418.docx
2024,SSA-analysis,5749-8762-3111-8896,Michael,,Brown,Collaborator,P0BJREZAN0YF,Stark Industries,Mitigation Measures Required,No Mitigation Needed,Prohibited Factors,No Mitigation Needed,Mitigation Measures Required,Threat Briefs,,Threat Briefs,,57480418,OPP-362400,Assimilated tangible parallelism Project,8JK40Q30BVHV,Cyberdyne Systems,Mitigation Annual Review,DARPA,I2O,Completed,2/17/2025 0:45,EumPuHAlEabIQxIzfTdKCIvFXqQFILrudLPA MvYWgTrnqqsLygUKHsbodJnPQVafYRpLfzmByDavHQAodlPgSpMtUSGRuuHJJXkcZkjvVOOKZFQEvmRFR lqHpvFAZfFSGrFOFARjgPdwqWDSssvfgpSZoJI,Pending,Other Transaction Authority,In Negotiation,,,,3/16/2022 2:08,proposal_57480418.pdf,person_Brown.pdf,review_57480418.docx
2023,SSA-analysis,1532-1355-6668-6924,Patricia,Susan,Williams,Student,1317BRU1K5HM,Blue Sun Corp,Prohibited Factors,No Mitigation Needed,Prohibited Factors,Prohibited Factors,Prohibited Factors,Threat Briefs,optimization innovation optimization innovation development research deployment.,"Cessation, Increased Reporting",,36786629,OPP-685626,Adaptive modular solution Project,1317BRU1K5HM,Blue Sun Corp,Initial,NGA,I2O,Canceled,10/6/2022 20:13,,Pending,Grant,In Negotiation,,4/11/2021 17:17,11/16/2023 17:32,,proposal_36786629.pdf,,
2023,SSA-analysis,3259-2258-9144-5642,Linda,,Wilson,Student,EB3Q82NDH2ZA,MomCorp,No Mitigation Needed,Mitigation Measures Required,Prohibited Factors,No Mitigation Needed,No Mitigation Needed,,solutions analysis synergy development analysis synergy.,"Cessation, Increased Reporting",,36786629,OPP-685626,Adaptive modular solution Project,1317BRU1K5HM,Blue Sun Corp,Initial,NGA,I2O,Canceled,10/6/2022 20:13,,Pending,Grant,In Negotiation,,4/11/2021 17:17,11/16/2023 17:32,,proposal_36786629.pdf,person_Wilson.pdf,
2023,SSA-analysis,4162-7428-4491-5919,Peter,Peter,Brown,Student,1317BRU1K5HM,Blue Sun Corp,Mitigation Measures Required,No Mitigation Needed,Mitigation Measures Required,Mitigation Measures Required,Mitigation Measures Required,,,"Cessation, Increased Reporting",,36786629,OPP-685626,Adaptive modular solution Project,1317BRU1K5HM,Blue Sun Corp,Initial,NGA,I2O,Canceled,10/6/2022 20:13,,Pending,Grant,In Negotiation,,4/11/2021 17:17,11/16/2023 17:32,,proposal_36786629.pdf,person_Brown.pdf,
2024,SSA-synergy,7077-4353-8590-5084,Linda,,Jones,Co-PI,S16GSAX4CIDY,Globex Inc,Mitigation Measures Required,No Mitigation Needed,No Mitigation Needed,Prohibited Factors,No Mitigation Needed,Threat Briefs,solutions research solutions development development optimization research research integration synergy analysis development integration deployment research.,"Cessation, Increased Reporting",,79191561,OPP-530817,Cloned scalable matrix Project,1317BRU1K5HM,Blue Sun Corp,Initial,INSCOM,I2O,Canceled,2/18/2022 1:03,,Pending,CRADA,Pending,,10/10/2024 9:35,7/1/2021 0:10,4/2/2021 10:31,proposal_79191561.pdf,person_Jones.pdf,
2024,SSA-synergy,7026-3615-3405-5343,Mary,,Jones,Consultant,95C7CBF2RFOV,Acme Corp,Mitigation Measures Required,Mitigation Measures Required,No Mitigation Needed,No Mitigation Needed,No Mitigation Needed,,innovation optimization innovation research deployment strategy optimization integration.,"Cessation, Increased Reporting",,79191561,OPP-530817,Cloned scalable matrix Project,1317BRU1K5HM,Blue Sun Corp,Initial,INSCOM,I2O,Canceled,2/18/2022 1:03,,Pending,CRADA,Pending,,10/10/2024 9:35,7/1/2021 0:10,4/2/2021 10:31,proposal_79191561.pdf,,
2025,SSA-development,5749-8762-3111-8896,Michael,Jane,Brown,Consultant,8JK40Q30BVHV,Cyberdyne Systems,No Mitigation Needed,Mitigation Measures Required,Mitigation Measures Required,Mitigation Measures Required,No Mitigation Needed,,strategy strategy synergy research research solutions analysis optimization.,"Cessation, Increased Reporting",,67413916,OPP-701263,Adaptive modular solution Project,VWDUSH65P3UT,Wayne Enterprises,Mitigation Annual Review,NGA,CDMRP,Canceled,2/17/2021 2:57,,Complete,Other Transaction Authority,Awarded,FAIN2556766,,9/23/2022 8:42,4/8/2023 10:41,proposal_67413916.pdf,,review_67413916.docx
2025,SSA-development,6969-3078-2618-4315,Susan,,Moore,PI,CZ5TQAGRDPFT,Tyrell Corp,Prohibited Factors,Prohibited Factors,No Mitigation Needed,Mitigation Measures Required,Prohibited Factors,Threat Briefs,,"Cessation, Increased Reporting",,67413916,OPP-701263,Adaptive modular solution Project,VWDUSH65P3UT,Wayne Enterprises,Mitigation Annual Review,NGA,CDMRP,Canceled,2/17/2021 2:57,,Complete,Other Transaction Authority,Awarded,FAIN2556766,,9/23/2022 8:42,4/8/2023 10:41,proposal_67413916.pdf,person_Moore.pdf,review_67413916.docx
2025,SSA-deployment,9029-9262-4368-5599,Patricia,,Brown,Student,8JK40Q30BVHV,Cyberdyne Systems,No Mitigation Needed,Mitigation Measures Required,No Mitigation Needed,Prohibited Factors,Mitigation Measures Required,Threat Briefs,,"Cessation, Increased Reporting",,19666821,OPP-413001,Ameliorated didactic strategy Project,4K0AW4066EK0,Virtucon,Initial,NGA,MSO,Canceled,10/16/2021 4:02,GMHREeo QtGWUFMiWAIXXDEfyIaOyECMiRDmfJAGSD dxCFyAoVq HCvVzLEiLYzeHtyOFylAzRoYWXddUQOXZRUHRGwwCzgSxdcPmCzxcvejuTymyzHzZBkFIeuyiAJWFHSasOrnqbkaLpaSbTPsUMsvHYERGYyhCEbY VuUwOQiqfVwNS,Pending,Other Transaction Authority,Pending,,6/26/2025 8:16,7/23/2024 2:46,,proposal_19666821.pdf,,review_19666821.docx
2025,SSA-deployment,6011-3541-8756-9276,John,Patricia,Anderson,Consultant,95C7CBF2RFOV,Acme Corp,Prohibited Factors,Prohibited Factors,Prohibited Factors,No Mitigation Needed,Prohibited Factors,"Cessation, Increased Reporting",optimization development integration strategy synergy solutions.,"Cessation, Increased Reporting",,19666821,OPP-413001,Ameliorated didactic strategy Project,4K0AW4066EK0,Virtucon,Initial,NGA,MSO,Canceled,10/16/2021 4:02,GMHREeo QtGWUFMiWAIXXDEfyIaOyECMiRDmfJAGSD dxCFyAoVq HCvVzLEiLYzeHtyOFylAzRoYWXddUQOXZRUHRGwwCzgSxdcPmCzxcvejuTymyzHzZBkFIeuyiAJWFHSasOrnqbkaLpaSbTPsUMsvHYERGYyhCEbY VuUwOQiqfVwNS,Pending,Other Transaction Authority,Pending,,6/26/2025 8:16,7/23/2024 2:46,,proposal_19666821.pdf,,review_19666821.docx
2025,SSA-deployment,9283-9306-5786-5335,Linda,,Brown,Collaborator,CZ5TQAGRDPFT,Tyrell Corp,Mitigation Measures Required,Mitigation Measures Required,No Mitigation Needed,Prohibited Factors,Mitigation Measures Required,Threat Briefs,,"Cessation, Increased Reporting",,19666821,OPP-413001,Ameliorated didactic strategy Project,4K0AW4066EK0,Virtucon,Initial,NGA,MSO,Canceled,10/16/2021 4:02,GMHREeo QtGWUFMiWAIXXDEfyIaOyECMiRDmfJAGSD dxCFyAoVq HCvVzLEiLYzeHtyOFylAzRoYWXddUQOXZRUHRGwwCzgSxdcPmCzxcvejuTymyzHzZBkFIeuyiAJWFHSasOrnqbkaLpaSbTPsUMsvHYERGYyhCEbY VuUwOQiqfVwNS,Pending,Other Transaction Authority,Pending,,6/26/2025 8:16,7/23/2024 2:46,,proposal_19666821.pdf,person_Brown.pdf,review_19666821.docx
2025,SSA-deployment,8603-5590-1153-5798,David,Susan,Wilson,Consultant,P0BJREZAN0YF,Stark Industries,Mitigation Measures Required,Prohibited Factors,Prohibited Factors,Prohibited Factors,Mitigation Measures Required,"Cessation, Increased Reporting",innovation research solutions analysis research optimization deployment synergy optimization innovation.,"Cessation, Increased Reporting",,19666821,OPP-413001,Ameliorated didactic strategy Project,4K0AW4066EK0,Virtucon,Initial,NGA,MSO,Canceled,10/16/2021 4:02,GMHREeo QtGWUFMiWAIXXDEfyIaOyECMiRDmfJAGSD dxCFyAoVq HCvVzLEiLYzeHtyOFylAzRoYWXddUQOXZRUHRGwwCzgSxdcPmCzxcvejuTymyzHzZBkFIeuyiAJWFHSasOrnqbkaLpaSbTPsUMsvHYERGYyhCEbY VuUwOQiqfVwNS,Pending,Other Transaction Authority,Pending,,6/26/2025 8:16,7/23/2024 2:46,,proposal_19666821.pdf,person_Wilson.pdf,review_19666821.docx
2025,SSA-innovation,9367-4896-5805-7010,Linda,David,Miller,Consultant,VWDUSH65P3UT,Wayne Enterprises,No Mitigation Needed,Mitigation Measures Required,Mitigation Measures Required,No Mitigation Needed,Prohibited Factors,"Cessation, Increased Reporting",synergy deployment synergy development analysis deployment deployment strategy deployment optimization development.,Threat Briefs,,6494553,OPP-524500,Advanced cohesive hardware Project,CZ5TQAGRDPFT,Tyrell Corp,Mitigation Annual Review,DTRA,DSO,Canceled,2/14/2023 5:52,LHVjBfnxFMeAXRbWMUSfmhwaRzHF,Not Needed,Other,Awarded,FAIN4691504,1/8/2021 18:03,11/22/2021 17:13,,proposal_06494553.pdf,person_Miller.pdf,
2025,SSA-innovation,9009-4486-9828-9810,Mary,Patricia,Taylor,Student,1317BRU1K5HM,Blue Sun Corp,Mitigation Measures Required,No Mitigation Needed,No Mitigation Needed,No Mitigation Needed,No Mitigation Needed,Threat Briefs,innovation development analysis strategy strategy solutions development analysis research innovation innovation development synergy synergy.,Threat Briefs,,6494553,OPP-524500,Advanced cohesive hardware Project,CZ5TQAGRDPFT,Tyrell Corp,Mitigation Annual Review,DTRA,DSO,Canceled,2/14/2023 5:52,LHVjBfnxFMeAXRbWMUSfmhwaRzHF,Not Needed,Other,Awarded,FAIN4691504,1/8/2021 18:03,11/22/2021 17:13,,proposal_06494553.pdf,person_Taylor.pdf,
2025,SSA-innovation,7026-3615-3405-5343,Mary,,Jones,PI,95C7CBF2RFOV,Acme Corp,No Mitigation Needed,Prohibited Factors,Prohibited Factors,Mitigation Measures Required,No Mitigation Needed,Threat Briefs,research analysis development optimization development optimization.,Threat Briefs,,6494553,OPP-524500,Advanced cohesive hardware Project,CZ5TQAGRDPFT,Tyrell Corp,Mitigation Annual Review,DTRA,DSO,Canceled,2/14/2023 5:52,LHVjBfnxFMeAXRbWMUSfmhwaRzHF,Not Needed,Other,Awarded,FAIN4691504,1/8/2021 18:03,11/22/2021 17:13,,proposal_06494553.pdf,person_Jones.pdf,
2025,SSA-innovation,6090-8727-9692-9539,Robert,,Davis,Collaborator,VWDUSH65P3UT,Wayne Enterprises,Mitigation Measures Required,Mitigation Measures Required,Mitigation Measures Required,Prohibited Factors,No Mitigation Needed,Threat Briefs,,Threat Briefs,,6494553,OPP-524500,Advanced cohesive hardware Project,CZ5TQAGRDPFT,Tyrell Corp,Mitigation Annual Review,DTRA,DSO,Canceled,2/14/2023 5:52,LHVjBfnxFMeAXRbWMUSfmhwaRzHF,Not Needed,Other,Awarded,FAIN4691504,1/8/2021 18:03,11/22/2021 17:13,,proposal_06494553.pdf,,
2023,SSA-solutions,7209-9708-3693-3439,Michael,,Moore,Collaborator,8JK40Q30BVHV,Cyberdyne Systems,Prohibited Factors,No Mitigation Needed,No Mitigation Needed,Prohibited Factors,Prohibited Factors,Threat Briefs,,Threat Briefs,innovation strategy optimization research solutions solutions solutions synergy synergy synergy synergy synergy.,74148748,OPP-865719,Assimilated tangible parallelism Project,95C7CBF2RFOV,Acme Corp,Initial,INSCOM,I2O,Canceled,1/2/2021 16:44,fMzyK htKCkbYmVJFSKFcKDLuvdLUITcUligIjXGcaEttNEF jJreTQLJTYPFfLyN,Not Needed,Other,Awarded,FAIN4420950,12/4/2022 7:23,,,proposal_74148748.pdf,person_Moore.pdf,
2023,SSA-solutions,5723-5633-2716-1119,Michael,Linda,Taylor,Co-PI,95C7CBF2RFOV,Acme Corp,No Mitigation Needed,Prohibited Factors,No Mitigation Needed,No Mitigation Needed,Prohibited Factors,Threat Briefs,synergy integration innovation innovation deployment integration deployment solutions strategy.,Threat Briefs,innovation strategy optimization research solutions solutions solutions synergy synergy synergy synergy synergy.,74148748,OPP-865719,Assimilated tangible parallelism Project,95C7CBF2RFOV,Acme Corp,Initial,INSCOM,I2O,Canceled,1/2/2021 16:44,fMzyK htKCkbYmVJFSKFcKDLuvdLUITcUligIjXGcaEttNEF jJreTQLJTYPFfLyN,Not Needed,Other,Awarded,FAIN4420950,12/4/2022 7:23,,,proposal_74148748.pdf,,
2024,SSA-development,6969-3078-2618-4315,Susan,Robert,Moore,Co-PI,VWDUSH65P3UT,Wayne Enterprises,Mitigation Measures Required,Prohibited Factors,Mitigation Measures Required,Mitigation Measures Required,Prohibited Factors,,,"Cessation, Increased Reporting",solutions synergy integration analysis deployment integration innovation.,21524466,OPP-936782,Compatible demand-driven workforce Project,VWDUSH65P3UT,Wayne Enterprises,Mitigation Annual Review,ACC,MSO,Canceled,3/3/2024 1:38,pGBEydgxx e KgQMmrbKKBYspqaVxOLJebklrfnFtiNBSwkppmzyigmruBYdHXpUyuBwsvAOdPnCnLrxDEkitKMkvz GT,Not Needed,FAR-based Contract,Declined,,4/15/2020 6:31,8/2/2023 15:37,4/19/2022 8:46,proposal_21524466.pdf,,review_21524466.docx
2024,SSA-development,5291-6736-7201-8576,Linda,,Moore,PI,1317BRU1K5HM,Blue Sun Corp,Mitigation Measures Required,Mitigation Measures Required,Mitigation Measures Required,No Mitigation Needed,Prohibited Factors,"Cessation, Increased Reporting",research research innovation strategy integration development integration innovation optimization.,"Cessation, Increased Reporting",solutions synergy integration analysis deployment integration innovation.,21524466,OPP-936782,Compatible demand-driven workforce Project,VWDUSH65P3UT,Wayne Enterprises,Mitigation Annual Review,ACC,MSO,Canceled,3/3/2024 1:38,pGBEydgxx e KgQMmrbKKBYspqaVxOLJebklrfnFtiNBSwkppmzyigmruBYdHXpUyuBwsvAOdPnCnLrxDEkitKMkvz GT,Not Needed,FAR-based Contract,Declined,,4/15/2020 6:31,8/2/2023 15:37,4/19/2022 8:46,proposal_21524466.pdf,person_Moore.pdf,review_21524466.docx
2024,SSA-development,3658-7489-4481-2249,Robert,,Williams,Collaborator,8JK40Q30BVHV,Cyberdyne Systems,Mitigation Measures Required,Prohibited Factors,No Mitigation Needed,No Mitigation Needed,No Mitigation Needed,"Cessation, Increased Reporting",,"Cessation, Increased Reporting",solutions synergy integration analysis deployment integration innovation.,21524466,OPP-936782,Compatible demand-driven workforce Project,VWDUSH65P3UT,Wayne Enterprises,Mitigation Annual Review,ACC,MSO,Canceled,3/3/2024 1:38,pGBEydgxx e KgQMmrbKKBYspqaVxOLJebklrfnFtiNBSwkppmzyigmruBYdHXpUyuBwsvAOdPnCnLrxDEkitKMkvz GT,Not Needed,FAR-based Contract,Declined,,4/15/2020 6:31,8/2/2023 15:37,4/19/2022 8:46,proposal_21524466.pdf,person_Williams.pdf,review_21524466.docx
2024,SSA-development,9818-6881-1670-7498,Linda,,Davis,Consultant,2GM2D03Z4F45,Omni Consumer Products,Prohibited Factors,No Mitigation Needed,Mitigation Measures Required,Prohibited Factors,Prohibited Factors,Threat Briefs,research analysis synergy optimization analysis optimization development strategy development.,"Cessation, Increased Reporting",solutions synergy integration analysis deployment integration innovation.,21524466,OPP-936782,Compatible demand-driven workforce Project,VWDUSH65P3UT,Wayne Enterprises,Mitigation Annual Review,ACC,MSO,Canceled,3/3/2024 1:38,pGBEydgxx e KgQMmrbKKBYspqaVxOLJebklrfnFtiNBSwkppmzyigmruBYdHXpUyuBwsvAOdPnCnLrxDEkitKMkvz GT,Not Needed,FAR-based Contract,Declined,,4/15/2020 6:31,8/2/2023 15:37,4/19/2022 8:46,proposal_21524466.pdf,person_Davis.pdf,review_21524466.docx
2024,SSA-development,6743-4763-9778-8814,Robert,,Taylor,Student,S16GSAX4CIDY,Globex Inc,No Mitigation Needed,Prohibited Factors,Mitigation Measures Required,Prohibited Factors,Prohibited Factors,Threat Briefs,solutions analysis optimization integration strategy analysis deployment innovation.,"Cessation, Increased Reporting",solutions synergy integration analysis deployment integration innovation.,21524466,OPP-936782,Compatible demand-driven workforce Project,VWDUSH65P3UT,Wayne Enterprises,Mitigation Annual Review,ACC,MSO,Canceled,3/3/2024 1:38,pGBEydgxx e KgQMmrbKKBYspqaVxOLJebklrfnFtiNBSwkppmzyigmruBYdHXpUyuBwsvAOdPnCnLrxDEkitKMkvz GT,Not Needed,FAR-based Contract,Declined,,4/15/2020 6:31,8/2/2023 15:37,4/19/2022 8:46,proposal_21524466.pdf,person_Taylor.pdf,review_21524466.docx
2023,SSA-innovation,2704-5496-8890-3368,Jane,,Brown,Consultant,P0BJREZAN0YF,Stark Industries,No Mitigation Needed,No Mitigation Needed,No Mitigation Needed,Prohibited Factors,Prohibited Factors,"Cessation, Increased Reporting",solutions synergy synergy deployment synergy research innovation synergy strategy deployment strategy analysis synergy strategy.,,,25903674,OPP-589829,Advanced cohesive hardware Project,VWDUSH65P3UT,Wayne Enterprises,Initial,INSCOM,I2O,Completed,11/11/2023 0:53,,Pending,CRADA,Pending,,,12/4/2025 13:02,4/28/2025 19:54,proposal_25903674.pdf,,review_25903674.docx
2023,SSA-innovation,8603-5590-1153-5798,David,,Wilson,Co-PI,VWDUSH65P3UT,Wayne Enterprises,Mitigation Measures Required,Prohibited Factors,Mitigation Measures Required,Mitigation Measures Required,Prohibited Factors,,optimization synergy research innovation synergy analysis deployment optimization strategy optimization development integration analysis research.,,,25903674,OPP-589829,Advanced cohesive hardware Project,VWDUSH65P3UT,Wayne Enterprises,Initial,INSCOM,I2O,Completed,11/11/2023 0:53,,Pending,CRADA,Pending,,,12/4/2025 13:02,4/28/2025 19:54,proposal_25903674.pdf,,review_25903674.docx
2024,SSA-innovation,8746-3273-1269-8861,Susan,Robert,Wilson,Co-PI,4K0AW4066EK0,Virtucon,Mitigation Measures Required,Mitigation Measures Required,Mitigation Measures Required,No Mitigation Needed,No Mitigation Needed,Threat Briefs,development deployment research integration analysis development synergy strategy innovation integration innovation.,"Cessation, Increased Reporting",,28071073,OPP-979142,Configurable value-added system engine Project,P0BJREZAN0YF,Stark Industries,Initial,DHA,TTO,Draft,4/12/2022 2:04,IPAvSXLRAVCTPBwsAjjpIkUyQHHtUdsrMuSe ZV WhzXKmVtBptwgCesChFLilAVFQAmyrHGPD,Complete,Other Transaction Authority,In Negotiation,,,,6/26/2024 1:19,proposal_28071073.pdf,person_Wilson.pdf,review_28071073.docx
2024,SSA-deployment,9714-1709-5838-4727,Robert,,Anderson,PI,P0BJREZAN0YF,Stark Industries,Prohibited Factors,Mitigation Measures Required,Prohibited Factors,Mitigation Measures Required,Mitigation Measures Required,"Cessation, Increased Reporting",,,,11448966,OPP-052511,Cross-platform multimedia project Project,CZ5TQAGRDPFT,Tyrell Corp,Initial,NGA,DSO,Canceled,7/2/2020 10:31,DeebuSydRPwwDVZgdNMeGPldiYHJeuMbtxOBsFEzuoxSYYzwfrOoaKFBxmpkvuT Anla drRvforlvsgSPNCQwSpuVljvIKQAQQpMrXUNlQdqmctaCgWuwcCTdoMJujHinZMOmsHdf IicqCTeOkDApxZuSwrjXUBSEPybrgv,Pending,Grant,Awarded,FAIN5357843,8/27/2024 14:01,10/25/2024 15:46,,proposal_11448966.pdf,person_Anderson.pdf,
2024,SSA-synergy,6189-1769-2614-2033,Susan,,Brown,Consultant,S16GSAX4CIDY,Globex Inc,Prohibited Factors,Mitigation Measures Required,Mitigation Measures Required,No Mitigation Needed,Mitigation Measures Required,"Cessation, Increased Reporting",synergy integration research solutions research optimization deployment development analysis analysis innovation innovation research synergy analysis.,"Cessation, Increased Reporting",analysis strategy research analysis optimization analysis.,75451327,OPP-483818,Assimilated tangible parallelism Project,S16GSAX4CIDY,Globex Inc,Mitigation Annual Review,INSCOM,MSO,Draft,8/9/2024 16:12,LmqNBZaOhBeoqJFSMiTKNtyEVswNHQgTPFJSAZLcIDLhHlpjYgyAgWf,Not Needed,Grant,Awarded,FAIN6854897,,11/21/2025 16:13,,proposal_75451327.pdf,person_Brown.pdf,review_75451327.docx
2024,SSA-synergy,7026-3615-3405-5343,Mary,John,Jones,PI,4K0AW4066EK0,Virtucon,Mitigation Measures Required,No Mitigation Needed,Mitigation Measures Required,No Mitigation Needed,No Mitigation Needed,"Cessation, Increased Reporting",,"Cessation, Increased Reporting",analysis strategy research analysis optimization analysis.,75451327,OPP-483818,Assimilated tangible parallelism Project,S16GSAX4CIDY,Globex Inc,Mitigation Annual Review,INSCOM,MSO,Draft,8/9/2024 16:12,LmqNBZaOhBeoqJFSMiTKNtyEVswNHQgTPFJSAZLcIDLhHlpjYgyAgWf,Not Needed,Grant,Awarded,FAIN6854897,,11/21/2025 16:13,,proposal_75451327.pdf,person_Jones.pdf,review_75451327.docx
2024,SSA-synergy,5940-1550-4727-9093,David,,Miller,Co-PI,EB3Q82NDH2ZA,MomCorp,Mitigation Measures Required,Prohibited Factors,Mitigation Measures Required,Mitigation Measures Required,Mitigation Measures Required,Threat Briefs,analysis development innovation research optimization innovation analysis optimization integration.,"Cessation, Increased Reporting",analysis strategy research analysis optimization analysis.,75451327,OPP-483818,Assimilated tangible parallelism Project,S16GSAX4CIDY,Globex Inc,Mitigation Annual Review,INSCOM,MSO,Draft,8/9/2024 16:12,LmqNBZaOhBeoqJFSMiTKNtyEVswNHQgTPFJSAZLcIDLhHlpjYgyAgWf,Not Needed,Grant,Awarded,FAIN6854897,,11/21/2025 16:13,,proposal_75451327.pdf,person_Miller.pdf,review_75451327.docx
2024,SSA-synergy,1066-2440-5078-7824,Susan,John,Anderson,Co-PI,2GM2D03Z4F45,Omni Consumer Products,Mitigation Measures Required,No Mitigation Needed,Mitigation Measures Required,Mitigation Measures Required,Prohibited Factors,,research strategy research analysis research deployment analysis analysis innovation strategy solutions strategy innovation synergy deployment.,"Cessation, Increased Reporting",analysis strategy research analysis optimization analysis.,75451327,OPP-483818,Assimilated tangible parallelism Project,S16GSAX4CIDY,Globex Inc,Mitigation Annual Review,INSCOM,MSO,Draft,8/9/2024 16:12,LmqNBZaOhBeoqJFSMiTKNtyEVswNHQgTPFJSAZLcIDLhHlpjYgyAgWf,Not Needed,Grant,Awarded,FAIN6854897,,11/21/2025 16:13,,proposal_75451327.pdf,,review_75451327.docx
2024,SSA-analysis,7026-3615-3405-5343,Mary,Peter,Jones,Student,95C7CBF2RFOV,Acme Corp,Mitigation Measures Required,No Mitigation Needed,Mitigation Measures Required,Mitigation Measures Required,Prohibited Factors,"Cessation, Increased Reporting",optimization solutions deployment research deployment analysis deployment research strategy synergy innovation deployment strategy integration analysis.,,,44615154,OPP-643789,Automated bi-directional pricing structure Project,95C7CBF2RFOV,Acme Corp,Initial,DHA,TTO,Canceled,11/6/2020 1:43,eDIoYBAcGRXssHGprFPkIyqyosuHriJMnGSTyhVSBeOpgZUqrvgww ADxgBGfVAugewtfBcfOvGsuPEcVrPzhlkgatSHFsGyNrqZAMShpUh,Complete,Other,Pending,,9/13/2020 23:08,,,proposal_44615154.pdf,,review_44615154.docx
2024,SSA-strategy,3724-1804-5344-7280,Susan,Peter,Taylor,Student,2GM2D03Z4F45,Omni Consumer Products,Mitigation Measures Required,No Mitigation Needed,Prohibited Factors,Mitigation Measures Required,Mitigation Measures Required,Threat Briefs,,"Cessation, Increased Reporting",synergy solutions research integration deployment innovation innovation innovation development synergy innovation solutions.,62099197,OPP-315305,Cloned scalable matrix Project,VWDUSH65P3UT,Wayne Enterprises,Initial,DHA,TTO,In Progress,2/21/2022 10:24,,Complete,FAR-based Contract,Pending,,3/11/2025 20:16,,,proposal_62099197.pdf,person_Taylor.pdf,
2024,SSA-strategy,4162-7428-4491-5919,Peter,,Brown,PI,1317BRU1K5HM,Blue Sun Corp,Prohibited Factors,Prohibited Factors,Mitigation Measures Required,No Mitigation Needed,Prohibited Factors,,strategy innovation research strategy innovation optimization.,"Cessation, Increased Reporting",synergy solutions research integration deployment innovation innovation innovation development synergy innovation solutions.,62099197,OPP-315305,Cloned scalable matrix Project,VWDUSH65P3UT,Wayne Enterprises,Initial,DHA,TTO,In Progress,2/21/2022 10:24,,Complete,FAR-based Contract,Pending,,3/11/2025 20:16,,,proposal_62099197.pdf,,
2025,SSA-research,4115-1143-6154-8317,Peter,Jane,Williams,Collaborator,CZ5TQAGRDPFT,Tyrell Corp,Prohibited Factors,No Mitigation Needed,Prohibited Factors,Prohibited Factors,Mitigation Measures Required,,synergy analysis solutions solutions solutions integration synergy synergy research development innovation deployment analysis.,"Cessation, Increased Reporting",optimization optimization development innovation development development integration deployment research innovation integration deployment solutions.,62496633,OPP-513874,Compatible demand-driven workforce Project,2GM2D03Z4F45,Omni Consumer Products,Mitigation Annual Review,DARPA,CDMRP,In Progress,7/9/2022 3:11,,Not Needed,Other,Pending,,,12/19/2022 15:35,,proposal_62496633.pdf,,
2025,SSA-research,1990-7633-2513-1879,Mary,Robert,Williams,Co-PI,S16GSAX4CIDY,Globex Inc,Mitigation Measures Required,No Mitigation Needed,Prohibited Factors,Prohibited Factors,No Mitigation Needed,"Cessation, Increased Reporting",deployment solutions innovation analysis integration optimization deployment innovation.,"Cessation, Increased Reporting",optimization optimization development innovation development development integration deployment research innovation integration deployment solutions.,62496633,OPP-513874,Compatible demand-driven workforce Project,2GM2D03Z4F45,Omni Consumer Products,Mitigation Annual Review,DARPA,CDMRP,In Progress,7/9/2022 3:11,,Not Needed,Other,Pending,,,12/19/2022 15:35,,proposal_62496633.pdf,person_Williams.pdf,
2025,SSA-research,3658-7489-4481-2249,Robert,Peter,Williams,PI,EB3Q82NDH2ZA,MomCorp,Mitigation Measures Required,Prohibited Factors,No Mitigation Needed,Mitigation Measures Required,Mitigation Measures Required,Threat Briefs,development integration strategy deployment deployment solutions innovation integration development.,"Cessation, Increased Reporting",optimization optimization development innovation development development integration deployment research innovation integration deployment solutions.,62496633,OPP-513874,Compatible demand-driven workforce Project,2GM2D03Z4F45,Omni Consumer Products,Mitigation Annual Review,DARPA,CDMRP,In Progress,7/9/2022 3:11,,Not Needed,Other,Pending,,,12/19/2022 15:35,,proposal_62496633.pdf,person_Williams.pdf,
2024,SSA-strategy,1385-8950-3310-4586,David,,Moore,PI,2GM2D03Z4F45,Omni Consumer Products,Prohibited Factors,Mitigation Measures Required,Mitigation Measures Required,Mitigation Measures Required,No Mitigation Needed,Threat Briefs,,"Cessation, Increased Reporting",synergy solutions synergy innovation optimization strategy solutions integration solutions integration integration innovation research deployment solutions.,90087133,OPP-920040,Automated bi-directional pricing structure Project,EB3Q82NDH2ZA,MomCorp,Mitigation Annual Review,DTRA,TTO,Completed,6/20/2023 0:31,,Not Needed,Grant,Pending,,9/17/2020 5:45,8/5/2024 23:27,7/3/2022 4:11,proposal_90087133.pdf,person_Moore.pdf,
2025,SSA-deployment,6089-1576-5011-7603,Michael,Peter,Miller,PI,95C7CBF2RFOV,Acme Corp,Mitigation Measures Required,No Mitigation Needed,Mitigation Measures Required,No Mitigation Needed,No Mitigation Needed,,,,,19754631,OPP-238882,Business-focused client-driven initiative Project,P0BJREZAN0YF,Stark Industries,Mitigation Annual Review,NGA,CDMRP,Draft,12/7/2024 2:33,M bZjcOjHzvlAcHUtIcilmdSpxrXKLbuiHvlHukSgLhnOtLqVhXgidAAITNkNKqWhCbLxbjy,Complete,Other,In Negotiation,,1/10/2020 2:19,8/19/2024 11:51,10/26/2021 22:53,proposal_19754631.pdf,,
2023,SSA-strategy,4119-2857-8173-6600,Mary,Mary,Miller,Collaborator,EB3Q82NDH2ZA,MomCorp,Mitigation Measures Required,No Mitigation Needed,Prohibited Factors,No Mitigation Needed,Mitigation Measures Required,Threat Briefs,,"Cessation, Increased Reporting",development integration synergy innovation development development solutions development strategy development.,97123361,OPP-402769,Cross-platform multimedia project Project,S16GSAX4CIDY,Globex Inc,Mitigation Annual Review,DHA,I2O,In Progress,1/4/2020 0:51,l fBhDreyPmBnrilZUwNwZCRevKlleWkLoVKcFEDeAumGsblKKpmJWVpvzUlfPUqigIbbDNsltEovFZbScEgoYLBcdbfMQmyZOaWFkLAtHyaxAhabtgnKgmeINsWyTiPi QvHXZrlFnOkMNTc,Pending,Other Transaction Authority,Declined,,11/24/2020 17:16,2/18/2020 17:01,,proposal_97123361.pdf,person_Miller.pdf,review_97123361.docx
2023,SSA-solutions,3548-1270-1025-6300,Patricia,Jane,Anderson,Consultant,8JK40Q30BVHV,Cyberdyne Systems,Prohibited Factors,No Mitigation Needed,Mitigation Measures Required,Mitigation Measures Required,No Mitigation Needed,,,"Cessation, Increased Reporting",analysis innovation innovation solutions integration research deployment integration analysis analysis optimization development synergy solutions research.,22942824,OPP-969741,Configurable value-added system engine Project,CZ5TQAGRDPFT,Tyrell Corp,Initial,INSCOM,I2O,Canceled,9/1/2023 6:43,LUky jENkpwMEpbMFRcMxDUHrWDODxrYlTpEhjuqs nvGlmzdzLKQXFpAMRkUpnpQrnhqVHYgATwioloKniws ZiNKLqzSpCcJIBI emUYmaFyithDhTciboAmEXiOcutKYbyu uygcGCWNqqXzcJdGFdzJiwZpvgYlkNhieEmJOmtBUUGM NrppinvPz,Not Needed,CRADA,Declined,,5/8/2023 1:58,3/28/2025 18:23,,proposal_22942824.pdf,,review_22942824.docx
2023,SSA-solutions,1990-7633-2513-1879,Mary,,Williams,Consultant,2GM2D03Z4F45,Omni Consumer Products,Mitigation Measures Required,Prohibited Factors,Prohibited Factors,No Mitigation Needed,No Mitigation Needed,Threat Briefs,integration synergy analysis integration synergy innovation strategy research innovation.,"Cessation, Increased Reporting",analysis innovation innovation solutions integration research deployment integration analysis analysis optimization development synergy solutions research.,22942824,OPP-969741,Configurable value-added system engine Project,CZ5TQAGRDPFT,Tyrell Corp,Initial,INSCOM,I2O,Canceled,9/1/2023 6:43,LUky jENkpwMEpbMFRcMxDUHrWDODxrYlTpEhjuqs nvGlmzdzLKQXFpAMRkUpnpQrnhqVHYgATwioloKniws ZiNKLqzSpCcJIBI emUYmaFyithDhTciboAmEXiOcutKYbyu uygcGCWNqqXzcJdGFdzJiwZpvgYlkNhieEmJOmtBUUGM NrppinvPz,Not Needed,CRADA,Declined,,5/8/2023 1:58,3/28/2025 18:23,,proposal_22942824.pdf,person_Williams.pdf,review_22942824.docx
2024,SSA-deployment,7077-4353-8590-5084,Linda,Mary,Jones,Collaborator,4K0AW4066EK0,Virtucon,No Mitigation Needed,Mitigation Measures Required,No Mitigation Needed,No Mitigation Needed,Prohibited Factors,"Cessation, Increased Reporting",,Threat Briefs,deployment optimization strategy solutions synergy optimization solutions integration integration analysis analysis strategy development optimization.,35308424,OPP-805452,Business-focused client-driven initiative Project,4K0AW4066EK0,Virtucon,Initial,DTRA,DSO,Completed,7/24/2024 14:07,csFzmmJYQIRZhXnPMhMNJPMDNtFbih YKoItzciBXEzwxBJKbTOdrGlvpbHLPUuwWVctPC,Pending,Other,In Negotiation,,,,12/13/2025 5:39,proposal_35308424.pdf,,
2024,SSA-solutions,8603-5590-1153-5798,David,,Wilson,Co-PI,VWDUSH65P3UT,Wayne Enterprises,No Mitigation Needed,Mitigation Measures Required,Mitigation Measures Required,Mitigation Measures Required,No Mitigation Needed,,deployment solutions analysis research development deployment research development strategy optimization analysis.,"Cessation, Increased Reporting",,98196752,OPP-023256,Automated bi-directional pricing structure Project,CZ5TQAGRDPFT,Tyrell Corp,Initial,DHA,MSO,Completed,10/7/2022 20:17,,Not Needed,CRADA,Declined,,4/1/2021 18:08,,,proposal_98196752.pdf,person_Wilson.pdf,
2024,SSA-solutions,3721-3731-4798-8779,Susan,Peter,Jones,PI,CZ5TQAGRDPFT,Tyrell Corp,No Mitigation Needed,Mitigation Measures Required,No Mitigation Needed,Prohibited Factors,Mitigation Measures Required,"Cessation, Increased Reporting",integration development synergy analysis analysis solutions analysis innovation research.,"Cessation, Increased Reporting",,98196752,OPP-023256,Automated bi-directional pricing structure Project,CZ5TQAGRDPFT,Tyrell Corp,Initial,DHA,MSO,Completed,10/7/2022 20:17,,Not Needed,CRADA,Declined,,4/1/2021 18:08,,,proposal_98196752.pdf,person_Jones.pdf,
2024,SSA-innovation,9424-6238-3468-6323,Robert,Peter,Miller,Consultant,2GM2D03Z4F45,Omni Consumer Products,No Mitigation Needed,Mitigation Measures Required,Prohibited Factors,Mitigation Measures Required,No Mitigation Needed,"Cessation, Increased Reporting",analysis innovation innovation development deployment.,,,73995217,OPP-210176,Compatible demand-driven workforce Project,1317BRU1K5HM,Blue Sun Corp,Mitigation Annual Review,DHA,TTO,Draft,4/28/2024 1:43,,Not Needed,CRADA,Pending,,3/7/2020 15:30,8/17/2024 8:50,1/25/2022 15:44,proposal_73995217.pdf,person_Miller.pdf,review_73995217.docx
2024,SSA-innovation,6969-3078-2618-4315,Susan,,Moore,Collaborator,1317BRU1K5HM,Blue Sun Corp,Mitigation Measures Required,Prohibited Factors,Mitigation Measures Required,Mitigation Measures Required,Mitigation Measures Required,Threat Briefs,innovation research analysis integration innovation solutions.,,,73995217,OPP-210176,Compatible demand-driven workforce Project,1317BRU1K5HM,Blue Sun Corp,Mitigation Annual Review,DHA,TTO,Draft,4/28/2024 1:43,,Not Needed,CRADA,Pending,,3/7/2020 15:30,8/17/2024 8:50,1/25/2022 15:44,proposal_73995217.pdf,person_Moore.pdf,review_73995217.docx
2024,SSA-innovation,1250-3427-8548-5434,Jane,,Miller,Co-PI,P0BJREZAN0YF,Stark Industries,No Mitigation Needed,Prohibited Factors,Mitigation Measures Required,No Mitigation Needed,No Mitigation Needed,,,,,73995217,OPP-210176,Compatible demand-driven workforce Project,1317BRU1K5HM,Blue Sun Corp,Mitigation Annual Review,DHA,TTO,Draft,4/28/2024 1:43,,Not Needed,CRADA,Pending,,3/7/2020 15:30,8/17/2024 8:50,1/25/2022 15:44,proposal_73995217.pdf,,review_73995217.docx
2024,SSA-innovation,9586-4824-9787-8619,Linda,David,Anderson,Student,CZ5TQAGRDPFT,Tyrell Corp,Prohibited Factors,Mitigation Measures Required,Prohibited Factors,Prohibited Factors,Prohibited Factors,Threat Briefs,solutions optimization synergy integration strategy strategy integration research optimization analysis analysis.,,,73995217,OPP-210176,Compatible demand-driven workforce Project,1317BRU1K5HM,Blue Sun Corp,Mitigation Annual Review,DHA,TTO,Draft,4/28/2024 1:43,,Not Needed,CRADA,Pending,,3/7/2020 15:30,8/17/2024 8:50,1/25/2022 15:44,proposal_73995217.pdf,,review_73995217.docx
2023,SSA-innovation,7209-9708-3693-3439,Michael,Patricia,Moore,Co-PI,8JK40Q30BVHV,Cyberdyne Systems,Mitigation Measures Required,No Mitigation Needed,No Mitigation Needed,Mitigation Measures Required,No Mitigation Needed,,research analysis research analysis deployment strategy innovation.,Threat Briefs,,91371738,OPP-494666,Business-focused client-driven initiative Project,1317BRU1K5HM,Blue Sun Corp,Initial,ACC,I2O,Draft,10/24/2024 3:29,,Pending,Other Transaction Authority,In Negotiation,,,11/17/2022 0:05,2/23/2023 14:44,proposal_91371738.pdf,,review_91371738.docx
2023,SSA-innovation,2018-4402-9157-7426,Mary,Michael,Smith,Consultant,S16GSAX4CIDY,Globex Inc,Mitigation Measures Required,No Mitigation Needed,No Mitigation Needed,Prohibited Factors,Mitigation Measures Required,Threat Briefs,deployment solutions development integration solutions synergy deployment deployment development innovation research deployment innovation optimization integration.,Threat Briefs,,91371738,OPP-494666,Business-focused client-driven initiative Project,1317BRU1K5HM,Blue Sun Corp,Initial,ACC,I2O,Draft,10/24/2024 3:29,,Pending,Other Transaction Authority,In Negotiation,,,11/17/2022 0:05,2/23/2023 14:44,proposal_91371738.pdf,,review_91371738.docx
2023,SSA-innovation,2276-6001-5996-2872,Jane,,Anderson,Collaborator,S16GSAX4CIDY,Globex Inc,Mitigation Measures Required,No Mitigation Needed,Mitigation Measures Required,No Mitigation Needed,Mitigation Measures Required,Threat Briefs,,Threat Briefs,,91371738,OPP-494666,Business-focused client-driven initiative Project,1317BRU1K5HM,Blue Sun Corp,Initial,ACC,I2O,Draft,10/24/2024 3:29,,Pending,Other Transaction Authority,In Negotiation,,,11/17/2022 0:05,2/23/2023 14:44,proposal_91371738.pdf,,review_91371738.docx
2023,SSA-innovation,8291-2539-5590-1671,Jane,Linda,Moore,Student,4K0AW4066EK0,Virtucon,No Mitigation Needed,No Mitigation Needed,Mitigation Measures Required,Mitigation Measures Required,Prohibited Factors,"Cessation, Increased Reporting",synergy development innovation optimization strategy integration development research deployment research innovation research.,Threat Briefs,,91371738,OPP-494666,Business-focused client-driven initiative Project,1317BRU1K5HM,Blue Sun Corp,Initial,ACC,I2O,Draft,10/24/2024 3:29,,Pending,Other Transaction Authority,In Negotiation,,,11/17/2022 0:05,2/23/2023 14:44,proposal_91371738.pdf,,review_91371738.docx
2023,SSA-innovation,1821-4676-2980-7386,Patricia,,Moore,PI,EB3Q82NDH2ZA,MomCorp,Prohibited Factors,Mitigation Measures Required,No Mitigation Needed,Mitigation Measures Required,Prohibited Factors,Threat Briefs,optimization strategy strategy development research deployment innovation optimization development solutions optimization integration research strategy.,Threat Briefs,,91371738,OPP-494666,Business-focused client-driven initiative Project,1317BRU1K5HM,Blue Sun Corp,Initial,ACC,I2O,Draft,10/24/2024 3:29,,Pending,Other Transaction Authority,In Negotiation,,,11/17/2022 0:05,2/23/2023 14:44,proposal_91371738.pdf,person_Moore.pdf,review_91371738.docx
2023,SSA-integration,4162-7428-4491-5919,Peter,,Brown,Collaborator,P0BJREZAN0YF,Stark Industries,Mitigation Measures Required,No Mitigation Needed,Mitigation Measures Required,No Mitigation Needed,No Mitigation Needed,Threat Briefs,analysis development research analysis research analysis deployment solutions solutions analysis research.,,,92333322,OPP-135604,Automated bi-directional pricing structure Project,S16GSAX4CIDY,Globex Inc,Initial,NGA,CDMRP,Draft,8/2/2022 23:54,,Pending,Other Transaction Authority,In Negotiation,,8/11/2023 4:26,2/28/2022 11:12,2/2/2023 16:37,proposal_92333322.pdf,person_Brown.pdf,
2025,SSA-solutions,2481-7728-4240-5225,Mary,,Brown,PI,P0BJREZAN0YF,Stark Industries,No Mitigation Needed,Mitigation Measures Required,Mitigation Measures Required,No Mitigation Needed,Mitigation Measures Required,Threat Briefs,optimization research deployment deployment strategy synergy optimization optimization analysis synergy research.,,,98058927,OPP-458186,Automated bi-directional pricing structure Project,VWDUSH65P3UT,Wayne Enterprises,Mitigation Annual Review,DHA,I2O,Draft,8/3/2020 7:03,,Not Needed,CRADA,In Negotiation,,,5/20/2025 13:30,2/15/2025 7:57,proposal_98058927.pdf,person_Brown.pdf,review_98058927.docx
2025,SSA-solutions,9950-1762-8322-8866,Linda,,Williams,Student,2GM2D03Z4F45,Omni Consumer Products,No Mitigation Needed,No Mitigation Needed,Prohibited Factors,Mitigation Measures Required,No Mitigation Needed,,solutions research innovation development optimization integration integration solutions solutions optimization optimization innovation solutions deployment.,,,98058927,OPP-458186,Automated bi-directional pricing structure Project,VWDUSH65P3UT,Wayne Enterprises,Mitigation Annual Review,DHA,I2O,Draft,8/3/2020 7:03,,Not Needed,CRADA,In Negotiation,,,5/20/2025 13:30,2/15/2025 7:57,proposal_98058927.pdf,person_Williams.pdf,review_98058927.docx
2025,SSA-solutions,8936-7468-4916-2583,David,,Anderson,PI,1317BRU1K5HM,Blue Sun Corp,Prohibited Factors,No Mitigation Needed,Prohibited Factors,No Mitigation Needed,Mitigation Measures Required,Threat Briefs,,,,98058927,OPP-458186,Automated bi-directional pricing structure Project,VWDUSH65P3UT,Wayne Enterprises,Mitigation Annual Review,DHA,I2O,Draft,8/3/2020 7:03,,Not Needed,CRADA,In Negotiation,,,5/20/2025 13:30,2/15/2025 7:57,proposal_98058927.pdf,person_Anderson.pdf,review_98058927.docx
2025,SSA-solutions,3658-7489-4481-2249,Robert,,Williams,Co-PI,S16GSAX4CIDY,Globex Inc,No Mitigation Needed,Mitigation Measures Required,Prohibited Factors,Prohibited Factors,Mitigation Measures Required,,deployment strategy research optimization research deployment optimization synergy research optimization.,,,98058927,OPP-458186,Automated bi-directional pricing structure Project,VWDUSH65P3UT,Wayne Enterprises,Mitigation Annual Review,DHA,I2O,Draft,8/3/2020 7:03,,Not Needed,CRADA,In Negotiation,,,5/20/2025 13:30,2/15/2025 7:57,proposal_98058927.pdf,person_Williams.pdf,review_98058927.docx
2025,SSA-integration,3721-3731-4798-8779,Susan,,Jones,Co-PI,EB3Q82NDH2ZA,MomCorp,No Mitigation Needed,Mitigation Measures Required,Prohibited Factors,No Mitigation Needed,No Mitigation Needed,Threat Briefs,synergy development integration deployment deployment deployment analysis deployment solutions deployment research strategy strategy research strategy.,"Cessation, Increased Reporting",optimization optimization strategy solutions optimization research.,92259522,OPP-563387,Configurable value-added system engine Project,4K0AW4066EK0,Virtucon,Mitigation Annual Review,NGA,TTO,Completed,3/21/2021 10:33,ULEPdygCAtfuxswtCmrtOeNnpfdkANNpVRPsSLjazin d vbMrJpfhJep ApsUsr vxTOFHkPrCIlonxYb oIQUlCUpGS  oHDeG,Not Needed,FAR-based Contract,In Negotiation,,7/13/2020 5:15,,10/22/2022 6:22,proposal_92259522.pdf,person_Jones.pdf,
2025,SSA-integration,6090-8727-9692-9539,Robert,,Davis,Student,2GM2D03Z4F45,Omni Consumer Products,Mitigation Measures Required,Prohibited Factors,Mitigation Measures Required,Prohibited Factors,Prohibited Factors,Threat Briefs,strategy development solutions optimization solutions strategy research innovation development research optimization.,"Cessation, Increased Reporting",optimization optimization strategy solutions optimization research.,92259522,OPP-563387,Configurable value-added system engine Project,4K0AW4066EK0,Virtucon,Mitigation Annual Review,NGA,TTO,Completed,3/21/2021 10:33,ULEPdygCAtfuxswtCmrtOeNnpfdkANNpVRPsSLjazin d vbMrJpfhJep ApsUsr vxTOFHkPrCIlonxYb oIQUlCUpGS  oHDeG,Not Needed,FAR-based Contract,In Negotiation,,7/13/2020 5:15,,10/22/2022 6:22,proposal_92259522.pdf,,
2025,SSA-integration,9431-6654-7020-4261,Peter,,Wilson,Student,EB3Q82NDH2ZA,MomCorp,No Mitigation Needed,No Mitigation Needed,Mitigation Measures Required,Mitigation Measures Required,No Mitigation Needed,,synergy research development strategy integration development research research optimization research solutions research.,"Cessation, Increased Reporting",optimization optimization strategy solutions optimization research.,92259522,OPP-563387,Configurable value-added system engine Project,4K0AW4066EK0,Virtucon,Mitigation Annual Review,NGA,TTO,Completed,3/21/2021 10:33,ULEPdygCAtfuxswtCmrtOeNnpfdkANNpVRPsSLjazin d vbMrJpfhJep ApsUsr vxTOFHkPrCIlonxYb oIQUlCUpGS  oHDeG,Not Needed,FAR-based Contract,In Negotiation,,7/13/2020 5:15,,10/22/2022 6:22,proposal_92259522.pdf,,
2023,SSA-optimization,9524-6512-3656-5410,Robert,,Moore,Co-PI,8JK40Q30BVHV,Cyberdyne Systems,Prohibited Factors,Mitigation Measures Required,Prohibited Factors,Mitigation Measures Required,Prohibited Factors,Threat Briefs,,"Cessation, Increased Reporting",,75555680,OPP-574076,Configurable value-added system engine Project,8JK40Q30BVHV,Cyberdyne Systems,Initial,USA,TTO,Canceled,12/15/2024 18:22,,Not Needed,Grant,In Negotiation,,,6/19/2025 3:31,1/19/2022 11:59,proposal_75555680.pdf,,
2023,SSA-optimization,8397-4644-6998-9181,Michael,,Davis,Student,VWDUSH65P3UT,Wayne Enterprises,Mitigation Measures Required,No Mitigation Needed,Mitigation Measures Required,Prohibited Factors,No Mitigation Needed,Threat Briefs,deployment deployment solutions solutions analysis synergy integration optimization analysis deployment development.,"Cessation, Increased Reporting",,75555680,OPP-574076,Configurable value-added system engine Project,8JK40Q30BVHV,Cyberdyne Systems,Initial,USA,TTO,Canceled,12/15/2024 18:22,,Not Needed,Grant,In Negotiation,,,6/19/2025 3:31,1/19/2022 11:59,proposal_75555680.pdf,,
2023,SSA-optimization,6969-3078-2618-4315,Susan,Patricia,Moore,Consultant,S16GSAX4CIDY,Globex Inc,No Mitigation Needed,Prohibited Factors,Mitigation Measures Required,Prohibited Factors,No Mitigation Needed,Threat Briefs,development deployment strategy development synergy development synergy strategy development analysis analysis innovation integration analysis.,"Cessation, Increased Reporting",,75555680,OPP-574076,Configurable value-added system engine Project,8JK40Q30BVHV,Cyberdyne Systems,Initial,USA,TTO,Canceled,12/15/2024 18:22,,Not Needed,Grant,In Negotiation,,,6/19/2025 3:31,1/19/2022 11:59,proposal_75555680.pdf,person_Moore.pdf,
2023,SSA-research,7209-9708-3693-3439,Michael,,Moore,Consultant,S16GSAX4CIDY,Globex Inc,Mitigation Measures Required,Mitigation Measures Required,Prohibited Factors,No Mitigation Needed,No Mitigation Needed,,innovation research synergy optimization synergy integration innovation integration development optimization analysis research solutions research.,Threat Briefs,strategy solutions deployment innovation analysis.,46609762,OPP-359878,Ameliorated didactic strategy Project,2GM2D03Z4F45,Omni Consumer Products,Mitigation Annual Review,DARPA,MSO,Canceled,8/18/2024 16:51,yeDburhTdnjEU BfbVByhhlRjTQWqiOdcDRfvLbJZHBKTZIDHnxDwuzBRftVLEfJXSaCYthvetJlZHObTSYphkZKczMPBktoNnUPEQNmTnqrxLONpFpOaAwWyvZQPu,Complete,Other,In Negotiation,,,1/20/2023 13:46,,proposal_46609762.pdf,,
2023,SSA-research,9367-4896-5805-7010,Linda,,Miller,PI,EB3Q82NDH2ZA,MomCorp,Mitigation Measures Required,Mitigation Measures Required,Prohibited Factors,Prohibited Factors,Prohibited Factors,Threat Briefs,strategy optimization innovation synergy strategy innovation analysis development research integration.,Threat Briefs,strategy solutions deployment innovation analysis.,46609762,OPP-359878,Ameliorated didactic strategy Project,2GM2D03Z4F45,Omni Consumer Products,Mitigation Annual Review,DARPA,MSO,Canceled,8/18/2024 16:51,yeDburhTdnjEU BfbVByhhlRjTQWqiOdcDRfvLbJZHBKTZIDHnxDwuzBRftVLEfJXSaCYthvetJlZHObTSYphkZKczMPBktoNnUPEQNmTnqrxLONpFpOaAwWyvZQPu,Complete,Other,In Negotiation,,,1/20/2023 13:46,,proposal_46609762.pdf,,
2023,SSA-research,7026-3615-3405-5343,Mary,,Jones,Consultant,4K0AW4066EK0,Virtucon,Mitigation Measures Required,Prohibited Factors,No Mitigation Needed,No Mitigation Needed,Prohibited Factors,Threat Briefs,synergy research integration analysis integration synergy innovation integration innovation analysis analysis development deployment innovation optimization.,Threat Briefs,strategy solutions deployment innovation analysis.,46609762,OPP-359878,Ameliorated didactic strategy Project,2GM2D03Z4F45,Omni Consumer Products,Mitigation Annual Review,DARPA,MSO,Canceled,8/18/2024 16:51,yeDburhTdnjEU BfbVByhhlRjTQWqiOdcDRfvLbJZHBKTZIDHnxDwuzBRftVLEfJXSaCYthvetJlZHObTSYphkZKczMPBktoNnUPEQNmTnqrxLONpFpOaAwWyvZQPu,Complete,Other,In Negotiation,,,1/20/2023 13:46,,proposal_46609762.pdf,,
2023,SSA-research,3721-3731-4798-8779,Susan,David,Jones,Co-PI,8JK40Q30BVHV,Cyberdyne Systems,No Mitigation Needed,No Mitigation Needed,Prohibited Factors,Mitigation Measures Required,Prohibited Factors,,research strategy innovation optimization solutions solutions research strategy research development.,Threat Briefs,strategy solutions deployment innovation analysis.,46609762,OPP-359878,Ameliorated didactic strategy Project,2GM2D03Z4F45,Omni Consumer Products,Mitigation Annual Review,DARPA,MSO,Canceled,8/18/2024 16:51,yeDburhTdnjEU BfbVByhhlRjTQWqiOdcDRfvLbJZHBKTZIDHnxDwuzBRftVLEfJXSaCYthvetJlZHObTSYphkZKczMPBktoNnUPEQNmTnqrxLONpFpOaAwWyvZQPu,Complete,Other,In Negotiation,,,1/20/2023 13:46,,proposal_46609762.pdf,,
2023,SSA-research,8053-6398-6844-8437,David,,Davis,Student,P0BJREZAN0YF,Stark Industries,No Mitigation Needed,Mitigation Measures Required,Mitigation Measures Required,No Mitigation Needed,Prohibited Factors,Threat Briefs,,Threat Briefs,strategy solutions deployment innovation analysis.,46609762,OPP-359878,Ameliorated didactic strategy Project,2GM2D03Z4F45,Omni Consumer Products,Mitigation Annual Review,DARPA,MSO,Canceled,8/18/2024 16:51,yeDburhTdnjEU BfbVByhhlRjTQWqiOdcDRfvLbJZHBKTZIDHnxDwuzBRftVLEfJXSaCYthvetJlZHObTSYphkZKczMPBktoNnUPEQNmTnqrxLONpFpOaAwWyvZQPu,Complete,Other,In Negotiation,,,1/20/2023 13:46,,proposal_46609762.pdf,,
2025,SSA-development,4712-9564-9492-1032,Peter,,Moore,Consultant,EB3Q82NDH2ZA,MomCorp,No Mitigation Needed,Mitigation Measures Required,Prohibited Factors,Prohibited Factors,No Mitigation Needed,"Cessation, Increased Reporting",innovation synergy solutions strategy synergy strategy analysis strategy synergy optimization integration strategy.,,,45729126,OPP-096262,Automated bi-directional pricing structure Project,4K0AW4066EK0,Virtucon,Initial,ACC,MSO,Draft,3/27/2025 16:47,IxaRiRqDhaBziHUQqBWOxbCpJjkp JfwMjnUkjfOTVJKVwpWALFdvt Hx,Complete,Other Transaction Authority,Awarded,FAIN8232621,9/3/2025 11:51,3/19/2021 23:43,4/22/2020 0:46,proposal_45729126.pdf,person_Moore.pdf,
2025,SSA-development,9524-6512-3656-5410,Robert,Peter,Moore,Consultant,8JK40Q30BVHV,Cyberdyne Systems,Mitigation Measures Required,Prohibited Factors,Mitigation Measures Required,No Mitigation Needed,No Mitigation Needed,"Cessation, Increased Reporting",optimization analysis research research deployment optimization.,,,45729126,OPP-096262,Automated bi-directional pricing structure Project,4K0AW4066EK0,Virtucon,Initial,ACC,MSO,Draft,3/27/2025 16:47,IxaRiRqDhaBziHUQqBWOxbCpJjkp JfwMjnUkjfOTVJKVwpWALFdvt Hx,Complete,Other Transaction Authority,Awarded,FAIN8232621,9/3/2025 11:51,3/19/2021 23:43,4/22/2020 0:46,proposal_45729126.pdf,person_Moore.pdf,
2025,SSA-development,7274-7939-3479-9584,John,,Smith,Consultant,EB3Q82NDH2ZA,MomCorp,Prohibited Factors,No Mitigation Needed,Prohibited Factors,Prohibited Factors,Prohibited Factors,Threat Briefs,innovation innovation optimization research strategy.,,,45729126,OPP-096262,Automated bi-directional pricing structure Project,4K0AW4066EK0,Virtucon,Initial,ACC,MSO,Draft,3/27/2025 16:47,IxaRiRqDhaBziHUQqBWOxbCpJjkp JfwMjnUkjfOTVJKVwpWALFdvt Hx,Complete,Other Transaction Authority,Awarded,FAIN8232621,9/3/2025 11:51,3/19/2021 23:43,4/22/2020 0:46,proposal_45729126.pdf,person_Smith.pdf,
2025,SSA-development,3624-2474-4256-1521,David,,Williams,Co-PI,EHA1V464UGXD,MomCorp,Prohibited Factors,Prohibited Factors,Mitigation Measures Required,No Mitigation Needed,Prohibited Factors,Threat Briefs,research deployment innovation strategy development.,,,45729126,OPP-096262,Automated bi-directional pricing structure Project,4K0AW4066EK0,Virtucon,Initial,ACC,MSO,Draft,3/27/2025 16:47,IxaRiRqDhaBziHUQqBWOxbCpJjkp JfwMjnUkjfOTVJKVwpWALFdvt Hx,Complete,Other Transaction Authority,Awarded,FAIN8232621,9/3/2025 11:51,3/19/2021 23:43,4/22/2020 0:46,proposal_45729126.pdf,,
2024,SSA-synergy,6426-6062-5484-2188,Jane,,Wilson,Collaborator,2GM2D03Z4F45,Omni Consumer Products,No Mitigation Needed,Prohibited Factors,Mitigation Measures Required,Prohibited Factors,No Mitigation Needed,Threat Briefs,solutions analysis optimization innovation strategy deployment analysis integration innovation deployment.,Threat Briefs,integration synergy deployment development solutions deployment research optimization research development synergy strategy development.,34061236,OPP-081585,Business-focused client-driven initiative Project,95C7CBF2RFOV,Acme Corp,Initial,DHA,I2O,Draft,4/11/2021 17:55,,Complete,Other,Declined,,3/22/2024 18:05,,,proposal_34061236.pdf,,
2024,SSA-synergy,7079-5719-4320-8616,Peter,Jane,Miller,Student,CZ5TQAGRDPFT,Tyrell Corp,No Mitigation Needed,Prohibited Factors,Mitigation Measures Required,Mitigation Measures Required,Prohibited Factors,"Cessation, Increased Reporting",,Threat Briefs,integration synergy deployment development solutions deployment research optimization research development synergy strategy development.,34061236,OPP-081585,Business-focused client-driven initiative Project,95C7CBF2RFOV,Acme Corp,Initial,DHA,I2O,Draft,4/11/2021 17:55,,Complete,Other,Declined,,3/22/2024 18:05,,,proposal_34061236.pdf,person_Miller.pdf,
2024,SSA-synergy,6089-1576-5011-7603,Michael,Michael,Miller,Consultant,95C7CBF2RFOV,Acme Corp,No Mitigation Needed,No Mitigation Needed,Prohibited Factors,No Mitigation Needed,Prohibited Factors,Threat Briefs,,Threat Briefs,integration synergy deployment development solutions deployment research optimization research development synergy strategy development.,34061236,OPP-081585,Business-focused client-driven initiative Project,95C7CBF2RFOV,Acme Corp,Initial,DHA,I2O,Draft,4/11/2021 17:55,,Complete,Other,Declined,,3/22/2024 18:05,,,proposal_34061236.pdf,person_Miller.pdf,
2024,SSA-synergy,5467-3152-7073-9265,Mary,,Wilson,Co-PI,2GM2D03Z4F45,Omni Consumer Products,No Mitigation Needed,Mitigation Measures Required,Mitigation Measures Required,Prohibited Factors,Mitigation Measures Required,"Cessation, Increased Reporting",solutions integration innovation optimization synergy solutions integration development analysis synergy analysis.,Threat Briefs,integration synergy deployment development solutions deployment research optimization research development synergy strategy development.,34061236,OPP-081585,Business-focused client-driven initiative Project,95C7CBF2RFOV,Acme Corp,Initial,DHA,I2O,Draft,4/11/2021 17:55,,Complete,Other,Declined,,3/22/2024 18:05,,,proposal_34061236.pdf,,
2024,SSA-optimization,2718-8439-2632-4495,Robert,Patricia,Jones,PI,VWDUSH65P3UT,Wayne Enterprises,No Mitigation Needed,No Mitigation Needed,Prohibited Factors,No Mitigation Needed,Mitigation Measures Required,"Cessation, Increased Reporting",synergy development synergy research development deployment innovation optimization strategy optimization deployment integration.,Threat Briefs,,8680334,OPP-283294,Advanced cohesive hardware Project,8JK40Q30BVHV,Cyberdyne Systems,Initial,INSCOM,MSO,Draft,1/14/2022 7:58,,Pending,Grant,Declined,,,7/20/2021 8:15,2/2/2021 20:42,proposal_08680334.pdf,person_Jones.pdf,
2025,SSA-integration,3724-1804-5344-7280,Susan,,Taylor,Co-PI,95C7CBF2RFOV,Acme Corp,Prohibited Factors,Mitigation Measures Required,No Mitigation Needed,Mitigation Measures Required,No Mitigation Needed,,solutions synergy integration deployment deployment optimization development synergy strategy development analysis.,"Cessation, Increased Reporting",development innovation development research solutions innovation research strategy strategy optimization deployment strategy research.,24321398,OPP-366858,Cross-platform multimedia project Project,95C7CBF2RFOV,Acme Corp,Initial,INSCOM,MSO,In Progress,3/8/2021 20:12,,Complete,FAR-based Contract,Pending,,,,5/5/2025 6:37,proposal_24321398.pdf,,
2023,SSA-integration,4115-1143-6154-8317,Peter,,Williams,Consultant,8JK40Q30BVHV,Cyberdyne Systems,No Mitigation Needed,No Mitigation Needed,No Mitigation Needed,Prohibited Factors,No Mitigation Needed,"Cessation, Increased Reporting",development innovation solutions integration strategy development innovation optimization.,,,29172901,OPP-674758,Assimilated tangible parallelism Project,95C7CBF2RFOV,Acme Corp,Mitigation Annual Review,DHA,I2O,Draft,7/2/2020 20:05,,Pending,Other,Awarded,FAIN9362210,1/17/2021 2:07,,2/26/2020 3:30,proposal_29172901.pdf,person_Williams.pdf,
2023,SSA-integration,1990-7633-2513-1879,Mary,,Williams,Co-PI,VWDUSH65P3UT,Wayne Enterprises,Mitigation Measures Required,No Mitigation Needed,Mitigation Measures Required,No Mitigation Needed,Prohibited Factors,Threat Briefs,,,,29172901,OPP-674758,Assimilated tangible parallelism Project,95C7CBF2RFOV,Acme Corp,Mitigation Annual Review,DHA,I2O,Draft,7/2/2020 20:05,,Pending,Other,Awarded,FAIN9362210,1/17/2021 2:07,,2/26/2020 3:30,proposal_29172901.pdf,,
2024,SSA-strategy,7079-5719-4320-8616,Peter,Susan,Miller,Co-PI,2GM2D03Z4F45,Omni Consumer Products,No Mitigation Needed,Prohibited Factors,No Mitigation Needed,Prohibited Factors,Mitigation Measures Required,,,"Cessation, Increased Reporting",,41032904,OPP-077685,Adaptive modular solution Project,1317BRU1K5HM,Blue Sun Corp,Initial,NGA,CDMRP,Completed,3/27/2024 10:48,ENu EpuOtTu UgToruKnVxPpFToATHKgpPftLELvxbhstNcIrYICLDHfGwGgQJqvTFpyiGYnDHJlDnCKbbGzTXOtpdaGRDkKRGfZfPKVozGXGstTXZAQIAhzRGWzRMnEPcILZsBr Yquzsxb h,Not Needed,Other Transaction Authority,Declined,,,10/27/2022 14:13,4/9/2024 15:57,proposal_41032904.pdf,,review_41032904.docx
2024,SSA-strategy,3658-7489-4481-2249,Robert,Susan,Williams,PI,2GM2D03Z4F45,Omni Consumer Products,Mitigation Measures Required,Prohibited Factors,No Mitigation Needed,No Mitigation Needed,No Mitigation Needed,,,"Cessation, Increased Reporting",,41032904,OPP-077685,Adaptive modular solution Project,1317BRU1K5HM,Blue Sun Corp,Initial,NGA,CDMRP,Completed,3/27/2024 10:48,ENu EpuOtTu UgToruKnVxPpFToATHKgpPftLELvxbhstNcIrYICLDHfGwGgQJqvTFpyiGYnDHJlDnCKbbGzTXOtpdaGRDkKRGfZfPKVozGXGstTXZAQIAhzRGWzRMnEPcILZsBr Yquzsxb h,Not Needed,Other Transaction Authority,Declined,,,10/27/2022 14:13,4/9/2024 15:57,proposal_41032904.pdf,person_Williams.pdf,review_41032904.docx
2024,SSA-strategy,8746-3273-1269-8861,Susan,Michael,Wilson,Co-PI,S16GSAX4CIDY,Globex Inc,No Mitigation Needed,Mitigation Measures Required,No Mitigation Needed,Prohibited Factors,Prohibited Factors,,,"Cessation, Increased Reporting",,41032904,OPP-077685,Adaptive modular solution Project,1317BRU1K5HM,Blue Sun Corp,Initial,NGA,CDMRP,Completed,3/27/2024 10:48,ENu EpuOtTu UgToruKnVxPpFToATHKgpPftLELvxbhstNcIrYICLDHfGwGgQJqvTFpyiGYnDHJlDnCKbbGzTXOtpdaGRDkKRGfZfPKVozGXGstTXZAQIAhzRGWzRMnEPcILZsBr Yquzsxb h,Not Needed,Other Transaction Authority,Declined,,,10/27/2022 14:13,4/9/2024 15:57,proposal_41032904.pdf,person_Wilson.pdf,review_41032904.docx
2025,SSA-innovation,2553-1903-5850-9269,Susan,,Davis,PI,EA25Y66NWJL8,Wayne Enterprises,Prohibited Factors,Prohibited Factors,No Mitigation Needed,No Mitigation Needed,Mitigation Measures Required,Threat Briefs,,Threat Briefs,innovation deployment solutions analysis synergy optimization solutions integration.,60668182,OPP-250106,Compatible demand-driven workforce Project,CZ5TQAGRDPFT,Tyrell Corp,Mitigation Annual Review,DTRA,CDMRP,Completed,8/13/2020 6:55,,Not Needed,CRADA,Pending,,8/8/2025 9:53,,8/2/2025 16:21,proposal_60668182.pdf,,
2025,SSA-innovation,6090-8727-9692-9539,Robert,,Davis,PI,EB3Q82NDH2ZA,MomCorp,No Mitigation Needed,No Mitigation Needed,Mitigation Measures Required,Mitigation Measures Required,Mitigation Measures Required,,integration optimization integration solutions research development analysis.,Threat Briefs,innovation deployment solutions analysis synergy optimization solutions integration.,60668182,OPP-250106,Compatible demand-driven workforce Project,CZ5TQAGRDPFT,Tyrell Corp,Mitigation Annual Review,DTRA,CDMRP,Completed,8/13/2020 6:55,,Not Needed,CRADA,Pending,,8/8/2025 9:53,,8/2/2025 16:21,proposal_60668182.pdf,person_Davis.pdf,
2025,SSA-innovation,2782-3604-1777-7406,Patricia,,Taylor,Consultant,95C7CBF2RFOV,Acme Corp,Prohibited Factors,Mitigation Measures Required,No Mitigation Needed,Mitigation Measures Required,Prohibited Factors,"Cessation, Increased Reporting",research innovation analysis analysis solutions development development synergy deployment development development development deployment.,Threat Briefs,innovation deployment solutions analysis synergy optimization solutions integration.,60668182,OPP-250106,Compatible demand-driven workforce Project,CZ5TQAGRDPFT,Tyrell Corp,Mitigation Annual Review,DTRA,CDMRP,Completed,8/13/2020 6:55,,Not Needed,CRADA,Pending,,8/8/2025 9:53,,8/2/2025 16:21,proposal_60668182.pdf,person_Taylor.pdf,
2025,SSA-innovation,4607-7811-9415-6646,Mary,,Davis,Collaborator,C95EJURU7RLV,Stark Industries,Prohibited Factors,Prohibited Factors,No Mitigation Needed,No Mitigation Needed,Prohibited Factors,,,Threat Briefs,innovation deployment solutions analysis synergy optimization solutions integration.,60668182,OPP-250106,Compatible demand-driven workforce Project,CZ5TQAGRDPFT,Tyrell Corp,Mitigation Annual Review,DTRA,CDMRP,Completed,8/13/2020 6:55,,Not Needed,CRADA,Pending,,8/8/2025 9:53,,8/2/2025 16:21,proposal_60668182.pdf,,
2025,SSA-innovation,8844-7848-6085-7597,Michael,,Smith,Student,1317BRU1K5HM,Blue Sun Corp,No Mitigation Needed,Prohibited Factors,Mitigation Measures Required,No Mitigation Needed,Mitigation Measures Required,"Cessation, Increased Reporting",solutions strategy synergy solutions solutions synergy integration solutions development solutions.,Threat Briefs,innovation deployment solutions analysis synergy optimization solutions integration.,60668182,OPP-250106,Compatible demand-driven workforce Project,CZ5TQAGRDPFT,Tyrell Corp,Mitigation Annual Review,DTRA,CDMRP,Completed,8/13/2020 6:55,,Not Needed,CRADA,Pending,,8/8/2025 9:53,,8/2/2025 16:21,proposal_60668182.pdf,,
2025,SSA-innovation,4018-3350-8748-8348,Peter,,Taylor,Co-PI,8JK40Q30BVHV,Cyberdyne Systems,No Mitigation Needed,Mitigation Measures Required,Prohibited Factors,Mitigation Measures Required,No Mitigation Needed,,strategy deployment deployment solutions solutions innovation innovation development.,Threat Briefs,innovation solutions development analysis development solutions integration innovation deployment integration development deployment research.,44397380,OPP-908406,Ameliorated didactic strategy Project,95C7CBF2RFOV,Acme Corp,Mitigation Annual Review,DARPA,MSO,In Progress,5/18/2020 18:43,,Complete,CRADA,Awarded,FAIN9213235,5/10/2021 2:48,,,proposal_44397380.pdf,,
2025,SSA-innovation,9431-6654-7020-4261,Peter,,Wilson,Consultant,95C7CBF2RFOV,Acme Corp,Mitigation Measures Required,Mitigation Measures Required,No Mitigation Needed,No Mitigation Needed,Mitigation Measures Required,,optimization integration strategy solutions deployment deployment optimization integration integration research innovation analysis.,Threat Briefs,innovation solutions development analysis development solutions integration innovation deployment integration development deployment research.,44397380,OPP-908406,Ameliorated didactic strategy Project,95C7CBF2RFOV,Acme Corp,Mitigation Annual Review,DARPA,MSO,In Progress,5/18/2020 18:43,,Complete,CRADA,Awarded,FAIN9213235,5/10/2021 2:48,,,proposal_44397380.pdf,person_Wilson.pdf,
2025,SSA-innovation,8300-2363-5827-8407,Jane,,Williams,Collaborator,4K0AW4066EK0,Virtucon,Prohibited Factors,No Mitigation Needed,No Mitigation Needed,No Mitigation Needed,Mitigation Measures Required,"Cessation, Increased Reporting",strategy development strategy strategy deployment strategy optimization development.,Threat Briefs,innovation solutions development analysis development solutions integration innovation deployment integration development deployment research.,44397380,OPP-908406,Ameliorated didactic strategy Project,95C7CBF2RFOV,Acme Corp,Mitigation Annual Review,DARPA,MSO,In Progress,5/18/2020 18:43,,Complete,CRADA,Awarded,FAIN9213235,5/10/2021 2:48,,,proposal_44397380.pdf,,
2025,SSA-research,8300-2363-5827-8407,Jane,Linda,Williams,PI,8JK40Q30BVHV,Cyberdyne Systems,No Mitigation Needed,No Mitigation Needed,Mitigation Measures Required,Mitigation Measures Required,Mitigation Measures Required,Threat Briefs,innovation optimization integration solutions analysis solutions deployment solutions innovation optimization innovation optimization synergy.,,,51194562,OPP-094344,Cloned scalable matrix Project,8JK40Q30BVHV,Cyberdyne Systems,Initial,DHA,I2O,Draft,1/28/2025 6:22,QiPXNlMoXFHNo BdNWjQepkD xRiGVeX,Complete,Other Transaction Authority,Awarded,FAIN7743844,,2/22/2025 1:28,2/15/2022 1:43,proposal_51194562.pdf,,review_51194562.docx
2025,SSA-research,8936-7468-4916-2583,David,Peter,Anderson,Consultant,2GM2D03Z4F45,Omni Consumer Products,Prohibited Factors,Prohibited Factors,Prohibited Factors,No Mitigation Needed,Prohibited Factors,,deployment development integration innovation integration analysis synergy research integration development analysis innovation.,,,51194562,OPP-094344,Cloned scalable matrix Project,8JK40Q30BVHV,Cyberdyne Systems,Initial,DHA,I2O,Draft,1/28/2025 6:22,QiPXNlMoXFHNo BdNWjQepkD xRiGVeX,Complete,Other Transaction Authority,Awarded,FAIN7743844,,2/22/2025 1:28,2/15/2022 1:43,proposal_51194562.pdf,,review_51194562.docx
2025,SSA-research,7751-3047-7207-7844,John,,Brown,PI,4K0AW4066EK0,Virtucon,No Mitigation Needed,No Mitigation Needed,Prohibited Factors,Prohibited Factors,No Mitigation Needed,,,,,51194562,OPP-094344,Cloned scalable matrix Project,8JK40Q30BVHV,Cyberdyne Systems,Initial,DHA,I2O,Draft,1/28/2025 6:22,QiPXNlMoXFHNo BdNWjQepkD xRiGVeX,Complete,Other Transaction Authority,Awarded,FAIN7743844,,2/22/2025 1:28,2/15/2022 1:43,proposal_51194562.pdf,,review_51194562.docx
2025,SSA-synergy,1031-4233-3498-2165,Mary,Susan,Anderson,PI,4K0AW4066EK0,Virtucon,Prohibited Factors,No Mitigation Needed,Mitigation Measures Required,No Mitigation Needed,No Mitigation Needed,Threat Briefs,,"Cessation, Increased Reporting",analysis strategy innovation optimization optimization innovation optimization synergy development deployment.,73601014,OPP-206478,Cloned scalable matrix Project,CZ5TQAGRDPFT,Tyrell Corp,Initial,DTRA,CDMRP,Canceled,6/2/2024 11:10,JGEYFoPaHGGgjzjpHGlTSYxvv cdLKlbvY,Not Needed,Other,In Negotiation,,12/3/2025 23:13,11/3/2023 17:58,,proposal_73601014.pdf,person_Anderson.pdf,review_73601014.docx
2025,SSA-synergy,8291-2539-5590-1671,Jane,,Moore,Co-PI,4K0AW4066EK0,Virtucon,Prohibited Factors,Mitigation Measures Required,Prohibited Factors,Prohibited Factors,No Mitigation Needed,Threat Briefs,analysis development research integration research strategy analysis strategy research analysis development.,"Cessation, Increased Reporting",analysis strategy innovation optimization optimization innovation optimization synergy development deployment.,73601014,OPP-206478,Cloned scalable matrix Project,CZ5TQAGRDPFT,Tyrell Corp,Initial,DTRA,CDMRP,Canceled,6/2/2024 11:10,JGEYFoPaHGGgjzjpHGlTSYxvv cdLKlbvY,Not Needed,Other,In Negotiation,,12/3/2025 23:13,11/3/2023 17:58,,proposal_73601014.pdf,person_Moore.pdf,review_73601014.docx
2025,SSA-synergy,5260-7018-8099-8748,Susan,,Smith,Collaborator,1317BRU1K5HM,Blue Sun Corp,No Mitigation Needed,Prohibited Factors,Mitigation Measures Required,Mitigation Measures Required,Mitigation Measures Required,"Cessation, Increased Reporting",strategy analysis synergy innovation research solutions.,"Cessation, Increased Reporting",analysis strategy innovation optimization optimization innovation optimization synergy development deployment.,73601014,OPP-206478,Cloned scalable matrix Project,CZ5TQAGRDPFT,Tyrell Corp,Initial,DTRA,CDMRP,Canceled,6/2/2024 11:10,JGEYFoPaHGGgjzjpHGlTSYxvv cdLKlbvY,Not Needed,Other,In Negotiation,,12/3/2025 23:13,11/3/2023 17:58,,proposal_73601014.pdf,person_Smith.pdf,review_73601014.docx
2024,SSA-deployment,2752-3991-9420-1857,Jane,,Davis,Student,S16GSAX4CIDY,Globex Inc,Prohibited Factors,Prohibited Factors,Mitigation Measures Required,Prohibited Factors,Mitigation Measures Required,"Cessation, Increased Reporting",,Threat Briefs,research solutions optimization synergy innovation research analysis analysis solutions optimization solutions integration strategy optimization.,59194530,OPP-923868,Cross-platform multimedia project Project,1317BRU1K5HM,Blue Sun Corp,Initial,INSCOM,CDMRP,Draft,1/5/2020 13:18,snIDlrsISgBevnWPCglYJynuCyr,Complete,CRADA,In Negotiation,,,6/26/2025 16:55,4/4/2021 18:17,proposal_59194530.pdf,,
2024,SSA-deployment,9892-2316-2928-4644,John,,Wilson,Collaborator,EB3Q82NDH2ZA,MomCorp,Mitigation Measures Required,Mitigation Measures Required,No Mitigation Needed,No Mitigation Needed,Prohibited Factors,,research deployment analysis integration solutions integration deployment optimization research research.,Threat Briefs,research solutions optimization synergy innovation research analysis analysis solutions optimization solutions integration strategy optimization.,59194530,OPP-923868,Cross-platform multimedia project Project,1317BRU1K5HM,Blue Sun Corp,Initial,INSCOM,CDMRP,Draft,1/5/2020 13:18,snIDlrsISgBevnWPCglYJynuCyr,Complete,CRADA,In Negotiation,,,6/26/2025 16:55,4/4/2021 18:17,proposal_59194530.pdf,,
2024,SSA-deployment,2704-5496-8890-3368,Jane,,Brown,PI,8JK40Q30BVHV,Cyberdyne Systems,Mitigation Measures Required,Mitigation Measures Required,Prohibited Factors,Mitigation Measures Required,Mitigation Measures Required,,analysis strategy innovation solutions strategy innovation integration solutions development optimization strategy.,Threat Briefs,research solutions optimization synergy innovation research analysis analysis solutions optimization solutions integration strategy optimization.,59194530,OPP-923868,Cross-platform multimedia project Project,1317BRU1K5HM,Blue Sun Corp,Initial,INSCOM,CDMRP,Draft,1/5/2020 13:18,snIDlrsISgBevnWPCglYJynuCyr,Complete,CRADA,In Negotiation,,,6/26/2025 16:55,4/4/2021 18:17,proposal_59194530.pdf,person_Brown.pdf,
2024,SSA-deployment,9367-4896-5805-7010,Linda,,Miller,Collaborator,8JK40Q30BVHV,Cyberdyne Systems,Prohibited Factors,Prohibited Factors,No Mitigation Needed,Prohibited Factors,Prohibited Factors,Threat Briefs,solutions synergy integration integration strategy deployment deployment integration strategy analysis.,Threat Briefs,research solutions optimization synergy innovation research analysis analysis solutions optimization solutions integration strategy optimization.,59194530,OPP-923868,Cross-platform multimedia project Project,1317BRU1K5HM,Blue Sun Corp,Initial,INSCOM,CDMRP,Draft,1/5/2020 13:18,snIDlrsISgBevnWPCglYJynuCyr,Complete,CRADA,In Negotiation,,,6/26/2025 16:55,4/4/2021 18:17,proposal_59194530.pdf,,
2025,SSA-optimization,9313-1364-2874-9660,Peter,,Smith,Collaborator,4K0AW4066EK0,Virtucon,Mitigation Measures Required,No Mitigation Needed,Mitigation Measures Required,Prohibited Factors,Prohibited Factors,Threat Briefs,,Threat Briefs,,36840892,OPP-714859,Business-focused client-driven initiative Project,4K0AW4066EK0,Virtucon,Mitigation Annual Review,DTRA,DSO,In Progress,11/7/2020 12:12,,Not Needed,Other Transaction Authority,In Negotiation,,,,1/13/2020 0:46,proposal_36840892.pdf,person_Smith.pdf,review_36840892.docx
2025,SSA-optimization,7368-9539-7504-1401,John,Peter,Davis,Co-PI,8JK40Q30BVHV,Cyberdyne Systems,Prohibited Factors,Prohibited Factors,Prohibited Factors,Mitigation Measures Required,Mitigation Measures Required,Threat Briefs,synergy strategy integration strategy synergy analysis innovation strategy integration research.,Threat Briefs,,36840892,OPP-714859,Business-focused client-driven initiative Project,4K0AW4066EK0,Virtucon,Mitigation Annual Review,DTRA,DSO,In Progress,11/7/2020 12:12,,Not Needed,Other Transaction Authority,In Negotiation,,,,1/13/2020 0:46,proposal_36840892.pdf,person_Davis.pdf,review_36840892.docx
2025,SSA-optimization,8397-4644-6998-9181,Michael,,Davis,PI,4K0AW4066EK0,Virtucon,Prohibited Factors,Mitigation Measures Required,Prohibited Factors,No Mitigation Needed,No Mitigation Needed,Threat Briefs,integration analysis solutions analysis strategy innovation solutions development innovation.,Threat Briefs,,36840892,OPP-714859,Business-focused client-driven initiative Project,4K0AW4066EK0,Virtucon,Mitigation Annual Review,DTRA,DSO,In Progress,11/7/2020 12:12,,Not Needed,Other Transaction Authority,In Negotiation,,,,1/13/2020 0:46,proposal_36840892.pdf,person_Davis.pdf,review_36840892.docx
2025,SSA-optimization,2276-6001-5996-2872,Jane,,Anderson,Co-PI,VWDUSH65P3UT,Wayne Enterprises,Prohibited Factors,Prohibited Factors,No Mitigation Needed,Prohibited Factors,No Mitigation Needed,Threat Briefs,research optimization solutions research strategy strategy.,Threat Briefs,,36840892,OPP-714859,Business-focused client-driven initiative Project,4K0AW4066EK0,Virtucon,Mitigation Annual Review,DTRA,DSO,In Progress,11/7/2020 12:12,,Not Needed,Other Transaction Authority,In Negotiation,,,,1/13/2020 0:46,proposal_36840892.pdf,person_Anderson.pdf,review_36840892.docx
2024,SSA-research,9029-9262-4368-5599,Patricia,,Brown,Consultant,1317BRU1K5HM,Blue Sun Corp,Prohibited Factors,No Mitigation Needed,Prohibited Factors,Mitigation Measures Required,Prohibited Factors,"Cessation, Increased Reporting",innovation strategy deployment synergy development analysis innovation development research development integration synergy integration strategy.,,,87245102,OPP-829925,Configurable value-added system engine Project,4K0AW4066EK0,Virtucon,Mitigation Annual Review,NGA,MSO,In Progress,4/17/2022 7:48,,Not Needed,Other,Declined,,,3/24/2021 23:06,,proposal_87245102.pdf,person_Brown.pdf,review_87245102.docx
2024,SSA-deployment,7058-6482-4903-3575,Susan,,Miller,Consultant,MIFRULS1SULH,Cyberdyne Systems,Mitigation Measures Required,Prohibited Factors,No Mitigation Needed,Prohibited Factors,No Mitigation Needed,,solutions synergy synergy development strategy development deployment synergy integration analysis optimization research optimization.,Threat Briefs,deployment solutions solutions integration development strategy deployment synergy solutions development.,72724159,OPP-877937,Automated bi-directional pricing structure Project,8JK40Q30BVHV,Cyberdyne Systems,Initial,USA,I2O,Draft,10/6/2025 10:33,cAaaeGSPsrwk gpLdOKiVUqntZFf JDBvYSYiagEQzJpok bZHBeOLArhMjfYYrXtKkQIgSUTBwASVilFWVRvmfaN,Not Needed,Grant,Declined,,,,10/27/2022 22:48,proposal_72724159.pdf,person_Miller.pdf,
2023,SSA-analysis,6106-2475-7344-3226,Linda,,Taylor,Student,P0BJREZAN0YF,Stark Industries,Mitigation Measures Required,Mitigation Measures Required,No Mitigation Needed,Prohibited Factors,Mitigation Measures Required,,,Threat Briefs,synergy optimization optimization integration innovation strategy strategy solutions deployment innovation integration analysis development deployment.,71323677,OPP-235337,Advanced cohesive hardware Project,VWDUSH65P3UT,Wayne Enterprises,Mitigation Annual Review,DHA,I2O,Canceled,2/5/2023 6:40,,Pending,Other,Pending,,2/4/2025 10:29,,,proposal_71323677.pdf,,
2023,SSA-analysis,3111-4164-8839-9729,Jane,,Smith,PI,1317BRU1K5HM,Blue Sun Corp,No Mitigation Needed,Mitigation Measures Required,No Mitigation Needed,Mitigation Measures Required,No Mitigation Needed,"Cessation, Increased Reporting",development solutions innovation solutions development solutions optimization innovation solutions solutions research.,Threat Briefs,synergy optimization optimization integration innovation strategy strategy solutions deployment innovation integration analysis development deployment.,71323677,OPP-235337,Advanced cohesive hardware Project,VWDUSH65P3UT,Wayne Enterprises,Mitigation Annual Review,DHA,I2O,Canceled,2/5/2023 6:40,,Pending,Other,Pending,,2/4/2025 10:29,,,proposal_71323677.pdf,,
2023,SSA-analysis,1066-2440-5078-7824,Susan,,Anderson,Collaborator,2GM2D03Z4F45,Omni Consumer Products,Prohibited Factors,No Mitigation Needed,Mitigation Measures Required,Mitigation Measures Required,No Mitigation Needed,Threat Briefs,development synergy research deployment analysis development synergy optimization.,Threat Briefs,synergy optimization optimization integration innovation strategy strategy solutions deployment innovation integration analysis development deployment.,71323677,OPP-235337,Advanced cohesive hardware Project,VWDUSH65P3UT,Wayne Enterprises,Mitigation Annual Review,DHA,I2O,Canceled,2/5/2023 6:40,,Pending,Other,Pending,,2/4/2025 10:29,,,proposal_71323677.pdf,,
2023,SSA-analysis,7029-7310-4137-1786,Robert,,Smith,Co-PI,S16GSAX4CIDY,Globex Inc,No Mitigation Needed,Prohibited Factors,Prohibited Factors,Prohibited Factors,Prohibited Factors,,analysis integration analysis research analysis innovation research innovation analysis synergy innovation.,Threat Briefs,synergy optimization optimization integration innovation strategy strategy solutions deployment innovation integration analysis development deployment.,71323677,OPP-235337,Advanced cohesive hardware Project,VWDUSH65P3UT,Wayne Enterprises,Mitigation Annual Review,DHA,I2O,Canceled,2/5/2023 6:40,,Pending,Other,Pending,,2/4/2025 10:29,,,proposal_71323677.pdf,person_Smith.pdf,
2024,SSA-strategy,1821-4676-2980-7386,Patricia,,Moore,PI,95C7CBF2RFOV,Acme Corp,No Mitigation Needed,Mitigation Measures Required,Mitigation Measures Required,Prohibited Factors,Prohibited Factors,,development deployment strategy strategy analysis research research optimization strategy.,Threat Briefs,,66440048,OPP-203270,Compatible demand-driven workforce Project,95C7CBF2RFOV,Acme Corp,Mitigation Annual Review,DTRA,CDMRP,In Progress,4/11/2022 9:41,BcVFZSOYFVEMtkPnDcaMhzGqwqxjMRETCKKLTg iHBqJMjmsFESHDEQwYgMgdRGxGmWtsKXLaqKcjhcslkwWhMtiXwSHAZkWaEvFLrNTkbuDJcIoHhmMgVFLcmuzQUmAXv xFogl SE CQPUGHs BLUGuvEoUqnkGdshEROkpOLqLpIvHWPLsiNgORTbSqJRELtoTMO,Complete,FAR-based Contract,Pending,,2/23/2024 5:22,12/19/2021 3:49,,proposal_66440048.pdf,,
2024,SSA-strategy,7029-7310-4137-1786,Robert,David,Smith,Collaborator,CZ5TQAGRDPFT,Tyrell Corp,Mitigation Measures Required,Prohibited Factors,No Mitigation Needed,No Mitigation Needed,Mitigation Measures Required,,solutions solutions deployment solutions optimization innovation deployment strategy deployment.,Threat Briefs,,66440048,OPP-203270,Compatible demand-driven workforce Project,95C7CBF2RFOV,Acme Corp,Mitigation Annual Review,DTRA,CDMRP,In Progress,4/11/2022 9:41,BcVFZSOYFVEMtkPnDcaMhzGqwqxjMRETCKKLTg iHBqJMjmsFESHDEQwYgMgdRGxGmWtsKXLaqKcjhcslkwWhMtiXwSHAZkWaEvFLrNTkbuDJcIoHhmMgVFLcmuzQUmAXv xFogl SE CQPUGHs BLUGuvEoUqnkGdshEROkpOLqLpIvHWPLsiNgORTbSqJRELtoTMO,Complete,FAR-based Contract,Pending,,2/23/2024 5:22,12/19/2021 3:49,,proposal_66440048.pdf,,
2024,SSA-strategy,9009-4486-9828-9810,Mary,Linda,Taylor,Student,VWDUSH65P3UT,Wayne Enterprises,Prohibited Factors,Mitigation Measures Required,Mitigation Measures Required,No Mitigation Needed,Mitigation Measures Required,"Cessation, Increased Reporting",,Threat Briefs,,66440048,OPP-203270,Compatible demand-driven workforce Project,95C7CBF2RFOV,Acme Corp,Mitigation Annual Review,DTRA,CDMRP,In Progress,4/11/2022 9:41,BcVFZSOYFVEMtkPnDcaMhzGqwqxjMRETCKKLTg iHBqJMjmsFESHDEQwYgMgdRGxGmWtsKXLaqKcjhcslkwWhMtiXwSHAZkWaEvFLrNTkbuDJcIoHhmMgVFLcmuzQUmAXv xFogl SE CQPUGHs BLUGuvEoUqnkGdshEROkpOLqLpIvHWPLsiNgORTbSqJRELtoTMO,Complete,FAR-based Contract,Pending,,2/23/2024 5:22,12/19/2021 3:49,,proposal_66440048.pdf,person_Taylor.pdf,
2023,SSA-integration,8291-2539-5590-1671,Jane,,Moore,Consultant,EB3Q82NDH2ZA,MomCorp,No Mitigation Needed,No Mitigation Needed,Prohibited Factors,Mitigation Measures Required,Mitigation Measures Required,"Cessation, Increased Reporting",optimization analysis solutions deployment analysis development deployment solutions strategy deployment.,,,35776817,OPP-571377,Cross-platform multimedia project Project,S16GSAX4CIDY,Globex Inc,Mitigation Annual Review,INSCOM,MSO,Completed,1/26/2025 18:07, NnrunaIJoTYJGcLcsafqlxp CzIpd,Complete,Other,Declined,,,10/17/2025 16:01,3/1/2023 23:03,proposal_35776817.pdf,,
2024,SSA-analysis,4119-2857-8173-6600,Mary,,Miller,Collaborator,2GM2D03Z4F45,Omni Consumer Products,Prohibited Factors,Mitigation Measures Required,Prohibited Factors,Mitigation Measures Required,Prohibited Factors,,,,,26594118,OPP-234946,Ameliorated didactic strategy Project,CZ5TQAGRDPFT,Tyrell Corp,Initial,USA,TTO,Canceled,6/28/2025 13:07,mgXFfOVESJKaCLvYdsVNHsPcuinVrXax,Not Needed,CRADA,Awarded,FAIN7455895,8/27/2020 15:48,9/25/2024 1:13,6/16/2022 14:41,proposal_26594118.pdf,person_Miller.pdf,
2024,SSA-analysis,6011-3541-8756-9276,John,Jane,Anderson,Student,CZ5TQAGRDPFT,Tyrell Corp,Mitigation Measures Required,Prohibited Factors,Prohibited Factors,Mitigation Measures Required,Mitigation Measures Required,,analysis analysis optimization optimization development strategy optimization research development analysis deployment development.,,,26594118,OPP-234946,Ameliorated didactic strategy Project,CZ5TQAGRDPFT,Tyrell Corp,Initial,USA,TTO,Canceled,6/28/2025 13:07,mgXFfOVESJKaCLvYdsVNHsPcuinVrXax,Not Needed,CRADA,Awarded,FAIN7455895,8/27/2020 15:48,9/25/2024 1:13,6/16/2022 14:41,proposal_26594118.pdf,person_Anderson.pdf,
2024,SSA-analysis,7029-7310-4137-1786,Robert,,Smith,Co-PI,P0BJREZAN0YF,Stark Industries,No Mitigation Needed,Mitigation Measures Required,Mitigation Measures Required,No Mitigation Needed,Mitigation Measures Required,,integration research synergy optimization solutions integration innovation research.,,,26594118,OPP-234946,Ameliorated didactic strategy Project,CZ5TQAGRDPFT,Tyrell Corp,Initial,USA,TTO,Canceled,6/28/2025 13:07,mgXFfOVESJKaCLvYdsVNHsPcuinVrXax,Not Needed,CRADA,Awarded,FAIN7455895,8/27/2020 15:48,9/25/2024 1:13,6/16/2022 14:41,proposal_26594118.pdf,,
2024,SSA-analysis,5012-1650-2203-8432,David,Robert,Smith,Consultant,8JK40Q30BVHV,Cyberdyne Systems,Mitigation Measures Required,Prohibited Factors,Mitigation Measures Required,Mitigation Measures Required,Prohibited Factors,"Cessation, Increased Reporting",,,,26594118,OPP-234946,Ameliorated didactic strategy Project,CZ5TQAGRDPFT,Tyrell Corp,Initial,USA,TTO,Canceled,6/28/2025 13:07,mgXFfOVESJKaCLvYdsVNHsPcuinVrXax,Not Needed,CRADA,Awarded,FAIN7455895,8/27/2020 15:48,9/25/2024 1:13,6/16/2022 14:41,proposal_26594118.pdf,person_Smith.pdf,
2024,SSA-analysis,1385-8950-3310-4586,David,,Moore,Student,EB3Q82NDH2ZA,MomCorp,Prohibited Factors,No Mitigation Needed,Mitigation Measures Required,No Mitigation Needed,Prohibited Factors,Threat Briefs,,,,26594118,OPP-234946,Ameliorated didactic strategy Project,CZ5TQAGRDPFT,Tyrell Corp,Initial,USA,TTO,Canceled,6/28/2025 13:07,mgXFfOVESJKaCLvYdsVNHsPcuinVrXax,Not Needed,CRADA,Awarded,FAIN7455895,8/27/2020 15:48,9/25/2024 1:13,6/16/2022 14:41,proposal_26594118.pdf,person_Moore.pdf,
2023,SSA-deployment,4462-1616-6771-6458,Peter,,Davis,PI,CZ5TQAGRDPFT,Tyrell Corp,Mitigation Measures Required,Prohibited Factors,Prohibited Factors,Prohibited Factors,No Mitigation Needed,,innovation optimization synergy optimization strategy strategy strategy research innovation solutions synergy.,Threat Briefs,synergy deployment research research deployment deployment solutions solutions development integration.,19364696,OPP-441199,Assimilated tangible parallelism Project,EB3Q82NDH2ZA,MomCorp,Mitigation Annual Review,USA,I2O,Completed,1/17/2020 4:38,GDfwmhBrBTBYuFxrsCHoILpP NAAdrPQDCNbiiqPdlLsNHihlfpn sPuYZMowAN,Complete,FAR-based Contract,Pending,,1/10/2022 17:44,1/2/2024 3:06,10/13/2023 19:29,proposal_19364696.pdf,,
2023,SSA-deployment,4018-3350-8748-8348,Peter,,Taylor,Co-PI,1317BRU1K5HM,Blue Sun Corp,Mitigation Measures Required,No Mitigation Needed,No Mitigation Needed,Mitigation Measures Required,No Mitigation Needed,Threat Briefs,,Threat Briefs,synergy deployment research research deployment deployment solutions solutions development integration.,19364696,OPP-441199,Assimilated tangible parallelism Project,EB3Q82NDH2ZA,MomCorp,Mitigation Annual Review,USA,I2O,Completed,1/17/2020 4:38,GDfwmhBrBTBYuFxrsCHoILpP NAAdrPQDCNbiiqPdlLsNHihlfpn sPuYZMowAN,Complete,FAR-based Contract,Pending,,1/10/2022 17:44,1/2/2024 3:06,10/13/2023 19:29,proposal_19364696.pdf,person_Taylor.pdf,
2023,SSA-deployment,8300-2363-5827-8407,Jane,,Williams,Collaborator,4K0AW4066EK0,Virtucon,No Mitigation Needed,Mitigation Measures Required,Prohibited Factors,Prohibited Factors,No Mitigation Needed,,development synergy innovation innovation innovation research development solutions synergy research solutions.,Threat Briefs,synergy deployment research research deployment deployment solutions solutions development integration.,19364696,OPP-441199,Assimilated tangible parallelism Project,EB3Q82NDH2ZA,MomCorp,Mitigation Annual Review,USA,I2O,Completed,1/17/2020 4:38,GDfwmhBrBTBYuFxrsCHoILpP NAAdrPQDCNbiiqPdlLsNHihlfpn sPuYZMowAN,Complete,FAR-based Contract,Pending,,1/10/2022 17:44,1/2/2024 3:06,10/13/2023 19:29,proposal_19364696.pdf,person_Williams.pdf,
2023,SSA-deployment,8305-6338-1273-4359,Jane,,Taylor,Student,CZ5TQAGRDPFT,Tyrell Corp,Prohibited Factors,Prohibited Factors,No Mitigation Needed,Prohibited Factors,Mitigation Measures Required,"Cessation, Increased Reporting",synergy synergy solutions solutions analysis strategy analysis innovation research.,Threat Briefs,synergy deployment research research deployment deployment solutions solutions development integration.,19364696,OPP-441199,Assimilated tangible parallelism Project,EB3Q82NDH2ZA,MomCorp,Mitigation Annual Review,USA,I2O,Completed,1/17/2020 4:38,GDfwmhBrBTBYuFxrsCHoILpP NAAdrPQDCNbiiqPdlLsNHihlfpn sPuYZMowAN,Complete,FAR-based Contract,Pending,,1/10/2022 17:44,1/2/2024 3:06,10/13/2023 19:29,proposal_19364696.pdf,person_Taylor.pdf,
2023,SSA-deployment,4119-2857-8173-6600,Mary,Robert,Miller,PI,1317BRU1K5HM,Blue Sun Corp,Mitigation Measures Required,No Mitigation Needed,No Mitigation Needed,Prohibited Factors,Prohibited Factors,"Cessation, Increased Reporting",,Threat Briefs,synergy deployment research research deployment deployment solutions solutions development integration.,19364696,OPP-441199,Assimilated tangible parallelism Project,EB3Q82NDH2ZA,MomCorp,Mitigation Annual Review,USA,I2O,Completed,1/17/2020 4:38,GDfwmhBrBTBYuFxrsCHoILpP NAAdrPQDCNbiiqPdlLsNHihlfpn sPuYZMowAN,Complete,FAR-based Contract,Pending,,1/10/2022 17:44,1/2/2024 3:06,10/13/2023 19:29,proposal_19364696.pdf,person_Miller.pdf,
2023,SSA-integration,9892-2316-2928-4644,John,,Wilson,Student,S16GSAX4CIDY,Globex Inc,Mitigation Measures Required,No Mitigation Needed,Prohibited Factors,Prohibited Factors,Mitigation Measures Required,"Cessation, Increased Reporting",strategy research research deployment strategy.,,,95189348,OPP-022769,Assimilated tangible parallelism Project,95C7CBF2RFOV,Acme Corp,Initial,USA,I2O,Completed,4/10/2023 9:54,oWEiYAYl iqKnmSWYDljAhTJEvArPcmKBRuA SEUTu,Complete,Other Transaction Authority,Declined,,11/9/2023 18:26,8/1/2025 5:26,2/11/2022 11:51,proposal_95189348.pdf,,
2024,SSA-strategy,6189-1769-2614-2033,Susan,,Brown,Co-PI,S16GSAX4CIDY,Globex Inc,No Mitigation Needed,Mitigation Measures Required,Prohibited Factors,No Mitigation Needed,Prohibited Factors,"Cessation, Increased Reporting",development deployment optimization analysis optimization analysis synergy integration solutions strategy strategy solutions development.,"Cessation, Increased Reporting",,98569067,OPP-768155,Business-focused client-driven initiative Project,1317BRU1K5HM,Blue Sun Corp,Mitigation Annual Review,INSCOM,MSO,In Progress,6/10/2020 18:26,,Complete,Other Transaction Authority,Awarded,FAIN8462538,6/10/2025 23:33,3/16/2025 16:29,7/6/2023 4:17,proposal_98569067.pdf,,review_98569067.docx
2024,SSA-strategy,2018-4402-9157-7426,Mary,David,Smith,Co-PI,S16GSAX4CIDY,Globex Inc,Mitigation Measures Required,No Mitigation Needed,Mitigation Measures Required,Mitigation Measures Required,No Mitigation Needed,"Cessation, Increased Reporting",strategy analysis development research solutions strategy.,"Cessation, Increased Reporting",,98569067,OPP-768155,Business-focused client-driven initiative Project,1317BRU1K5HM,Blue Sun Corp,Mitigation Annual Review,INSCOM,MSO,In Progress,6/10/2020 18:26,,Complete,Other Transaction Authority,Awarded,FAIN8462538,6/10/2025 23:33,3/16/2025 16:29,7/6/2023 4:17,proposal_98569067.pdf,person_Smith.pdf,review_98569067.docx
2024,SSA-strategy,8574-6986-6758-6133,Michael,,Jones,Consultant,EB3Q82NDH2ZA,MomCorp,Prohibited Factors,Prohibited Factors,Mitigation Measures Required,Prohibited Factors,No Mitigation Needed,Threat Briefs,analysis deployment optimization research analysis strategy solutions synergy research research development.,"Cessation, Increased Reporting",,98569067,OPP-768155,Business-focused client-driven initiative Project,1317BRU1K5HM,Blue Sun Corp,Mitigation Annual Review,INSCOM,MSO,In Progress,6/10/2020 18:26,,Complete,Other Transaction Authority,Awarded,FAIN8462538,6/10/2025 23:33,3/16/2025 16:29,7/6/2023 4:17,proposal_98569067.pdf,,review_98569067.docx
2024,SSA-strategy,3548-1270-1025-6300,Patricia,,Anderson,Consultant,7CNTIPOIG1A5,Globex Inc,Mitigation Measures Required,Mitigation Measures Required,Mitigation Measures Required,No Mitigation Needed,No Mitigation Needed,"Cessation, Increased Reporting",solutions strategy research analysis analysis optimization synergy optimization deployment strategy solutions deployment strategy optimization.,"Cessation, Increased Reporting",,98569067,OPP-768155,Business-focused client-driven initiative Project,1317BRU1K5HM,Blue Sun Corp,Mitigation Annual Review,INSCOM,MSO,In Progress,6/10/2020 18:26,,Complete,Other Transaction Authority,Awarded,FAIN8462538,6/10/2025 23:33,3/16/2025 16:29,7/6/2023 4:17,proposal_98569067.pdf,,review_98569067.docx
2024,SSA-strategy,9009-4486-9828-9810,Mary,,Taylor,Co-PI,8JK40Q30BVHV,Cyberdyne Systems,Mitigation Measures Required,Prohibited Factors,Mitigation Measures Required,Mitigation Measures Required,No Mitigation Needed,,synergy innovation innovation research solutions.,"Cessation, Increased Reporting",,98569067,OPP-768155,Business-focused client-driven initiative Project,1317BRU1K5HM,Blue Sun Corp,Mitigation Annual Review,INSCOM,MSO,In Progress,6/10/2020 18:26,,Complete,Other Transaction Authority,Awarded,FAIN8462538,6/10/2025 23:33,3/16/2025 16:29,7/6/2023 4:17,proposal_98569067.pdf,person_Taylor.pdf,review_98569067.docx
2025,SSA-deployment,4119-2857-8173-6600,Mary,,Miller,Collaborator,EB3Q82NDH2ZA,MomCorp,Prohibited Factors,Prohibited Factors,Mitigation Measures Required,Mitigation Measures Required,No Mitigation Needed,,deployment solutions integration analysis integration development research.,,,14863706,OPP-942231,Compatible demand-driven workforce Project,VWDUSH65P3UT,Wayne Enterprises,Mitigation Annual Review,USA,DSO,Draft,4/21/2023 5:48,vWznanftPffQMKRpKvybcEasqdrbOVVkfzdoLfUberLYEpTgKrLRIADVosyxCghbppKDYeeIYjKGizbZeZBrnPGaYwioynIFDSiWAWQ,Complete,Other,Declined,,8/22/2021 19:06,12/22/2023 15:51,9/13/2020 12:56,proposal_14863706.pdf,person_Miller.pdf,review_14863706.docx
2025,SSA-deployment,7029-7310-4137-1786,Robert,,Smith,Student,8JK40Q30BVHV,Cyberdyne Systems,No Mitigation Needed,No Mitigation Needed,No Mitigation Needed,Prohibited Factors,Mitigation Measures Required,,,,,14863706,OPP-942231,Compatible demand-driven workforce Project,VWDUSH65P3UT,Wayne Enterprises,Mitigation Annual Review,USA,DSO,Draft,4/21/2023 5:48,vWznanftPffQMKRpKvybcEasqdrbOVVkfzdoLfUberLYEpTgKrLRIADVosyxCghbppKDYeeIYjKGizbZeZBrnPGaYwioynIFDSiWAWQ,Complete,Other,Declined,,8/22/2021 19:06,12/22/2023 15:51,9/13/2020 12:56,proposal_14863706.pdf,person_Smith.pdf,review_14863706.docx
2025,SSA-deployment,5749-8762-3111-8896,Michael,,Brown,Consultant,CZ5TQAGRDPFT,Tyrell Corp,No Mitigation Needed,No Mitigation Needed,Prohibited Factors,No Mitigation Needed,No Mitigation Needed,"Cessation, Increased Reporting",,,,14863706,OPP-942231,Compatible demand-driven workforce Project,VWDUSH65P3UT,Wayne Enterprises,Mitigation Annual Review,USA,DSO,Draft,4/21/2023 5:48,vWznanftPffQMKRpKvybcEasqdrbOVVkfzdoLfUberLYEpTgKrLRIADVosyxCghbppKDYeeIYjKGizbZeZBrnPGaYwioynIFDSiWAWQ,Complete,Other,Declined,,8/22/2021 19:06,12/22/2023 15:51,9/13/2020 12:56,proposal_14863706.pdf,person_Brown.pdf,review_14863706.docx
2025,SSA-deployment,6189-1769-2614-2033,Susan,Susan,Brown,Co-PI,VWDUSH65P3UT,Wayne Enterprises,No Mitigation Needed,No Mitigation Needed,Prohibited Factors,Mitigation Measures Required,No Mitigation Needed,Threat Briefs,optimization strategy strategy deployment integration deployment analysis optimization development analysis synergy research.,,,14863706,OPP-942231,Compatible demand-driven workforce Project,VWDUSH65P3UT,Wayne Enterprises,Mitigation Annual Review,USA,DSO,Draft,4/21/2023 5:48,vWznanftPffQMKRpKvybcEasqdrbOVVkfzdoLfUberLYEpTgKrLRIADVosyxCghbppKDYeeIYjKGizbZeZBrnPGaYwioynIFDSiWAWQ,Complete,Other,Declined,,8/22/2021 19:06,12/22/2023 15:51,9/13/2020 12:56,proposal_14863706.pdf,,review_14863706.docx
2025,SSA-deployment,5467-3152-7073-9265,Mary,,Wilson,Student,9GK80GKY8C7C,Omni Consumer Products,Prohibited Factors,Prohibited Factors,No Mitigation Needed,Prohibited Factors,Mitigation Measures Required,Threat Briefs,solutions innovation integration development optimization.,,,14863706,OPP-942231,Compatible demand-driven workforce Project,VWDUSH65P3UT,Wayne Enterprises,Mitigation Annual Review,USA,DSO,Draft,4/21/2023 5:48,vWznanftPffQMKRpKvybcEasqdrbOVVkfzdoLfUberLYEpTgKrLRIADVosyxCghbppKDYeeIYjKGizbZeZBrnPGaYwioynIFDSiWAWQ,Complete,Other,Declined,,8/22/2021 19:06,12/22/2023 15:51,9/13/2020 12:56,proposal_14863706.pdf,person_Wilson.pdf,review_14863706.docx
2023,SSA-innovation,2104-2178-8021-8947,David,,Taylor,Co-PI,2GM2D03Z4F45,Omni Consumer Products,Prohibited Factors,Prohibited Factors,Mitigation Measures Required,Mitigation Measures Required,Prohibited Factors,Threat Briefs,solutions synergy analysis strategy solutions.,,,37191705,OPP-771422,Cloned scalable matrix Project,4K0AW4066EK0,Virtucon,Initial,DARPA,I2O,Completed,2/27/2022 1:55,,Pending,Grant,Awarded,FAIN1571421,,,,proposal_37191705.pdf,,review_37191705.docx
2024,SSA-integration,1066-2440-5078-7824,Susan,,Anderson,Co-PI,2GM2D03Z4F45,Omni Consumer Products,No Mitigation Needed,No Mitigation Needed,Mitigation Measures Required,Prohibited Factors,Prohibited Factors,,solutions integration optimization synergy deployment synergy deployment deployment development integration solutions deployment synergy strategy.,"Cessation, Increased Reporting",,42646437,OPP-808354,Advanced cohesive hardware Project,P0BJREZAN0YF,Stark Industries,Mitigation Annual Review,DARPA,MSO,In Progress,3/22/2022 1:46,,Complete,CRADA,Awarded,FAIN0891801,2/11/2020 5:06,4/7/2024 6:48,,proposal_42646437.pdf,,
2024,SSA-integration,9818-6881-1670-7498,Linda,,Davis,PI,2GM2D03Z4F45,Omni Consumer Products,Prohibited Factors,Prohibited Factors,Mitigation Measures Required,Prohibited Factors,No Mitigation Needed,"Cessation, Increased Reporting",optimization integration analysis analysis development analysis synergy solutions development synergy research strategy.,"Cessation, Increased Reporting",,42646437,OPP-808354,Advanced cohesive hardware Project,P0BJREZAN0YF,Stark Industries,Mitigation Annual Review,DARPA,MSO,In Progress,3/22/2022 1:46,,Complete,CRADA,Awarded,FAIN0891801,2/11/2020 5:06,4/7/2024 6:48,,proposal_42646437.pdf,person_Davis.pdf,
2025,SSA-deployment,4139-2131-1680-6186,Susan,,Williams,Student,2GM2D03Z4F45,Omni Consumer Products,No Mitigation Needed,Mitigation Measures Required,Prohibited Factors,No Mitigation Needed,Mitigation Measures Required,Threat Briefs,integration strategy integration research research solutions solutions solutions strategy.,Threat Briefs,optimization innovation research innovation research optimization innovation strategy synergy innovation innovation deployment.,59522139,OPP-207696,Automated bi-directional pricing structure Project,CZ5TQAGRDPFT,Tyrell Corp,Mitigation Annual Review,INSCOM,CDMRP,Draft,5/27/2021 17:19,qmOpNQoroXuGDJmbluIDHeUDewaZLCFpzCbRlUEMQWiBvEOKOgawyiSbRUgbogSg hUVUmUqdEsVOaHHUHzFQzptMKpibqWpEYm TncvVrXZbbUjtjNbsbZDvHM GDrdVJhJCT,Not Needed,FAR-based Contract,In Negotiation,,8/14/2022 5:17,2/13/2025 1:27,,proposal_59522139.pdf,,review_59522139.docx
2025,SSA-deployment,6090-8727-9692-9539,Robert,,Davis,Consultant,VWDUSH65P3UT,Wayne Enterprises,No Mitigation Needed,No Mitigation Needed,Mitigation Measures Required,No Mitigation Needed,Prohibited Factors,"Cessation, Increased Reporting",synergy integration synergy optimization solutions analysis research deployment integration.,Threat Briefs,optimization innovation research innovation research optimization innovation strategy synergy innovation innovation deployment.,59522139,OPP-207696,Automated bi-directional pricing structure Project,CZ5TQAGRDPFT,Tyrell Corp,Mitigation Annual Review,INSCOM,CDMRP,Draft,5/27/2021 17:19,qmOpNQoroXuGDJmbluIDHeUDewaZLCFpzCbRlUEMQWiBvEOKOgawyiSbRUgbogSg hUVUmUqdEsVOaHHUHzFQzptMKpibqWpEYm TncvVrXZbbUjtjNbsbZDvHM GDrdVJhJCT,Not Needed,FAR-based Contract,In Negotiation,,8/14/2022 5:17,2/13/2025 1:27,,proposal_59522139.pdf,,review_59522139.docx
2025,SSA-research,1532-1355-6668-6924,Patricia,Michael,Williams,PI,4K0AW4066EK0,Virtucon,Mitigation Measures Required,No Mitigation Needed,No Mitigation Needed,No Mitigation Needed,Mitigation Measures Required,Threat Briefs,innovation solutions solutions optimization innovation innovation.,,,379080,OPP-821936,Compatible demand-driven workforce Project,95C7CBF2RFOV,Acme Corp,Mitigation Annual Review,ACC,CDMRP,Completed,4/20/2024 8:56,WeuwxrxcLBz clguyUnwaOmDpFUlMeDqRaZBNBtfMFHQ,Not Needed,Other Transaction Authority,In Negotiation,,8/8/2020 14:13,2/15/2023 12:41,,proposal_00379080.pdf,,review_00379080.docx
2025,SSA-research,6666-2150-1318-9273,Michael,,Williams,Co-PI,95C7CBF2RFOV,Acme Corp,No Mitigation Needed,Prohibited Factors,No Mitigation Needed,Mitigation Measures Required,Prohibited Factors,Threat Briefs,integration development optimization analysis integration optimization solutions synergy development research strategy integration strategy research.,,,379080,OPP-821936,Compatible demand-driven workforce Project,95C7CBF2RFOV,Acme Corp,Mitigation Annual Review,ACC,CDMRP,Completed,4/20/2024 8:56,WeuwxrxcLBz clguyUnwaOmDpFUlMeDqRaZBNBtfMFHQ,Not Needed,Other Transaction Authority,In Negotiation,,8/8/2020 14:13,2/15/2023 12:41,,proposal_00379080.pdf,,review_00379080.docx
2024,SSA-development,3111-4164-8839-9729,Jane,David,Smith,Consultant,CZ5TQAGRDPFT,Tyrell Corp,Prohibited Factors,Prohibited Factors,Prohibited Factors,No Mitigation Needed,Mitigation Measures Required,,strategy analysis strategy integration integration synergy research analysis solutions solutions research.,Threat Briefs,strategy research solutions analysis research deployment deployment development solutions integration research strategy integration.,38466658,OPP-202026,Advanced cohesive hardware Project,VWDUSH65P3UT,Wayne Enterprises,Initial,DTRA,DSO,Completed,8/24/2020 4:28,ZZaVBkTDDNEWUFCwFGDLDjtQxyyiooFIlOBUclmWJHotnelFFJIUMmWorDZIoBZeQkpJkEjPqxQZBxSkqXMjofwCak olN,Complete,FAR-based Contract,Declined,,,,,proposal_38466658.pdf,,
2024,SSA-development,1320-9747-9272-5744,Michael,,Wilson,Collaborator,S16GSAX4CIDY,Globex Inc,Prohibited Factors,No Mitigation Needed,Prohibited Factors,Prohibited Factors,Mitigation Measures Required,"Cessation, Increased Reporting",synergy development research research optimization solutions development.,Threat Briefs,strategy research solutions analysis research deployment deployment development solutions integration research strategy integration.,38466658,OPP-202026,Advanced cohesive hardware Project,VWDUSH65P3UT,Wayne Enterprises,Initial,DTRA,DSO,Completed,8/24/2020 4:28,ZZaVBkTDDNEWUFCwFGDLDjtQxyyiooFIlOBUclmWJHotnelFFJIUMmWorDZIoBZeQkpJkEjPqxQZBxSkqXMjofwCak olN,Complete,FAR-based Contract,Declined,,,,,proposal_38466658.pdf,person_Wilson.pdf,
2025,SSA-analysis,8603-5590-1153-5798,David,,Wilson,Co-PI,CZ5TQAGRDPFT,Tyrell Corp,Mitigation Measures Required,Mitigation Measures Required,Prohibited Factors,Mitigation Measures Required,Prohibited Factors,Threat Briefs,solutions research analysis development integration strategy synergy innovation.,"Cessation, Increased Reporting",strategy innovation innovation optimization strategy research optimization innovation solutions integration.,25700971,OPP-910892,Automated bi-directional pricing structure Project,EB3Q82NDH2ZA,MomCorp,Mitigation Annual Review,USA,TTO,Draft,2/2/2025 5:22,iloSvZyvznEgxYyWKjreLyQERfSlPvKICHArqOePrZN soWxBEKBKOwVtuddvScobQHkMwPcvDsBYJdCaQvKYaZKfGgggOTfRQOqISnnlahnLLkheffaoogVPgsmzbszJkOqERsEakpudzVqxLhfYNagG,Pending,CRADA,Declined,,5/5/2023 15:50,7/1/2023 19:08,1/5/2020 8:03,proposal_25700971.pdf,,review_25700971.docx
2025,SSA-innovation,7368-9539-7504-1401,John,,Davis,Co-PI,1317BRU1K5HM,Blue Sun Corp,Prohibited Factors,Mitigation Measures Required,Mitigation Measures Required,Mitigation Measures Required,Prohibited Factors,Threat Briefs,,Threat Briefs,,70328073,OPP-291564,Advanced cohesive hardware Project,2GM2D03Z4F45,Omni Consumer Products,Initial,NGA,MSO,In Progress,1/20/2023 7:42,abLunxICZTjRfywBarmcAG ADqdLpbrHNAIEkBuPmVhmaoOXjjqiIpHvGyQRNcUzktKUdGshdwQheriSMoOxnuwHEMIviIEHDKyAwHRAbeSweGTCVAJGzTZfs ziatvjqzbjRqQcOdeFxwrkS RkOOg KRlPoOZM dWOfQFJA,Pending,Grant,Declined,,,,1/19/2021 11:13,proposal_70328073.pdf,person_Davis.pdf,
2025,SSA-innovation,1250-3427-8548-5434,Jane,,Miller,Collaborator,2GM2D03Z4F45,Omni Consumer Products,Mitigation Measures Required,Mitigation Measures Required,Mitigation Measures Required,No Mitigation Needed,No Mitigation Needed,,innovation optimization deployment development analysis research synergy.,Threat Briefs,,70328073,OPP-291564,Advanced cohesive hardware Project,2GM2D03Z4F45,Omni Consumer Products,Initial,NGA,MSO,In Progress,1/20/2023 7:42,abLunxICZTjRfywBarmcAG ADqdLpbrHNAIEkBuPmVhmaoOXjjqiIpHvGyQRNcUzktKUdGshdwQheriSMoOxnuwHEMIviIEHDKyAwHRAbeSweGTCVAJGzTZfs ziatvjqzbjRqQcOdeFxwrkS RkOOg KRlPoOZM dWOfQFJA,Pending,Grant,Declined,,,,1/19/2021 11:13,proposal_70328073.pdf,,
2025,SSA-innovation,6011-3541-8756-9276,John,,Anderson,Student,95C7CBF2RFOV,Acme Corp,No Mitigation Needed,Mitigation Measures Required,Prohibited Factors,No Mitigation Needed,Mitigation Measures Required,Threat Briefs,optimization deployment integration deployment integration.,Threat Briefs,,70328073,OPP-291564,Advanced cohesive hardware Project,2GM2D03Z4F45,Omni Consumer Products,Initial,NGA,MSO,In Progress,1/20/2023 7:42,abLunxICZTjRfywBarmcAG ADqdLpbrHNAIEkBuPmVhmaoOXjjqiIpHvGyQRNcUzktKUdGshdwQheriSMoOxnuwHEMIviIEHDKyAwHRAbeSweGTCVAJGzTZfs ziatvjqzbjRqQcOdeFxwrkS RkOOg KRlPoOZM dWOfQFJA,Pending,Grant,Declined,,,,1/19/2021 11:13,proposal_70328073.pdf,,
2023,SSA-solutions,5260-7018-8099-8748,Susan,,Smith,PI,S16GSAX4CIDY,Globex Inc,Prohibited Factors,No Mitigation Needed,Prohibited Factors,Prohibited Factors,No Mitigation Needed,Threat Briefs,innovation development strategy integration strategy development analysis research strategy development development strategy strategy.,,,50778435,OPP-923230,Cloned scalable matrix Project,4K0AW4066EK0,Virtucon,Mitigation Annual Review,DHA,I2O,Draft,8/17/2022 13:48,,Complete,FAR-based Contract,Awarded,FAIN7739602,,4/14/2023 14:19,1/24/2025 12:21,proposal_50778435.pdf,,
2023,SSA-solutions,4778-4606-2927-3769,Robert,,Wilson,Collaborator,2GM2D03Z4F45,Omni Consumer Products,No Mitigation Needed,Prohibited Factors,Mitigation Measures Required,Mitigation Measures Required,Prohibited Factors,Threat Briefs,solutions synergy development optimization solutions research development strategy integration integration integration synergy development.,,,50778435,OPP-923230,Cloned scalable matrix Project,4K0AW4066EK0,Virtucon,Mitigation Annual Review,DHA,I2O,Draft,8/17/2022 13:48,,Complete,FAR-based Contract,Awarded,FAIN7739602,,4/14/2023 14:19,1/24/2025 12:21,proposal_50778435.pdf,person_Wilson.pdf,
2023,SSA-solutions,9029-9262-4368-5599,Patricia,,Brown,Co-PI,CZ5TQAGRDPFT,Tyrell Corp,No Mitigation Needed,Mitigation Measures Required,Mitigation Measures Required,Mitigation Measures Required,Mitigation Measures Required,"Cessation, Increased Reporting",,,,50778435,OPP-923230,Cloned scalable matrix Project,4K0AW4066EK0,Virtucon,Mitigation Annual Review,DHA,I2O,Draft,8/17/2022 13:48,,Complete,FAR-based Contract,Awarded,FAIN7739602,,4/14/2023 14:19,1/24/2025 12:21,proposal_50778435.pdf,,
2023,SSA-solutions,2018-4402-9157-7426,Mary,,Smith,Consultant,95C7CBF2RFOV,Acme Corp,Prohibited Factors,Prohibited Factors,Prohibited Factors,Prohibited Factors,Prohibited Factors,Threat Briefs,optimization deployment deployment research research integration analysis research optimization development innovation innovation.,,,50778435,OPP-923230,Cloned scalable matrix Project,4K0AW4066EK0,Virtucon,Mitigation Annual Review,DHA,I2O,Draft,8/17/2022 13:48,,Complete,FAR-based Contract,Awarded,FAIN7739602,,4/14/2023 14:19,1/24/2025 12:21,proposal_50778435.pdf,,
2023,SSA-synergy,7077-4353-8590-5084,Linda,,Jones,Collaborator,4K0AW4066EK0,Virtucon,Prohibited Factors,Mitigation Measures Required,No Mitigation Needed,Mitigation Measures Required,Prohibited Factors,,,,,41270932,OPP-918605,Advanced cohesive hardware Project,2GM2D03Z4F45,Omni Consumer Products,Mitigation Annual Review,USA,DSO,Canceled,8/24/2020 20:49,rOXHLsLpGGlOZaLgKRivGgIar sYQDSVu,Complete,CRADA,Pending,,8/26/2023 23:12,9/18/2022 14:06,2/27/2022 17:00,proposal_41270932.pdf,person_Jones.pdf,
2023,SSA-synergy,6969-3078-2618-4315,Susan,,Moore,Consultant,1317BRU1K5HM,Blue Sun Corp,Prohibited Factors,Prohibited Factors,Prohibited Factors,No Mitigation Needed,Prohibited Factors,"Cessation, Increased Reporting",innovation analysis research strategy optimization solutions solutions.,,,41270932,OPP-918605,Advanced cohesive hardware Project,2GM2D03Z4F45,Omni Consumer Products,Mitigation Annual Review,USA,DSO,Canceled,8/24/2020 20:49,rOXHLsLpGGlOZaLgKRivGgIar sYQDSVu,Complete,CRADA,Pending,,8/26/2023 23:12,9/18/2022 14:06,2/27/2022 17:00,proposal_41270932.pdf,,
2023,SSA-synergy,9892-2316-2928-4644,John,,Wilson,Student,9TIPXPAFVI54,Tyrell Corp,No Mitigation Needed,No Mitigation Needed,Prohibited Factors,No Mitigation Needed,No Mitigation Needed,Threat Briefs,,,,41270932,OPP-918605,Advanced cohesive hardware Project,2GM2D03Z4F45,Omni Consumer Products,Mitigation Annual Review,USA,DSO,Canceled,8/24/2020 20:49,rOXHLsLpGGlOZaLgKRivGgIar sYQDSVu,Complete,CRADA,Pending,,8/26/2023 23:12,9/18/2022 14:06,2/27/2022 17:00,proposal_41270932.pdf,person_Wilson.pdf,
2023,SSA-synergy,6090-8727-9692-9539,Robert,,Davis,PI,4K0AW4066EK0,Virtucon,Prohibited Factors,Mitigation Measures Required,Prohibited Factors,Mitigation Measures Required,Prohibited Factors,"Cessation, Increased Reporting",analysis research deployment development synergy research development solutions strategy solutions optimization innovation analysis research research.,,,41270932,OPP-918605,Advanced cohesive hardware Project,2GM2D03Z4F45,Omni Consumer Products,Mitigation Annual Review,USA,DSO,Canceled,8/24/2020 20:49,rOXHLsLpGGlOZaLgKRivGgIar sYQDSVu,Complete,CRADA,Pending,,8/26/2023 23:12,9/18/2022 14:06,2/27/2022 17:00,proposal_41270932.pdf,,
2024,SSA-integration,3676-7476-9924-9756,Peter,,Jones,Consultant,P0BJREZAN0YF,Stark Industries,Prohibited Factors,Prohibited Factors,Mitigation Measures Required,No Mitigation Needed,Mitigation Measures Required,,strategy synergy integration optimization development analysis development research synergy development deployment strategy deployment.,"Cessation, Increased Reporting",research innovation synergy innovation innovation research solutions deployment development integration innovation solutions integration.,61287363,OPP-609809,Business-focused client-driven initiative Project,S16GSAX4CIDY,Globex Inc,Initial,ACC,MSO,Draft,1/26/2024 18:15,,Complete,Other,Awarded,FAIN8091546,10/13/2023 13:33,,1/11/2022 7:12,proposal_61287363.pdf,person_Jones.pdf,
2024,SSA-integration,2718-8439-2632-4495,Robert,,Jones,Collaborator,EB3Q82NDH2ZA,MomCorp,No Mitigation Needed,Mitigation Measures Required,No Mitigation Needed,No Mitigation Needed,Prohibited Factors,Threat Briefs,,"Cessation, Increased Reporting",research innovation synergy innovation innovation research solutions deployment development integration innovation solutions integration.,61287363,OPP-609809,Business-focused client-driven initiative Project,S16GSAX4CIDY,Globex Inc,Initial,ACC,MSO,Draft,1/26/2024 18:15,,Complete,Other,Awarded,FAIN8091546,10/13/2023 13:33,,1/11/2022 7:12,proposal_61287363.pdf,person_Jones.pdf,
2024,SSA-integration,3259-2258-9144-5642,Linda,,Wilson,Student,S16GSAX4CIDY,Globex Inc,Prohibited Factors,Mitigation Measures Required,Mitigation Measures Required,Mitigation Measures Required,Prohibited Factors,Threat Briefs,,"Cessation, Increased Reporting",research innovation synergy innovation innovation research solutions deployment development integration innovation solutions integration.,61287363,OPP-609809,Business-focused client-driven initiative Project,S16GSAX4CIDY,Globex Inc,Initial,ACC,MSO,Draft,1/26/2024 18:15,,Complete,Other,Awarded,FAIN8091546,10/13/2023 13:33,,1/11/2022 7:12,proposal_61287363.pdf,,
2024,SSA-integration,7902-9517-3520-2799,Linda,David,Smith,Student,S16GSAX4CIDY,Globex Inc,Prohibited Factors,No Mitigation Needed,Prohibited Factors,Mitigation Measures Required,Mitigation Measures Required,,analysis analysis deployment research solutions strategy innovation optimization strategy.,"Cessation, Increased Reporting",research innovation synergy innovation innovation research solutions deployment development integration innovation solutions integration.,61287363,OPP-609809,Business-focused client-driven initiative Project,S16GSAX4CIDY,Globex Inc,Initial,ACC,MSO,Draft,1/26/2024 18:15,,Complete,Other,Awarded,FAIN8091546,10/13/2023 13:33,,1/11/2022 7:12,proposal_61287363.pdf,person_Smith.pdf,
2024,SSA-integration,6089-1576-5011-7603,Michael,Robert,Miller,PI,8JK40Q30BVHV,Cyberdyne Systems,Mitigation Measures Required,Prohibited Factors,Prohibited Factors,Mitigation Measures Required,No Mitigation Needed,Threat Briefs,,"Cessation, Increased Reporting",research innovation synergy innovation innovation research solutions deployment development integration innovation solutions integration.,61287363,OPP-609809,Business-focused client-driven initiative Project,S16GSAX4CIDY,Globex Inc,Initial,ACC,MSO,Draft,1/26/2024 18:15,,Complete,Other,Awarded,FAIN8091546,10/13/2023 13:33,,1/11/2022 7:12,proposal_61287363.pdf,person_Miller.pdf,
2023,SSA-innovation,8844-7848-6085-7597,Michael,,Smith,Co-PI,4K0AW4066EK0,Virtucon,Prohibited Factors,Mitigation Measures Required,Mitigation Measures Required,Prohibited Factors,Mitigation Measures Required,Threat Briefs,deployment innovation synergy synergy integration development deployment development deployment synergy deployment.,,,11990801,OPP-392419,Adaptive modular solution Project,8JK40Q30BVHV,Cyberdyne Systems,Initial,DTRA,DSO,Completed,3/10/2023 10:59,,Pending,Other,Declined,,,,8/3/2021 15:39,proposal_11990801.pdf,,review_11990801.docx
2023,SSA-innovation,4162-7428-4491-5919,Peter,,Brown,Collaborator,8JK40Q30BVHV,Cyberdyne Systems,Mitigation Measures Required,Prohibited Factors,Mitigation Measures Required,Mitigation Measures Required,Prohibited Factors,"Cessation, Increased Reporting",,,,11990801,OPP-392419,Adaptive modular solution Project,8JK40Q30BVHV,Cyberdyne Systems,Initial,DTRA,DSO,Completed,3/10/2023 10:59,,Pending,Other,Declined,,,,8/3/2021 15:39,proposal_11990801.pdf,person_Brown.pdf,review_11990801.docx
2023,SSA-innovation,7077-4353-8590-5084,Linda,John,Jones,Student,4K0AW4066EK0,Virtucon,No Mitigation Needed,Mitigation Measures Required,Mitigation Measures Required,Prohibited Factors,No Mitigation Needed,,,,,11990801,OPP-392419,Adaptive modular solution Project,8JK40Q30BVHV,Cyberdyne Systems,Initial,DTRA,DSO,Completed,3/10/2023 10:59,,Pending,Other,Declined,,,,8/3/2021 15:39,proposal_11990801.pdf,,review_11990801.docx
2025,SSA-optimization,4119-2857-8173-6600,Mary,,Miller,PI,8JK40Q30BVHV,Cyberdyne Systems,Prohibited Factors,No Mitigation Needed,Prohibited Factors,Mitigation Measures Required,No Mitigation Needed,,research synergy optimization research innovation analysis strategy optimization strategy innovation integration solutions.,Threat Briefs,development analysis solutions analysis analysis solutions solutions research research optimization synergy development strategy.,40241882,OPP-849629,Adaptive modular solution Project,EB3Q82NDH2ZA,MomCorp,Initial,INSCOM,TTO,Completed,12/22/2024 3:26,,Not Needed,FAR-based Contract,Awarded,FAIN3866571,5/9/2020 1:50,,10/11/2020 22:12,proposal_40241882.pdf,person_Miller.pdf,review_40241882.docx
2025,SSA-optimization,8936-7468-4916-2583,David,,Anderson,PI,EB3Q82NDH2ZA,MomCorp,Mitigation Measures Required,No Mitigation Needed,No Mitigation Needed,Prohibited Factors,Prohibited Factors,Threat Briefs,,Threat Briefs,development analysis solutions analysis analysis solutions solutions research research optimization synergy development strategy.,40241882,OPP-849629,Adaptive modular solution Project,EB3Q82NDH2ZA,MomCorp,Initial,INSCOM,TTO,Completed,12/22/2024 3:26,,Not Needed,FAR-based Contract,Awarded,FAIN3866571,5/9/2020 1:50,,10/11/2020 22:12,proposal_40241882.pdf,,review_40241882.docx
2025,SSA-optimization,2481-7728-4240-5225,Mary,Susan,Brown,Collaborator,EB3Q82NDH2ZA,MomCorp,Prohibited Factors,No Mitigation Needed,Prohibited Factors,Prohibited Factors,Mitigation Measures Required,"Cessation, Increased Reporting",,Threat Briefs,development analysis solutions analysis analysis solutions solutions research research optimization synergy development strategy.,40241882,OPP-849629,Adaptive modular solution Project,EB3Q82NDH2ZA,MomCorp,Initial,INSCOM,TTO,Completed,12/22/2024 3:26,,Not Needed,FAR-based Contract,Awarded,FAIN3866571,5/9/2020 1:50,,10/11/2020 22:12,proposal_40241882.pdf,,review_40241882.docx
2025,SSA-optimization,6090-8727-9692-9539,Robert,,Davis,Consultant,P0BJREZAN0YF,Stark Industries,Prohibited Factors,Mitigation Measures Required,No Mitigation Needed,No Mitigation Needed,Mitigation Measures Required,,research innovation strategy analysis analysis optimization innovation deployment optimization.,Threat Briefs,development analysis solutions analysis analysis solutions solutions research research optimization synergy development strategy.,40241882,OPP-849629,Adaptive modular solution Project,EB3Q82NDH2ZA,MomCorp,Initial,INSCOM,TTO,Completed,12/22/2024 3:26,,Not Needed,FAR-based Contract,Awarded,FAIN3866571,5/9/2020 1:50,,10/11/2020 22:12,proposal_40241882.pdf,person_Davis.pdf,review_40241882.docx
2024,SSA-solutions,3676-7476-9924-9756,Peter,Susan,Jones,Consultant,S16GSAX4CIDY,Globex Inc,Prohibited Factors,Mitigation Measures Required,Mitigation Measures Required,Mitigation Measures Required,Mitigation Measures Required,"Cessation, Increased Reporting",innovation integration analysis strategy development solutions optimization research development synergy.,Threat Briefs,,86510594,OPP-567208,Cloned scalable matrix Project,1317BRU1K5HM,Blue Sun Corp,Mitigation Annual Review,NGA,DSO,In Progress,11/12/2023 7:56,,Complete,Other Transaction Authority,In Negotiation,,,,10/18/2020 1:10,proposal_86510594.pdf,person_Jones.pdf,review_86510594.docx
2024,SSA-solutions,5260-7018-8099-8748,Susan,,Smith,Student,P0BJREZAN0YF,Stark Industries,Mitigation Measures Required,Prohibited Factors,Prohibited Factors,No Mitigation Needed,No Mitigation Needed,Threat Briefs,solutions innovation analysis analysis solutions development synergy analysis optimization research integration integration synergy solutions research.,Threat Briefs,,86510594,OPP-567208,Cloned scalable matrix Project,1317BRU1K5HM,Blue Sun Corp,Mitigation Annual Review,NGA,DSO,In Progress,11/12/2023 7:56,,Complete,Other Transaction Authority,In Negotiation,,,,10/18/2020 1:10,proposal_86510594.pdf,,review_86510594.docx
2025,SSA-solutions,1385-8950-3310-4586,David,,Moore,Co-PI,R5OBMWO143GZ,Wayne Enterprises,Prohibited Factors,Prohibited Factors,Mitigation Measures Required,Prohibited Factors,Prohibited Factors,,solutions analysis research integration solutions optimization deployment strategy solutions solutions synergy solutions solutions innovation optimization.,Threat Briefs,,60060938,OPP-218802,Assimilated tangible parallelism Project,4K0AW4066EK0,Virtucon,Initial,DARPA,DSO,Completed,11/27/2024 9:28,,Pending,Grant,Pending,,6/5/2023 8:16,7/28/2021 4:40,,proposal_60060938.pdf,,
2025,SSA-solutions,8053-6398-6844-8437,David,,Davis,Student,CZ5TQAGRDPFT,Tyrell Corp,Prohibited Factors,Prohibited Factors,Prohibited Factors,No Mitigation Needed,No Mitigation Needed,"Cessation, Increased Reporting",optimization synergy research synergy analysis.,Threat Briefs,,60060938,OPP-218802,Assimilated tangible parallelism Project,4K0AW4066EK0,Virtucon,Initial,DARPA,DSO,Completed,11/27/2024 9:28,,Pending,Grant,Pending,,6/5/2023 8:16,7/28/2021 4:40,,proposal_60060938.pdf,,
2023,SSA-synergy,6637-3966-2365-1403,John,,Jones,Consultant,2GM2D03Z4F45,Omni Consumer Products,Prohibited Factors,No Mitigation Needed,Mitigation Measures Required,No Mitigation Needed,No Mitigation Needed,,research development optimization innovation deployment innovation analysis research solutions solutions innovation development deployment integration.,,,48702446,OPP-314799,Automated bi-directional pricing structure Project,CZ5TQAGRDPFT,Tyrell Corp,Initial,DTRA,DSO,Canceled,6/11/2023 3:58,,Pending,Grant,Pending,,8/27/2025 10:12,5/20/2022 18:56,6/3/2021 15:56,proposal_48702446.pdf,person_Jones.pdf,review_48702446.docx
2023,SSA-synergy,6666-2150-1318-9273,Michael,,Williams,Consultant,8JK40Q30BVHV,Cyberdyne Systems,Prohibited Factors,Prohibited Factors,No Mitigation Needed,Prohibited Factors,Mitigation Measures Required,"Cessation, Increased Reporting",deployment synergy optimization analysis development solutions integration strategy synergy.,,,48702446,OPP-314799,Automated bi-directional pricing structure Project,CZ5TQAGRDPFT,Tyrell Corp,Initial,DTRA,DSO,Canceled,6/11/2023 3:58,,Pending,Grant,Pending,,8/27/2025 10:12,5/20/2022 18:56,6/3/2021 15:56,proposal_48702446.pdf,,review_48702446.docx
2023,SSA-synergy,9818-6881-1670-7498,Linda,Susan,Davis,Consultant,CZ5TQAGRDPFT,Tyrell Corp,Prohibited Factors,No Mitigation Needed,Prohibited Factors,No Mitigation Needed,Prohibited Factors,Threat Briefs,solutions deployment deployment strategy development innovation solutions optimization analysis analysis integration integration research development research.,,,48702446,OPP-314799,Automated bi-directional pricing structure Project,CZ5TQAGRDPFT,Tyrell Corp,Initial,DTRA,DSO,Canceled,6/11/2023 3:58,,Pending,Grant,Pending,,8/27/2025 10:12,5/20/2022 18:56,6/3/2021 15:56,proposal_48702446.pdf,person_Davis.pdf,review_48702446.docx
2023,SSA-synergy,3721-3731-4798-8779,Susan,Patricia,Jones,PI,2GM2D03Z4F45,Omni Consumer Products,Mitigation Measures Required,Mitigation Measures Required,No Mitigation Needed,No Mitigation Needed,Mitigation Measures Required,,analysis development optimization strategy analysis research.,,,48702446,OPP-314799,Automated bi-directional pricing structure Project,CZ5TQAGRDPFT,Tyrell Corp,Initial,DTRA,DSO,Canceled,6/11/2023 3:58,,Pending,Grant,Pending,,8/27/2025 10:12,5/20/2022 18:56,6/3/2021 15:56,proposal_48702446.pdf,person_Jones.pdf,review_48702446.docx
2024,SSA-deployment,5291-6736-7201-8576,Linda,Mary,Moore,Student,CELBVE1BPY1T,Wayne Enterprises,Mitigation Measures Required,Mitigation Measures Required,No Mitigation Needed,No Mitigation Needed,No Mitigation Needed,Threat Briefs,analysis synergy deployment deployment research research deployment development optimization integration integration integration.,"Cessation, Increased Reporting",development optimization integration deployment development innovation strategy synergy strategy research research integration.,64795747,OPP-385378,Cross-platform multimedia project Project,2GM2D03Z4F45,Omni Consumer Products,Mitigation Annual Review,NGA,TTO,Canceled,2/16/2021 12:17,,Not Needed,Grant,Declined,,7/25/2024 2:04,5/16/2024 17:15,,proposal_64795747.pdf,person_Moore.pdf,review_64795747.docx
2024,SSA-deployment,4119-2857-8173-6600,Mary,,Miller,Co-PI,P0BJREZAN0YF,Stark Industries,No Mitigation Needed,No Mitigation Needed,No Mitigation Needed,No Mitigation Needed,Mitigation Measures Required,,optimization strategy optimization research strategy integration innovation research innovation strategy research solutions integration strategy.,"Cessation, Increased Reporting",development optimization integration deployment development innovation strategy synergy strategy research research integration.,64795747,OPP-385378,Cross-platform multimedia project Project,2GM2D03Z4F45,Omni Consumer Products,Mitigation Annual Review,NGA,TTO,Canceled,2/16/2021 12:17,,Not Needed,Grant,Declined,,7/25/2024 2:04,5/16/2024 17:15,,proposal_64795747.pdf,,review_64795747.docx
2024,SSA-deployment,6637-3966-2365-1403,John,Jane,Jones,Co-PI,CZ5TQAGRDPFT,Tyrell Corp,Mitigation Measures Required,Mitigation Measures Required,No Mitigation Needed,Mitigation Measures Required,Mitigation Measures Required,Threat Briefs,research analysis solutions research research analysis.,"Cessation, Increased Reporting",development optimization integration deployment development innovation strategy synergy strategy research research integration.,64795747,OPP-385378,Cross-platform multimedia project Project,2GM2D03Z4F45,Omni Consumer Products,Mitigation Annual Review,NGA,TTO,Canceled,2/16/2021 12:17,,Not Needed,Grant,Declined,,7/25/2024 2:04,5/16/2024 17:15,,proposal_64795747.pdf,person_Jones.pdf,review_64795747.docx
2025,SSA-deployment,2104-2178-8021-8947,David,,Taylor,PI,S16GSAX4CIDY,Globex Inc,Prohibited Factors,Prohibited Factors,No Mitigation Needed,Prohibited Factors,No Mitigation Needed,,development research synergy synergy research solutions innovation innovation.,"Cessation, Increased Reporting",,8896565,OPP-207431,Adaptive modular solution Project,8JK40Q30BVHV,Cyberdyne Systems,Mitigation Annual Review,DHA,DSO,Canceled,12/15/2025 3:23,GTwZaalOIPYlPIFZhGrfgRnYYdSmXFGnZPEM hyhikrTWbbsrqxWmTIMTCNGwBlAZomKvIqUsupeWcvzEYPazjuqrCSSqwLFhT HVnsvtHLebeENuDiKhRavCzHqviWLyHCItbHVQTfJaLqUPOMBUIQjdKniBJx xCnnuqbeSPjVgePcKsCt,Complete,Other,Declined,,,6/5/2022 1:09,11/8/2025 23:32,proposal_08896565.pdf,,
2025,SSA-deployment,2704-5496-8890-3368,Jane,,Brown,Co-PI,4K0AW4066EK0,Virtucon,Mitigation Measures Required,Mitigation Measures Required,Mitigation Measures Required,Mitigation Measures Required,Prohibited Factors,Threat Briefs,research solutions development innovation synergy deployment optimization integration.,"Cessation, Increased Reporting",,8896565,OPP-207431,Adaptive modular solution Project,8JK40Q30BVHV,Cyberdyne Systems,Mitigation Annual Review,DHA,DSO,Canceled,12/15/2025 3:23,GTwZaalOIPYlPIFZhGrfgRnYYdSmXFGnZPEM hyhikrTWbbsrqxWmTIMTCNGwBlAZomKvIqUsupeWcvzEYPazjuqrCSSqwLFhT HVnsvtHLebeENuDiKhRavCzHqviWLyHCItbHVQTfJaLqUPOMBUIQjdKniBJx xCnnuqbeSPjVgePcKsCt,Complete,Other,Declined,,,6/5/2022 1:09,11/8/2025 23:32,proposal_08896565.pdf,,
2025,SSA-deployment,6426-6062-5484-2188,Jane,Linda,Wilson,Student,S16GSAX4CIDY,Globex Inc,Mitigation Measures Required,Mitigation Measures Required,Mitigation Measures Required,Prohibited Factors,Mitigation Measures Required,Threat Briefs,innovation research optimization research innovation deployment research deployment strategy strategy.,"Cessation, Increased Reporting",,8896565,OPP-207431,Adaptive modular solution Project,8JK40Q30BVHV,Cyberdyne Systems,Mitigation Annual Review,DHA,DSO,Canceled,12/15/2025 3:23,GTwZaalOIPYlPIFZhGrfgRnYYdSmXFGnZPEM hyhikrTWbbsrqxWmTIMTCNGwBlAZomKvIqUsupeWcvzEYPazjuqrCSSqwLFhT HVnsvtHLebeENuDiKhRavCzHqviWLyHCItbHVQTfJaLqUPOMBUIQjdKniBJx xCnnuqbeSPjVgePcKsCt,Complete,Other,Declined,,,6/5/2022 1:09,11/8/2025 23:32,proposal_08896565.pdf,,
2025,SSA-deployment,9058-1198-1274-2868,David,Mary,Brown,Co-PI,P0BJREZAN0YF,Stark Industries,Prohibited Factors,Prohibited Factors,Prohibited Factors,Prohibited Factors,No Mitigation Needed,Threat Briefs,,"Cessation, Increased Reporting",,8896565,OPP-207431,Adaptive modular solution Project,8JK40Q30BVHV,Cyberdyne Systems,Mitigation Annual Review,DHA,DSO,Canceled,12/15/2025 3:23,GTwZaalOIPYlPIFZhGrfgRnYYdSmXFGnZPEM hyhikrTWbbsrqxWmTIMTCNGwBlAZomKvIqUsupeWcvzEYPazjuqrCSSqwLFhT HVnsvtHLebeENuDiKhRavCzHqviWLyHCItbHVQTfJaLqUPOMBUIQjdKniBJx xCnnuqbeSPjVgePcKsCt,Complete,Other,Declined,,,6/5/2022 1:09,11/8/2025 23:32,proposal_08896565.pdf,person_Brown.pdf,
2025,SSA-deployment,7077-4353-8590-5084,Linda,,Jones,Student,VWDUSH65P3UT,Wayne Enterprises,Prohibited Factors,Prohibited Factors,Prohibited Factors,Mitigation Measures Required,Mitigation Measures Required,,innovation integration innovation solutions analysis solutions integration optimization integration solutions research innovation deployment research solutions.,"Cessation, Increased Reporting",,8896565,OPP-207431,Adaptive modular solution Project,8JK40Q30BVHV,Cyberdyne Systems,Mitigation Annual Review,DHA,DSO,Canceled,12/15/2025 3:23,GTwZaalOIPYlPIFZhGrfgRnYYdSmXFGnZPEM hyhikrTWbbsrqxWmTIMTCNGwBlAZomKvIqUsupeWcvzEYPazjuqrCSSqwLFhT HVnsvtHLebeENuDiKhRavCzHqviWLyHCItbHVQTfJaLqUPOMBUIQjdKniBJx xCnnuqbeSPjVgePcKsCt,Complete,Other,Declined,,,6/5/2022 1:09,11/8/2025 23:32,proposal_08896565.pdf,person_Jones.pdf,
2023,SSA-synergy,6090-8727-9692-9539,Robert,,Davis,Student,P0BJREZAN0YF,Stark Industries,Mitigation Measures Required,No Mitigation Needed,Prohibited Factors,Prohibited Factors,Prohibited Factors,Threat Briefs,deployment analysis synergy strategy optimization strategy solutions research integration deployment optimization deployment development.,"Cessation, Increased Reporting",innovation deployment integration strategy development.,47945216,OPP-502529,Business-focused client-driven initiative Project,95C7CBF2RFOV,Acme Corp,Mitigation Annual Review,DTRA,TTO,Completed,5/25/2023 11:02,PRZFhJqHLjJKGKVgjxNFdpeHtYrVGFVC uMZejTyZQHDPpUefxXIRcMLXDbuHBJhuiUnsahYVnEQkANPwdbKoNHfGZQbMewaJFaqKGoRNpfNkhBiQWFfKDLhKsjIfkvdCxdlOGrtavkMmASlpKeaGVSmGV,Not Needed,CRADA,In Negotiation,,3/5/2020 8:44,,,proposal_47945216.pdf,,review_47945216.docx
2023,SSA-synergy,4341-5122-4935-6753,John,,Williams,Collaborator,WJ7LSZOGF9N8,Blue Sun Corp,No Mitigation Needed,Prohibited Factors,Prohibited Factors,No Mitigation Needed,Prohibited Factors,Threat Briefs,,"Cessation, Increased Reporting",innovation deployment integration strategy development.,47945216,OPP-502529,Business-focused client-driven initiative Project,95C7CBF2RFOV,Acme Corp,Mitigation Annual Review,DTRA,TTO,Completed,5/25/2023 11:02,PRZFhJqHLjJKGKVgjxNFdpeHtYrVGFVC uMZejTyZQHDPpUefxXIRcMLXDbuHBJhuiUnsahYVnEQkANPwdbKoNHfGZQbMewaJFaqKGoRNpfNkhBiQWFfKDLhKsjIfkvdCxdlOGrtavkMmASlpKeaGVSmGV,Not Needed,CRADA,In Negotiation,,3/5/2020 8:44,,,proposal_47945216.pdf,person_Williams.pdf,review_47945216.docx
2023,SSA-synergy,6743-4763-9778-8814,Robert,,Taylor,Consultant,95C7CBF2RFOV,Acme Corp,Mitigation Measures Required,No Mitigation Needed,No Mitigation Needed,No Mitigation Needed,Prohibited Factors,,optimization synergy analysis analysis analysis research innovation development.,"Cessation, Increased Reporting",innovation deployment integration strategy development.,47945216,OPP-502529,Business-focused client-driven initiative Project,95C7CBF2RFOV,Acme Corp,Mitigation Annual Review,DTRA,TTO,Completed,5/25/2023 11:02,PRZFhJqHLjJKGKVgjxNFdpeHtYrVGFVC uMZejTyZQHDPpUefxXIRcMLXDbuHBJhuiUnsahYVnEQkANPwdbKoNHfGZQbMewaJFaqKGoRNpfNkhBiQWFfKDLhKsjIfkvdCxdlOGrtavkMmASlpKeaGVSmGV,Not Needed,CRADA,In Negotiation,,3/5/2020 8:44,,,proposal_47945216.pdf,,review_47945216.docx
2023,SSA-research,1990-7633-2513-1879,Mary,,Williams,Consultant,CZ5TQAGRDPFT,Tyrell Corp,Prohibited Factors,Mitigation Measures Required,Prohibited Factors,Prohibited Factors,No Mitigation Needed,Threat Briefs,research innovation strategy integration deployment strategy optimization strategy integration deployment research integration optimization development.,,,26962835,OPP-724863,Business-focused client-driven initiative Project,4K0AW4066EK0,Virtucon,Mitigation Annual Review,INSCOM,I2O,In Progress,9/15/2025 7:30,,Pending,Other Transaction Authority,Declined,,10/9/2024 12:53,4/26/2024 14:50,7/27/2020 23:46,proposal_26962835.pdf,,
2023,SSA-research,4139-2131-1680-6186,Susan,,Williams,Collaborator,4K0AW4066EK0,Virtucon,Prohibited Factors,Prohibited Factors,Mitigation Measures Required,No Mitigation Needed,Mitigation Measures Required,,,,,26962835,OPP-724863,Business-focused client-driven initiative Project,4K0AW4066EK0,Virtucon,Mitigation Annual Review,INSCOM,I2O,In Progress,9/15/2025 7:30,,Pending,Other Transaction Authority,Declined,,10/9/2024 12:53,4/26/2024 14:50,7/27/2020 23:46,proposal_26962835.pdf,person_Williams.pdf,
2023,SSA-research,2553-1903-5850-9269,Susan,Patricia,Davis,Co-PI,CZ5TQAGRDPFT,Tyrell Corp,Mitigation Measures Required,No Mitigation Needed,No Mitigation Needed,No Mitigation Needed,No Mitigation Needed,Threat Briefs,development solutions analysis analysis solutions integration synergy optimization development optimization solutions strategy development integration.,,,26962835,OPP-724863,Business-focused client-driven initiative Project,4K0AW4066EK0,Virtucon,Mitigation Annual Review,INSCOM,I2O,In Progress,9/15/2025 7:30,,Pending,Other Transaction Authority,Declined,,10/9/2024 12:53,4/26/2024 14:50,7/27/2020 23:46,proposal_26962835.pdf,,
2023,SSA-research,1066-2440-5078-7824,Susan,,Anderson,Co-PI,S16GSAX4CIDY,Globex Inc,Mitigation Measures Required,Prohibited Factors,Mitigation Measures Required,Mitigation Measures Required,No Mitigation Needed,Threat Briefs,,,,26962835,OPP-724863,Business-focused client-driven initiative Project,4K0AW4066EK0,Virtucon,Mitigation Annual Review,INSCOM,I2O,In Progress,9/15/2025 7:30,,Pending,Other Transaction Authority,Declined,,10/9/2024 12:53,4/26/2024 14:50,7/27/2020 23:46,proposal_26962835.pdf,,
2023,SSA-research,8291-2539-5590-1671,Jane,,Moore,Consultant,XDLQC3AUB9UV,Cyberdyne Systems,Mitigation Measures Required,Prohibited Factors,Prohibited Factors,Mitigation Measures Required,No Mitigation Needed,,research synergy strategy deployment solutions strategy optimization analysis strategy development integration.,,,26962835,OPP-724863,Business-focused client-driven initiative Project,4K0AW4066EK0,Virtucon,Mitigation Annual Review,INSCOM,I2O,In Progress,9/15/2025 7:30,,Pending,Other Transaction Authority,Declined,,10/9/2024 12:53,4/26/2024 14:50,7/27/2020 23:46,proposal_26962835.pdf,person_Moore.pdf,
2024,SSA-solutions,1385-8950-3310-4586,David,Peter,Moore,Consultant,CZ5TQAGRDPFT,Tyrell Corp,Prohibited Factors,No Mitigation Needed,No Mitigation Needed,No Mitigation Needed,Prohibited Factors,,optimization solutions development integration deployment solutions synergy solutions.,Threat Briefs,,21257394,OPP-386195,Assimilated tangible parallelism Project,P0BJREZAN0YF,Stark Industries,Initial,INSCOM,CDMRP,In Progress,4/2/2021 15:25,,Not Needed,CRADA,In Negotiation,,,,,proposal_21257394.pdf,person_Moore.pdf,review_21257394.docx
2024,SSA-solutions,6969-3078-2618-4315,Susan,Linda,Moore,Co-PI,1317BRU1K5HM,Blue Sun Corp,Mitigation Measures Required,Prohibited Factors,No Mitigation Needed,No Mitigation Needed,No Mitigation Needed,"Cessation, Increased Reporting",optimization optimization research optimization development innovation.,Threat Briefs,,21257394,OPP-386195,Assimilated tangible parallelism Project,P0BJREZAN0YF,Stark Industries,Initial,INSCOM,CDMRP,In Progress,4/2/2021 15:25,,Not Needed,CRADA,In Negotiation,,,,,proposal_21257394.pdf,,review_21257394.docx
2024,SSA-solutions,7751-3047-7207-7844,John,,Brown,Consultant,1317BRU1K5HM,Blue Sun Corp,Mitigation Measures Required,No Mitigation Needed,Prohibited Factors,Prohibited Factors,Mitigation Measures Required,"Cessation, Increased Reporting",optimization integration research analysis synergy strategy.,Threat Briefs,,21257394,OPP-386195,Assimilated tangible parallelism Project,P0BJREZAN0YF,Stark Industries,Initial,INSCOM,CDMRP,In Progress,4/2/2021 15:25,,Not Needed,CRADA,In Negotiation,,,,,proposal_21257394.pdf,person_Brown.pdf,review_21257394.docx
2024,SSA-solutions,2018-4402-9157-7426,Mary,Jane,Smith,Student,S16GSAX4CIDY,Globex Inc,Mitigation Measures Required,Mitigation Measures Required,No Mitigation Needed,No Mitigation Needed,Prohibited Factors,"Cessation, Increased Reporting",integration integration development optimization synergy strategy research solutions innovation integration.,Threat Briefs,,21257394,OPP-386195,Assimilated tangible parallelism Project,P0BJREZAN0YF,Stark Industries,Initial,INSCOM,CDMRP,In Progress,4/2/2021 15:25,,Not Needed,CRADA,In Negotiation,,,,,proposal_21257394.pdf,person_Smith.pdf,review_21257394.docx
2024,SSA-solutions,4712-9564-9492-1032,Peter,,Moore,PI,1317BRU1K5HM,Blue Sun Corp,Prohibited Factors,Mitigation Measures Required,Prohibited Factors,Mitigation Measures Required,Prohibited Factors,,,Threat Briefs,,21257394,OPP-386195,Assimilated tangible parallelism Project,P0BJREZAN0YF,Stark Industries,Initial,INSCOM,CDMRP,In Progress,4/2/2021 15:25,,Not Needed,CRADA,In Negotiation,,,,,proposal_21257394.pdf,person_Moore.pdf,review_21257394.docx
2025,SSA-solutions,1139-8650-9589-5613,Patricia,,Smith,Co-PI,2GM2D03Z4F45,Omni Consumer Products,No Mitigation Needed,Mitigation Measures Required,Mitigation Measures Required,Mitigation Measures Required,Prohibited Factors,"Cessation, Increased Reporting",,Threat Briefs,,18110412,OPP-436969,Adaptive modular solution Project,95C7CBF2RFOV,Acme Corp,Mitigation Annual Review,NGA,CDMRP,Completed,4/24/2021 18:00,cdIaCyeRjwYNfmiSoJFKyWdgvnIujhYeHgzpQjoj,Pending,FAR-based Contract,In Negotiation,,,,6/11/2023 5:21,proposal_18110412.pdf,,
2025,SSA-solutions,2718-8439-2632-4495,Robert,Jane,Jones,Co-PI,EB3Q82NDH2ZA,MomCorp,Mitigation Measures Required,Prohibited Factors,Mitigation Measures Required,No Mitigation Needed,Mitigation Measures Required,Threat Briefs,optimization optimization solutions strategy solutions solutions research integration integration research integration solutions research deployment.,Threat Briefs,,18110412,OPP-436969,Adaptive modular solution Project,95C7CBF2RFOV,Acme Corp,Mitigation Annual Review,NGA,CDMRP,Completed,4/24/2021 18:00,cdIaCyeRjwYNfmiSoJFKyWdgvnIujhYeHgzpQjoj,Pending,FAR-based Contract,In Negotiation,,,,6/11/2023 5:21,proposal_18110412.pdf,person_Jones.pdf,
2025,SSA-solutions,8746-3273-1269-8861,Susan,,Wilson,PI,95C7CBF2RFOV,Acme Corp,No Mitigation Needed,Prohibited Factors,Prohibited Factors,Prohibited Factors,Prohibited Factors,,innovation synergy research innovation analysis solutions development development strategy strategy deployment strategy optimization.,Threat Briefs,,18110412,OPP-436969,Adaptive modular solution Project,95C7CBF2RFOV,Acme Corp,Mitigation Annual Review,NGA,CDMRP,Completed,4/24/2021 18:00,cdIaCyeRjwYNfmiSoJFKyWdgvnIujhYeHgzpQjoj,Pending,FAR-based Contract,In Negotiation,,,,6/11/2023 5:21,proposal_18110412.pdf,person_Wilson.pdf,
2025,SSA-solutions,2086-8415-7667-4413,Peter,,Anderson,Student,95C7CBF2RFOV,Acme Corp,No Mitigation Needed,Mitigation Measures Required,No Mitigation Needed,Prohibited Factors,No Mitigation Needed,,strategy synergy strategy strategy development.,Threat Briefs,,18110412,OPP-436969,Adaptive modular solution Project,95C7CBF2RFOV,Acme Corp,Mitigation Annual Review,NGA,CDMRP,Completed,4/24/2021 18:00,cdIaCyeRjwYNfmiSoJFKyWdgvnIujhYeHgzpQjoj,Pending,FAR-based Contract,In Negotiation,,,,6/11/2023 5:21,proposal_18110412.pdf,person_Anderson.pdf,
2023,SSA-optimization,1139-8650-9589-5613,Patricia,,Smith,Co-PI,4K0AW4066EK0,Virtucon,Prohibited Factors,No Mitigation Needed,Prohibited Factors,No Mitigation Needed,No Mitigation Needed,"Cessation, Increased Reporting",,Threat Briefs,optimization integration optimization deployment analysis analysis analysis optimization deployment solutions research optimization.,79525091,OPP-580222,Ameliorated didactic strategy Project,EB3Q82NDH2ZA,MomCorp,Initial,NGA,CDMRP,In Progress,12/7/2020 2:30,,Not Needed,FAR-based Contract,Pending,,3/7/2024 0:21,8/1/2024 15:30,,proposal_79525091.pdf,person_Smith.pdf,review_79525091.docx
2023,SSA-optimization,9058-1198-1274-2868,David,John,Brown,PI,CZ5TQAGRDPFT,Tyrell Corp,No Mitigation Needed,Mitigation Measures Required,Mitigation Measures Required,Prohibited Factors,No Mitigation Needed,,,Threat Briefs,optimization integration optimization deployment analysis analysis analysis optimization deployment solutions research optimization.,79525091,OPP-580222,Ameliorated didactic strategy Project,EB3Q82NDH2ZA,MomCorp,Initial,NGA,CDMRP,In Progress,12/7/2020 2:30,,Not Needed,FAR-based Contract,Pending,,3/7/2024 0:21,8/1/2024 15:30,,proposal_79525091.pdf,person_Brown.pdf,review_79525091.docx
2023,SSA-optimization,9029-9262-4368-5599,Patricia,,Brown,Collaborator,S16GSAX4CIDY,Globex Inc,No Mitigation Needed,Mitigation Measures Required,No Mitigation Needed,Prohibited Factors,No Mitigation Needed,Threat Briefs,integration development deployment analysis solutions innovation strategy solutions.,Threat Briefs,optimization integration optimization deployment analysis analysis analysis optimization deployment solutions research optimization.,79525091,OPP-580222,Ameliorated didactic strategy Project,EB3Q82NDH2ZA,MomCorp,Initial,NGA,CDMRP,In Progress,12/7/2020 2:30,,Not Needed,FAR-based Contract,Pending,,3/7/2024 0:21,8/1/2024 15:30,,proposal_79525091.pdf,,review_79525091.docx
2023,SSA-optimization,8603-5590-1153-5798,David,Patricia,Wilson,Collaborator,EB3Q82NDH2ZA,MomCorp,Prohibited Factors,No Mitigation Needed,Prohibited Factors,Prohibited Factors,No Mitigation Needed,,research innovation research integration innovation development synergy innovation research.,Threat Briefs,optimization integration optimization deployment analysis analysis analysis optimization deployment solutions research optimization.,79525091,OPP-580222,Ameliorated didactic strategy Project,EB3Q82NDH2ZA,MomCorp,Initial,NGA,CDMRP,In Progress,12/7/2020 2:30,,Not Needed,FAR-based Contract,Pending,,3/7/2024 0:21,8/1/2024 15:30,,proposal_79525091.pdf,,review_79525091.docx
2024,SSA-development,1532-1355-6668-6924,Patricia,Michael,Williams,Collaborator,CZ5TQAGRDPFT,Tyrell Corp,No Mitigation Needed,Prohibited Factors,No Mitigation Needed,No Mitigation Needed,Mitigation Measures Required,"Cessation, Increased Reporting",synergy research deployment innovation development deployment optimization research innovation analysis deployment solutions research.,,,56337808,OPP-141174,Adaptive modular solution Project,1317BRU1K5HM,Blue Sun Corp,Mitigation Annual Review,NGA,CDMRP,Canceled,5/3/2023 21:43,FfROoRvJkWblIM nBksWPnBsWpmosjUnsBwbKPdiorzCMmlbsvaQbGPgsBaGldzzlux fUKRjiDFhjOCRwsgbBfuAXo HgAVGeWrWcjsomdLsmtYEYDIFkXxRhTYxnxXBtmuDzPiuWrDQhBmGsEeGiLnqyaRWbbPTkUUNlUPEDPwo,Pending,Other,In Negotiation,,5/20/2021 5:40,2/14/2022 3:53,9/27/2021 1:52,proposal_56337808.pdf,,review_56337808.docx
2024,SSA-development,9524-6512-3656-5410,Robert,,Moore,Consultant,4K0AW4066EK0,Virtucon,Prohibited Factors,Mitigation Measures Required,No Mitigation Needed,Mitigation Measures Required,Prohibited Factors,Threat Briefs,solutions optimization innovation synergy analysis strategy integration research.,,,56337808,OPP-141174,Adaptive modular solution Project,1317BRU1K5HM,Blue Sun Corp,Mitigation Annual Review,NGA,CDMRP,Canceled,5/3/2023 21:43,FfROoRvJkWblIM nBksWPnBsWpmosjUnsBwbKPdiorzCMmlbsvaQbGPgsBaGldzzlux fUKRjiDFhjOCRwsgbBfuAXo HgAVGeWrWcjsomdLsmtYEYDIFkXxRhTYxnxXBtmuDzPiuWrDQhBmGsEeGiLnqyaRWbbPTkUUNlUPEDPwo,Pending,Other,In Negotiation,,5/20/2021 5:40,2/14/2022 3:53,9/27/2021 1:52,proposal_56337808.pdf,person_Moore.pdf,review_56337808.docx
2024,SSA-development,3548-1270-1025-6300,Patricia,,Anderson,PI,CZ5TQAGRDPFT,Tyrell Corp,Prohibited Factors,Prohibited Factors,Mitigation Measures Required,No Mitigation Needed,No Mitigation Needed,"Cessation, Increased Reporting",synergy strategy solutions optimization deployment analysis strategy.,,,56337808,OPP-141174,Adaptive modular solution Project,1317BRU1K5HM,Blue Sun Corp,Mitigation Annual Review,NGA,CDMRP,Canceled,5/3/2023 21:43,FfROoRvJkWblIM nBksWPnBsWpmosjUnsBwbKPdiorzCMmlbsvaQbGPgsBaGldzzlux fUKRjiDFhjOCRwsgbBfuAXo HgAVGeWrWcjsomdLsmtYEYDIFkXxRhTYxnxXBtmuDzPiuWrDQhBmGsEeGiLnqyaRWbbPTkUUNlUPEDPwo,Pending,Other,In Negotiation,,5/20/2021 5:40,2/14/2022 3:53,9/27/2021 1:52,proposal_56337808.pdf,person_Anderson.pdf,review_56337808.docx
2024,SSA-development,4119-2857-8173-6600,Mary,,Miller,Student,EB3Q82NDH2ZA,MomCorp,No Mitigation Needed,No Mitigation Needed,Mitigation Measures Required,Prohibited Factors,No Mitigation Needed,"Cessation, Increased Reporting",,,,56337808,OPP-141174,Adaptive modular solution Project,1317BRU1K5HM,Blue Sun Corp,Mitigation Annual Review,NGA,CDMRP,Canceled,5/3/2023 21:43,FfROoRvJkWblIM nBksWPnBsWpmosjUnsBwbKPdiorzCMmlbsvaQbGPgsBaGldzzlux fUKRjiDFhjOCRwsgbBfuAXo HgAVGeWrWcjsomdLsmtYEYDIFkXxRhTYxnxXBtmuDzPiuWrDQhBmGsEeGiLnqyaRWbbPTkUUNlUPEDPwo,Pending,Other,In Negotiation,,5/20/2021 5:40,2/14/2022 3:53,9/27/2021 1:52,proposal_56337808.pdf,person_Miller.pdf,review_56337808.docx
2024,SSA-solutions,9586-4824-9787-8619,Linda,,Anderson,Consultant,VWDUSH65P3UT,Wayne Enterprises,No Mitigation Needed,Mitigation Measures Required,Mitigation Measures Required,Prohibited Factors,Prohibited Factors,,development solutions synergy synergy analysis research innovation innovation integration integration development optimization analysis.,Threat Briefs,,89163493,OPP-996170,Compatible demand-driven workforce Project,VWDUSH65P3UT,Wayne Enterprises,Mitigation Annual Review,DARPA,TTO,Completed,8/24/2025 4:55,QbBbGAhkdMJGArpkFRlKafDQXQyiAbpdDSZHpdspC suyrFWakckgicYkqkRTwsvULUjicAM AhQjXhDxEjegKddDmYAaazNrXXYEsoGXQefemvKCwHwxzpglBlRGcfxKWaOodTUxJZLkuNxgaQevYMFTT,Not Needed,CRADA,Pending,,11/26/2023 7:40,11/9/2022 1:09,2/1/2020 5:30,proposal_89163493.pdf,,
2024,SSA-solutions,5749-8762-3111-8896,Michael,,Brown,Student,CZ5TQAGRDPFT,Tyrell Corp,Mitigation Measures Required,Mitigation Measures Required,Mitigation Measures Required,No Mitigation Needed,No Mitigation Needed,,development synergy deployment analysis deployment optimization innovation analysis deployment integration synergy.,Threat Briefs,,89163493,OPP-996170,Compatible demand-driven workforce Project,VWDUSH65P3UT,Wayne Enterprises,Mitigation Annual Review,DARPA,TTO,Completed,8/24/2025 4:55,QbBbGAhkdMJGArpkFRlKafDQXQyiAbpdDSZHpdspC suyrFWakckgicYkqkRTwsvULUjicAM AhQjXhDxEjegKddDmYAaazNrXXYEsoGXQefemvKCwHwxzpglBlRGcfxKWaOodTUxJZLkuNxgaQevYMFTT,Not Needed,CRADA,Pending,,11/26/2023 7:40,11/9/2022 1:09,2/1/2020 5:30,proposal_89163493.pdf,,
2024,SSA-solutions,5051-6236-8974-1785,Robert,Susan,Brown,Collaborator,2GM2D03Z4F45,Omni Consumer Products,Prohibited Factors,Prohibited Factors,Mitigation Measures Required,No Mitigation Needed,Mitigation Measures Required,Threat Briefs,optimization integration synergy research strategy research.,Threat Briefs,,89163493,OPP-996170,Compatible demand-driven workforce Project,VWDUSH65P3UT,Wayne Enterprises,Mitigation Annual Review,DARPA,TTO,Completed,8/24/2025 4:55,QbBbGAhkdMJGArpkFRlKafDQXQyiAbpdDSZHpdspC suyrFWakckgicYkqkRTwsvULUjicAM AhQjXhDxEjegKddDmYAaazNrXXYEsoGXQefemvKCwHwxzpglBlRGcfxKWaOodTUxJZLkuNxgaQevYMFTT,Not Needed,CRADA,Pending,,11/26/2023 7:40,11/9/2022 1:09,2/1/2020 5:30,proposal_89163493.pdf,person_Brown.pdf,
2024,SSA-solutions,2018-4402-9157-7426,Mary,,Smith,Consultant,95C7CBF2RFOV,Acme Corp,Prohibited Factors,No Mitigation Needed,Prohibited Factors,Mitigation Measures Required,Prohibited Factors,,,Threat Briefs,,89163493,OPP-996170,Compatible demand-driven workforce Project,VWDUSH65P3UT,Wayne Enterprises,Mitigation Annual Review,DARPA,TTO,Completed,8/24/2025 4:55,QbBbGAhkdMJGArpkFRlKafDQXQyiAbpdDSZHpdspC suyrFWakckgicYkqkRTwsvULUjicAM AhQjXhDxEjegKddDmYAaazNrXXYEsoGXQefemvKCwHwxzpglBlRGcfxKWaOodTUxJZLkuNxgaQevYMFTT,Not Needed,CRADA,Pending,,11/26/2023 7:40,11/9/2022 1:09,2/1/2020 5:30,proposal_89163493.pdf,person_Smith.pdf,
2023,SSA-solutions,5051-6236-8974-1785,Robert,,Brown,PI,EB3Q82NDH2ZA,MomCorp,Mitigation Measures Required,Mitigation Measures Required,Mitigation Measures Required,Prohibited Factors,Mitigation Measures Required,"Cessation, Increased Reporting",strategy integration strategy solutions research optimization.,,,43867121,OPP-983172,Cross-platform multimedia project Project,S16GSAX4CIDY,Globex Inc,Initial,DTRA,MSO,Draft,3/27/2025 6:07,,Not Needed,Other Transaction Authority,Awarded,FAIN5749126,12/18/2021 6:04,,,proposal_43867121.pdf,person_Brown.pdf,review_43867121.docx
2023,SSA-solutions,6743-4763-9778-8814,Robert,Jane,Taylor,Consultant,1317BRU1K5HM,Blue Sun Corp,Mitigation Measures Required,Mitigation Measures Required,No Mitigation Needed,No Mitigation Needed,No Mitigation Needed,Threat Briefs,,,,43867121,OPP-983172,Cross-platform multimedia project Project,S16GSAX4CIDY,Globex Inc,Initial,DTRA,MSO,Draft,3/27/2025 6:07,,Not Needed,Other Transaction Authority,Awarded,FAIN5749126,12/18/2021 6:04,,,proposal_43867121.pdf,person_Taylor.pdf,review_43867121.docx
2023,SSA-solutions,8378-7883-3324-3119,Mary,Peter,Moore,Student,S16GSAX4CIDY,Globex Inc,Mitigation Measures Required,No Mitigation Needed,Mitigation Measures Required,No Mitigation Needed,Mitigation Measures Required,"Cessation, Increased Reporting",development strategy optimization synergy solutions analysis deployment research.,,,43867121,OPP-983172,Cross-platform multimedia project Project,S16GSAX4CIDY,Globex Inc,Initial,DTRA,MSO,Draft,3/27/2025 6:07,,Not Needed,Other Transaction Authority,Awarded,FAIN5749126,12/18/2021 6:04,,,proposal_43867121.pdf,person_Moore.pdf,review_43867121.docx
2024,SSA-integration,3259-2258-9144-5642,Linda,,Wilson,Consultant,751GBSSW8WBH,Wayne Enterprises,Prohibited Factors,Mitigation Measures Required,Prohibited Factors,Prohibited Factors,No Mitigation Needed,Threat Briefs,optimization innovation analysis analysis integration deployment solutions development integration synergy strategy deployment.,"Cessation, Increased Reporting",research innovation solutions development analysis integration integration optimization solutions solutions deployment.,31105288,OPP-355193,Ameliorated didactic strategy Project,95C7CBF2RFOV,Acme Corp,Initial,DHA,TTO,Completed,2/18/2023 7:41,,Pending,Other,In Negotiation,,1/22/2021 22:20,,9/1/2024 8:45,proposal_31105288.pdf,person_Wilson.pdf,review_31105288.docx
2024,SSA-integration,6090-8727-9692-9539,Robert,,Davis,Co-PI,4K0AW4066EK0,Virtucon,No Mitigation Needed,No Mitigation Needed,No Mitigation Needed,No Mitigation Needed,Mitigation Measures Required,Threat Briefs,solutions optimization innovation solutions synergy synergy development analysis integration research.,"Cessation, Increased Reporting",research innovation solutions development analysis integration integration optimization solutions solutions deployment.,31105288,OPP-355193,Ameliorated didactic strategy Project,95C7CBF2RFOV,Acme Corp,Initial,DHA,TTO,Completed,2/18/2023 7:41,,Pending,Other,In Negotiation,,1/22/2021 22:20,,9/1/2024 8:45,proposal_31105288.pdf,person_Davis.pdf,review_31105288.docx
2024,SSA-integration,1532-1355-6668-6924,Patricia,,Williams,PI,H9IW09QGFJAR,Globex Inc,Mitigation Measures Required,Prohibited Factors,No Mitigation Needed,No Mitigation Needed,Prohibited Factors,"Cessation, Increased Reporting",research integration synergy analysis synergy optimization.,"Cessation, Increased Reporting",research innovation solutions development analysis integration integration optimization solutions solutions deployment.,31105288,OPP-355193,Ameliorated didactic strategy Project,95C7CBF2RFOV,Acme Corp,Initial,DHA,TTO,Completed,2/18/2023 7:41,,Pending,Other,In Negotiation,,1/22/2021 22:20,,9/1/2024 8:45,proposal_31105288.pdf,person_Williams.pdf,review_31105288.docx
2024,SSA-synergy,8305-6338-1273-4359,Jane,Patricia,Taylor,Consultant,VWDUSH65P3UT,Wayne Enterprises,No Mitigation Needed,Mitigation Measures Required,Prohibited Factors,Mitigation Measures Required,No Mitigation Needed,"Cessation, Increased Reporting",integration strategy integration integration synergy strategy innovation development solutions strategy innovation research research innovation strategy.,"Cessation, Increased Reporting",,25213693,OPP-288604,Compatible demand-driven workforce Project,VWDUSH65P3UT,Wayne Enterprises,Mitigation Annual Review,DTRA,DSO,Canceled,9/8/2025 4:46,,Not Needed,FAR-based Contract,Awarded,FAIN8821822,,12/4/2021 18:15,,proposal_25213693.pdf,person_Taylor.pdf,review_25213693.docx
2025,SSA-innovation,4119-2857-8173-6600,Mary,,Miller,Co-PI,8JK40Q30BVHV,Cyberdyne Systems,No Mitigation Needed,No Mitigation Needed,Prohibited Factors,No Mitigation Needed,No Mitigation Needed,Threat Briefs,strategy synergy deployment optimization analysis deployment strategy optimization synergy innovation solutions synergy development synergy research.,Threat Briefs,,7391751,OPP-240170,Business-focused client-driven initiative Project,EB3Q82NDH2ZA,MomCorp,Mitigation Annual Review,DTRA,I2O,In Progress,6/14/2020 5:10,JNcLRGzGHyLyUIyMUYRHBemBVWArDhlGqNbSrcPshGIMHCYLbbruwDu ndv eqEAhbGOzGMGTRGTFLsLASUvFpDGz,Pending,Other,Declined,,1/5/2020 18:16,,,proposal_07391751.pdf,,
2025,SSA-innovation,7079-5719-4320-8616,Peter,,Miller,Consultant,VWDUSH65P3UT,Wayne Enterprises,No Mitigation Needed,Prohibited Factors,Prohibited Factors,Prohibited Factors,Mitigation Measures Required,Threat Briefs,research innovation deployment development integration research analysis solutions analysis deployment.,Threat Briefs,,7391751,OPP-240170,Business-focused client-driven initiative Project,EB3Q82NDH2ZA,MomCorp,Mitigation Annual Review,DTRA,I2O,In Progress,6/14/2020 5:10,JNcLRGzGHyLyUIyMUYRHBemBVWArDhlGqNbSrcPshGIMHCYLbbruwDu ndv eqEAhbGOzGMGTRGTFLsLASUvFpDGz,Pending,Other,Declined,,1/5/2020 18:16,,,proposal_07391751.pdf,,
2025,SSA-innovation,9524-6512-3656-5410,Robert,,Moore,Co-PI,8JK40Q30BVHV,Cyberdyne Systems,Prohibited Factors,Prohibited Factors,Mitigation Measures Required,Prohibited Factors,No Mitigation Needed,Threat Briefs,optimization deployment strategy analysis analysis optimization.,Threat Briefs,,7391751,OPP-240170,Business-focused client-driven initiative Project,EB3Q82NDH2ZA,MomCorp,Mitigation Annual Review,DTRA,I2O,In Progress,6/14/2020 5:10,JNcLRGzGHyLyUIyMUYRHBemBVWArDhlGqNbSrcPshGIMHCYLbbruwDu ndv eqEAhbGOzGMGTRGTFLsLASUvFpDGz,Pending,Other,Declined,,1/5/2020 18:16,,,proposal_07391751.pdf,person_Moore.pdf,
2025,SSA-innovation,3658-7489-4481-2249,Robert,,Williams,PI,VWDUSH65P3UT,Wayne Enterprises,No Mitigation Needed,Mitigation Measures Required,Mitigation Measures Required,No Mitigation Needed,Mitigation Measures Required,,optimization innovation integration optimization solutions integration strategy integration analysis.,Threat Briefs,,7391751,OPP-240170,Business-focused client-driven initiative Project,EB3Q82NDH2ZA,MomCorp,Mitigation Annual Review,DTRA,I2O,In Progress,6/14/2020 5:10,JNcLRGzGHyLyUIyMUYRHBemBVWArDhlGqNbSrcPshGIMHCYLbbruwDu ndv eqEAhbGOzGMGTRGTFLsLASUvFpDGz,Pending,Other,Declined,,1/5/2020 18:16,,,proposal_07391751.pdf,person_Williams.pdf,
2024,SSA-optimization,7728-7119-1585-5278,Patricia,,Jones,PI,VWDUSH65P3UT,Wayne Enterprises,Mitigation Measures Required,Mitigation Measures Required,Mitigation Measures Required,No Mitigation Needed,Prohibited Factors,"Cessation, Increased Reporting",,"Cessation, Increased Reporting",,97667073,OPP-403237,Adaptive modular solution Project,VWDUSH65P3UT,Wayne Enterprises,Initial,DTRA,I2O,In Progress,10/6/2022 6:37,,Not Needed,Other Transaction Authority,In Negotiation,,7/19/2020 1:26,,,proposal_97667073.pdf,,
2024,SSA-optimization,2782-3604-1777-7406,Patricia,Patricia,Taylor,Collaborator,2GM2D03Z4F45,Omni Consumer Products,Prohibited Factors,No Mitigation Needed,Prohibited Factors,Mitigation Measures Required,Prohibited Factors,"Cessation, Increased Reporting",deployment analysis deployment optimization innovation synergy analysis innovation development solutions deployment.,"Cessation, Increased Reporting",,97667073,OPP-403237,Adaptive modular solution Project,VWDUSH65P3UT,Wayne Enterprises,Initial,DTRA,I2O,In Progress,10/6/2022 6:37,,Not Needed,Other Transaction Authority,In Negotiation,,7/19/2020 1:26,,,proposal_97667073.pdf,person_Taylor.pdf,
2024,SSA-optimization,5291-6736-7201-8576,Linda,,Moore,PI,V2C9I5D1JAX9,Globex Inc,Mitigation Measures Required,Mitigation Measures Required,No Mitigation Needed,No Mitigation Needed,No Mitigation Needed,Threat Briefs,analysis analysis optimization innovation integration solutions solutions research solutions optimization integration analysis deployment.,"Cessation, Increased Reporting",,97667073,OPP-403237,Adaptive modular solution Project,VWDUSH65P3UT,Wayne Enterprises,Initial,DTRA,I2O,In Progress,10/6/2022 6:37,,Not Needed,Other Transaction Authority,In Negotiation,,7/19/2020 1:26,,,proposal_97667073.pdf,,
2023,SSA-innovation,6106-2475-7344-3226,Linda,,Taylor,Co-PI,CZ5TQAGRDPFT,Tyrell Corp,No Mitigation Needed,No Mitigation Needed,Prohibited Factors,No Mitigation Needed,Mitigation Measures Required,"Cessation, Increased Reporting",integration strategy research innovation development synergy.,,,38974944,OPP-510096,Cloned scalable matrix Project,95C7CBF2RFOV,Acme Corp,Mitigation Annual Review,USA,TTO,In Progress,1/7/2022 12:29,XUKHZPtCgRBQIilI LTzxvwRSiwoUWcOrTBpNrqMFZQykaAWpjAVmDbOLbt babuZBBBTEltMAPVDmldEdbPOabSdLfIZALjcdNPVWB IzvlrItMzNJepZpRiiqhXByJRjyIWxlVlICebaZC,Pending,Other Transaction Authority,Awarded,FAIN1667540,10/17/2020 0:47,8/23/2025 8:39,,proposal_38974944.pdf,person_Taylor.pdf,
2023,SSA-innovation,9586-4824-9787-8619,Linda,,Anderson,Consultant,S16GSAX4CIDY,Globex Inc,Mitigation Measures Required,Mitigation Measures Required,Prohibited Factors,Mitigation Measures Required,Mitigation Measures Required,,,,,38974944,OPP-510096,Cloned scalable matrix Project,95C7CBF2RFOV,Acme Corp,Mitigation Annual Review,USA,TTO,In Progress,1/7/2022 12:29,XUKHZPtCgRBQIilI LTzxvwRSiwoUWcOrTBpNrqMFZQykaAWpjAVmDbOLbt babuZBBBTEltMAPVDmldEdbPOabSdLfIZALjcdNPVWB IzvlrItMzNJepZpRiiqhXByJRjyIWxlVlICebaZC,Pending,Other Transaction Authority,Awarded,FAIN1667540,10/17/2020 0:47,8/23/2025 8:39,,proposal_38974944.pdf,person_Anderson.pdf,
2023,SSA-synergy,2553-1903-5850-9269,Susan,,Davis,Co-PI,CZ5TQAGRDPFT,Tyrell Corp,Prohibited Factors,Prohibited Factors,Mitigation Measures Required,Prohibited Factors,Mitigation Measures Required,"Cessation, Increased Reporting",,Threat Briefs,,73777370,OPP-381150,Cross-platform multimedia project Project,95C7CBF2RFOV,Acme Corp,Initial,DTRA,DSO,Completed,4/17/2025 13:32,,Complete,Other,Pending,,6/20/2025 2:38,,,proposal_73777370.pdf,,review_73777370.docx
2023,SSA-synergy,6666-2150-1318-9273,Michael,,Williams,Co-PI,8JK40Q30BVHV,Cyberdyne Systems,No Mitigation Needed,Mitigation Measures Required,Mitigation Measures Required,Prohibited Factors,No Mitigation Needed,"Cessation, Increased Reporting",integration deployment innovation innovation development optimization research development innovation deployment synergy integration.,Threat Briefs,,73777370,OPP-381150,Cross-platform multimedia project Project,95C7CBF2RFOV,Acme Corp,Initial,DTRA,DSO,Completed,4/17/2025 13:32,,Complete,Other,Pending,,6/20/2025 2:38,,,proposal_73777370.pdf,,review_73777370.docx
2023,SSA-synergy,9058-1198-1274-2868,David,,Brown,Consultant,VWDUSH65P3UT,Wayne Enterprises,No Mitigation Needed,Mitigation Measures Required,Mitigation Measures Required,No Mitigation Needed,No Mitigation Needed,Threat Briefs,development strategy deployment analysis solutions analysis synergy.,Threat Briefs,,73777370,OPP-381150,Cross-platform multimedia project Project,95C7CBF2RFOV,Acme Corp,Initial,DTRA,DSO,Completed,4/17/2025 13:32,,Complete,Other,Pending,,6/20/2025 2:38,,,proposal_73777370.pdf,,review_73777370.docx
2024,SSA-integration,5449-1918-8071-9289,John,,Moore,Collaborator,EB3Q82NDH2ZA,MomCorp,Prohibited Factors,No Mitigation Needed,Mitigation Measures Required,Mitigation Measures Required,Mitigation Measures Required,"Cessation, Increased Reporting",development solutions solutions research optimization strategy synergy strategy analysis development integration.,"Cessation, Increased Reporting",,79478316,OPP-185439,Advanced cohesive hardware Project,1317BRU1K5HM,Blue Sun Corp,Mitigation Annual Review,INSCOM,I2O,Canceled,10/10/2022 3:47,CIHAKZTULiwWWxxbKtKlffhvgQhqzfsaNgKOhIETvKzRlWLIHWATLyojokQUfsrrt STsKZsmHMdvdzYopNOJqfVWFwPCoMjlfUlGoPQFUPZNFboRmmiIGmoeqvdRKRKqVDiIgrPxQmlwXA,Not Needed,Grant,Pending,,9/12/2025 6:54,,4/22/2020 18:44,proposal_79478316.pdf,,
2024,SSA-integration,6426-6062-5484-2188,Jane,,Wilson,Collaborator,CZ5TQAGRDPFT,Tyrell Corp,Prohibited Factors,Mitigation Measures Required,Mitigation Measures Required,Mitigation Measures Required,No Mitigation Needed,,deployment solutions innovation deployment strategy solutions.,"Cessation, Increased Reporting",,79478316,OPP-185439,Advanced cohesive hardware Project,1317BRU1K5HM,Blue Sun Corp,Mitigation Annual Review,INSCOM,I2O,Canceled,10/10/2022 3:47,CIHAKZTULiwWWxxbKtKlffhvgQhqzfsaNgKOhIETvKzRlWLIHWATLyojokQUfsrrt STsKZsmHMdvdzYopNOJqfVWFwPCoMjlfUlGoPQFUPZNFboRmmiIGmoeqvdRKRKqVDiIgrPxQmlwXA,Not Needed,Grant,Pending,,9/12/2025 6:54,,4/22/2020 18:44,proposal_79478316.pdf,,
2024,SSA-integration,6189-1769-2614-2033,Susan,,Brown,Co-PI,2GM2D03Z4F45,Omni Consumer Products,No Mitigation Needed,No Mitigation Needed,Prohibited Factors,Prohibited Factors,No Mitigation Needed,"Cessation, Increased Reporting",strategy synergy development development synergy development analysis deployment synergy strategy integration solutions synergy solutions synergy.,"Cessation, Increased Reporting",,79478316,OPP-185439,Advanced cohesive hardware Project,1317BRU1K5HM,Blue Sun Corp,Mitigation Annual Review,INSCOM,I2O,Canceled,10/10/2022 3:47,CIHAKZTULiwWWxxbKtKlffhvgQhqzfsaNgKOhIETvKzRlWLIHWATLyojokQUfsrrt STsKZsmHMdvdzYopNOJqfVWFwPCoMjlfUlGoPQFUPZNFboRmmiIGmoeqvdRKRKqVDiIgrPxQmlwXA,Not Needed,Grant,Pending,,9/12/2025 6:54,,4/22/2020 18:44,proposal_79478316.pdf,,
2024,SSA-deployment,7029-7310-4137-1786,Robert,,Smith,Student,P0BJREZAN0YF,Stark Industries,No Mitigation Needed,No Mitigation Needed,Prohibited Factors,Prohibited Factors,Mitigation Measures Required,,innovation optimization development analysis innovation research research analysis integration analysis strategy strategy.,Threat Briefs,deployment synergy deployment optimization solutions innovation development synergy synergy analysis strategy synergy analysis development research.,97502819,OPP-257626,Cloned scalable matrix Project,8JK40Q30BVHV,Cyberdyne Systems,Mitigation Annual Review,INSCOM,DSO,Completed,6/11/2021 14:39,VGAcUSDoxhRujQJQSyJPQIxgwljTIJTPZbKImqCFlAJRQJFGCnNZdFLVXSFroEsiGLpfhPFiQ Fkvf wBfhCklULwoeTwtYAWLUQNMnLTKaEWiRCvgPgiLgbDBxnpXysuPTxIBhfmysTUpKIk JsJHG OEIYThBsQfclfWPgzWmilGajbyoESaBDhQjltO,Not Needed,CRADA,In Negotiation,,11/21/2025 1:33,,4/18/2024 1:03,proposal_97502819.pdf,,
2024,SSA-deployment,9313-1364-2874-9660,Peter,,Smith,Consultant,EB3Q82NDH2ZA,MomCorp,Mitigation Measures Required,Mitigation Measures Required,No Mitigation Needed,No Mitigation Needed,No Mitigation Needed,Threat Briefs,deployment solutions strategy strategy optimization research solutions.,Threat Briefs,deployment synergy deployment optimization solutions innovation development synergy synergy analysis strategy synergy analysis development research.,97502819,OPP-257626,Cloned scalable matrix Project,8JK40Q30BVHV,Cyberdyne Systems,Mitigation Annual Review,INSCOM,DSO,Completed,6/11/2021 14:39,VGAcUSDoxhRujQJQSyJPQIxgwljTIJTPZbKImqCFlAJRQJFGCnNZdFLVXSFroEsiGLpfhPFiQ Fkvf wBfhCklULwoeTwtYAWLUQNMnLTKaEWiRCvgPgiLgbDBxnpXysuPTxIBhfmysTUpKIk JsJHG OEIYThBsQfclfWPgzWmilGajbyoESaBDhQjltO,Not Needed,CRADA,In Negotiation,,11/21/2025 1:33,,4/18/2024 1:03,proposal_97502819.pdf,,
2024,SSA-deployment,2086-8415-7667-4413,Peter,,Anderson,Student,CZ5TQAGRDPFT,Tyrell Corp,Prohibited Factors,Mitigation Measures Required,Mitigation Measures Required,Mitigation Measures Required,No Mitigation Needed,,,Threat Briefs,deployment synergy deployment optimization solutions innovation development synergy synergy analysis strategy synergy analysis development research.,97502819,OPP-257626,Cloned scalable matrix Project,8JK40Q30BVHV,Cyberdyne Systems,Mitigation Annual Review,INSCOM,DSO,Completed,6/11/2021 14:39,VGAcUSDoxhRujQJQSyJPQIxgwljTIJTPZbKImqCFlAJRQJFGCnNZdFLVXSFroEsiGLpfhPFiQ Fkvf wBfhCklULwoeTwtYAWLUQNMnLTKaEWiRCvgPgiLgbDBxnpXysuPTxIBhfmysTUpKIk JsJHG OEIYThBsQfclfWPgzWmilGajbyoESaBDhQjltO,Not Needed,CRADA,In Negotiation,,11/21/2025 1:33,,4/18/2024 1:03,proposal_97502819.pdf,person_Anderson.pdf,
2024,SSA-deployment,8574-6986-6758-6133,Michael,,Jones,PI,95C7CBF2RFOV,Acme Corp,No Mitigation Needed,No Mitigation Needed,Mitigation Measures Required,Mitigation Measures Required,No Mitigation Needed,"Cessation, Increased Reporting",,Threat Briefs,deployment synergy deployment optimization solutions innovation development synergy synergy analysis strategy synergy analysis development research.,97502819,OPP-257626,Cloned scalable matrix Project,8JK40Q30BVHV,Cyberdyne Systems,Mitigation Annual Review,INSCOM,DSO,Completed,6/11/2021 14:39,VGAcUSDoxhRujQJQSyJPQIxgwljTIJTPZbKImqCFlAJRQJFGCnNZdFLVXSFroEsiGLpfhPFiQ Fkvf wBfhCklULwoeTwtYAWLUQNMnLTKaEWiRCvgPgiLgbDBxnpXysuPTxIBhfmysTUpKIk JsJHG OEIYThBsQfclfWPgzWmilGajbyoESaBDhQjltO,Not Needed,CRADA,In Negotiation,,11/21/2025 1:33,,4/18/2024 1:03,proposal_97502819.pdf,person_Jones.pdf,
2023,SSA-strategy,5467-3152-7073-9265,Mary,,Wilson,Co-PI,4K0AW4066EK0,Virtucon,Prohibited Factors,Prohibited Factors,No Mitigation Needed,No Mitigation Needed,Prohibited Factors,"Cessation, Increased Reporting",synergy deployment solutions synergy deployment.,,,47378841,OPP-652332,Adaptive modular solution Project,VWDUSH65P3UT,Wayne Enterprises,Initial,DARPA,CDMRP,In Progress,5/13/2024 19:00,,Pending,FAR-based Contract,In Negotiation,,11/9/2023 3:12,2/23/2021 2:46,,proposal_47378841.pdf,,review_47378841.docx
2023,SSA-strategy,6189-1769-2614-2033,Susan,,Brown,Collaborator,CZ5TQAGRDPFT,Tyrell Corp,Mitigation Measures Required,Prohibited Factors,No Mitigation Needed,Prohibited Factors,No Mitigation Needed,"Cessation, Increased Reporting",synergy strategy deployment research deployment analysis deployment synergy optimization deployment integration research.,,,47378841,OPP-652332,Adaptive modular solution Project,VWDUSH65P3UT,Wayne Enterprises,Initial,DARPA,CDMRP,In Progress,5/13/2024 19:00,,Pending,FAR-based Contract,In Negotiation,,11/9/2023 3:12,2/23/2021 2:46,,proposal_47378841.pdf,,review_47378841.docx
2025,SSA-deployment,9058-1198-1274-2868,David,,Brown,Student,CZ5TQAGRDPFT,Tyrell Corp,No Mitigation Needed,Prohibited Factors,No Mitigation Needed,Mitigation Measures Required,Prohibited Factors,,,Threat Briefs,,51263249,OPP-975767,Compatible demand-driven workforce Project,P0BJREZAN0YF,Stark Industries,Mitigation Annual Review,DARPA,CDMRP,Draft,12/23/2021 10:40,,Pending,FAR-based Contract,Awarded,FAIN3679534,9/8/2024 19:44,,,proposal_51263249.pdf,person_Brown.pdf,review_51263249.docx
2025,SSA-deployment,3721-3731-4798-8779,Susan,,Jones,Collaborator,VWDUSH65P3UT,Wayne Enterprises,No Mitigation Needed,Mitigation Measures Required,No Mitigation Needed,No Mitigation Needed,No Mitigation Needed,,solutions strategy strategy deployment innovation deployment solutions optimization.,Threat Briefs,,51263249,OPP-975767,Compatible demand-driven workforce Project,P0BJREZAN0YF,Stark Industries,Mitigation Annual Review,DARPA,CDMRP,Draft,12/23/2021 10:40,,Pending,FAR-based Contract,Awarded,FAIN3679534,9/8/2024 19:44,,,proposal_51263249.pdf,person_Jones.pdf,review_51263249.docx
2023,SSA-integration,9313-1364-2874-9660,Peter,,Smith,Collaborator,VWDUSH65P3UT,Wayne Enterprises,Prohibited Factors,Mitigation Measures Required,Mitigation Measures Required,No Mitigation Needed,Mitigation Measures Required,"Cessation, Increased Reporting",,"Cessation, Increased Reporting",integration optimization strategy deployment research solutions strategy development analysis.,45763246,OPP-568548,Ameliorated didactic strategy Project,S16GSAX4CIDY,Globex Inc,Mitigation Annual Review,ACC,DSO,Canceled,8/27/2023 3:11,,Pending,Other Transaction Authority,Declined,,10/12/2022 16:57,7/24/2025 1:25,9/17/2023 18:19,proposal_45763246.pdf,,
2023,SSA-synergy,1385-8950-3310-4586,David,Mary,Moore,PI,S16GSAX4CIDY,Globex Inc,Prohibited Factors,Prohibited Factors,Prohibited Factors,Mitigation Measures Required,Mitigation Measures Required,,research development strategy strategy solutions synergy deployment optimization.,"Cessation, Increased Reporting",solutions strategy synergy optimization innovation development synergy innovation deployment deployment development optimization solutions.,24299060,OPP-931154,Adaptive modular solution Project,EB3Q82NDH2ZA,MomCorp,Initial,NGA,DSO,Completed,11/1/2024 6:55,,Not Needed,Other Transaction Authority,In Negotiation,,5/10/2024 23:17,,10/24/2021 0:59,proposal_24299060.pdf,,review_24299060.docx
2023,SSA-synergy,1066-2440-5078-7824,Susan,Susan,Anderson,Student,P0BJREZAN0YF,Stark Industries,No Mitigation Needed,No Mitigation Needed,Mitigation Measures Required,No Mitigation Needed,Mitigation Measures Required,"Cessation, Increased Reporting",development integration research synergy analysis integration development innovation strategy synergy development synergy development.,"Cessation, Increased Reporting",solutions strategy synergy optimization innovation development synergy innovation deployment deployment development optimization solutions.,24299060,OPP-931154,Adaptive modular solution Project,EB3Q82NDH2ZA,MomCorp,Initial,NGA,DSO,Completed,11/1/2024 6:55,,Not Needed,Other Transaction Authority,In Negotiation,,5/10/2024 23:17,,10/24/2021 0:59,proposal_24299060.pdf,person_Anderson.pdf,review_24299060.docx
2023,SSA-synergy,1320-9747-9272-5744,Michael,,Wilson,Co-PI,EB3Q82NDH2ZA,MomCorp,Prohibited Factors,Mitigation Measures Required,No Mitigation Needed,No Mitigation Needed,No Mitigation Needed,"Cessation, Increased Reporting",innovation solutions development strategy research solutions analysis.,"Cessation, Increased Reporting",solutions strategy synergy optimization innovation development synergy innovation deployment deployment development optimization solutions.,24299060,OPP-931154,Adaptive modular solution Project,EB3Q82NDH2ZA,MomCorp,Initial,NGA,DSO,Completed,11/1/2024 6:55,,Not Needed,Other Transaction Authority,In Negotiation,,5/10/2024 23:17,,10/24/2021 0:59,proposal_24299060.pdf,person_Wilson.pdf,review_24299060.docx
2023,SSA-synergy,2481-7728-4240-5225,Mary,Robert,Brown,Student,8JK40Q30BVHV,Cyberdyne Systems,Prohibited Factors,Mitigation Measures Required,Mitigation Measures Required,Prohibited Factors,Prohibited Factors,,,"Cessation, Increased Reporting",solutions strategy synergy optimization innovation development synergy innovation deployment deployment development optimization solutions.,24299060,OPP-931154,Adaptive modular solution Project,EB3Q82NDH2ZA,MomCorp,Initial,NGA,DSO,Completed,11/1/2024 6:55,,Not Needed,Other Transaction Authority,In Negotiation,,5/10/2024 23:17,,10/24/2021 0:59,proposal_24299060.pdf,person_Brown.pdf,review_24299060.docx
2023,SSA-synergy,3724-1804-5344-7280,Susan,Robert,Taylor,PI,VWDUSH65P3UT,Wayne Enterprises,Prohibited Factors,No Mitigation Needed,Prohibited Factors,Mitigation Measures Required,Mitigation Measures Required,Threat Briefs,strategy research integration solutions solutions development development analysis.,"Cessation, Increased Reporting",solutions strategy synergy optimization innovation development synergy innovation deployment deployment development optimization solutions.,24299060,OPP-931154,Adaptive modular solution Project,EB3Q82NDH2ZA,MomCorp,Initial,NGA,DSO,Completed,11/1/2024 6:55,,Not Needed,Other Transaction Authority,In Negotiation,,5/10/2024 23:17,,10/24/2021 0:59,proposal_24299060.pdf,,review_24299060.docx
2025,SSA-research,5342-2934-7908-4582,David,,Jones,Consultant,EB3Q82NDH2ZA,MomCorp,No Mitigation Needed,No Mitigation Needed,No Mitigation Needed,Mitigation Measures Required,No Mitigation Needed,,development development innovation optimization synergy analysis solutions.,Threat Briefs,,33579681,OPP-623929,Assimilated tangible parallelism Project,8JK40Q30BVHV,Cyberdyne Systems,Mitigation Annual Review,USA,CDMRP,Completed,12/9/2020 18:33,lRljXxawpXMDqXxTVyhtSuaTtHXLNtdXYlPJwiPLgQBvZoXpGbLtkAjXV,Not Needed,Grant,Awarded,FAIN5029865,12/25/2025 22:55,1/2/2023 4:39,5/23/2024 11:33,proposal_33579681.pdf,person_Jones.pdf,review_33579681.docx
2023,SSA-optimization,3259-2258-9144-5642,Linda,Peter,Wilson,Co-PI,1317BRU1K5HM,Blue Sun Corp,Mitigation Measures Required,No Mitigation Needed,Mitigation Measures Required,No Mitigation Needed,No Mitigation Needed,Threat Briefs,optimization research innovation analysis innovation deployment strategy development analysis synergy integration optimization synergy innovation integration.,"Cessation, Increased Reporting",strategy synergy optimization research innovation analysis innovation integration strategy development strategy analysis solutions.,68771768,OPP-419086,Automated bi-directional pricing structure Project,CZ5TQAGRDPFT,Tyrell Corp,Initial,INSCOM,I2O,Canceled,5/9/2021 8:18,dKxlckImOlCGLiJhWDvvrRCnl bugdKJUVImrZXesHpPPrrqqIgFwijzDxPbXXYsqUwlIHAOxcGxChBENwCohfsnMXbooQSafFRscJgEPK,Not Needed,Other,Awarded,FAIN6732908,,,4/8/2021 11:31,proposal_68771768.pdf,,
2023,SSA-optimization,8378-7883-3324-3119,Mary,Jane,Moore,Co-PI,CZ5TQAGRDPFT,Tyrell Corp,Mitigation Measures Required,No Mitigation Needed,Mitigation Measures Required,No Mitigation Needed,Mitigation Measures Required,,,"Cessation, Increased Reporting",strategy synergy optimization research innovation analysis innovation integration strategy development strategy analysis solutions.,68771768,OPP-419086,Automated bi-directional pricing structure Project,CZ5TQAGRDPFT,Tyrell Corp,Initial,INSCOM,I2O,Canceled,5/9/2021 8:18,dKxlckImOlCGLiJhWDvvrRCnl bugdKJUVImrZXesHpPPrrqqIgFwijzDxPbXXYsqUwlIHAOxcGxChBENwCohfsnMXbooQSafFRscJgEPK,Not Needed,Other,Awarded,FAIN6732908,,,4/8/2021 11:31,proposal_68771768.pdf,,
2023,SSA-integration,8844-7848-6085-7597,Michael,,Smith,Consultant,S16GSAX4CIDY,Globex Inc,No Mitigation Needed,No Mitigation Needed,Mitigation Measures Required,Mitigation Measures Required,No Mitigation Needed,"Cessation, Increased Reporting",analysis development research analysis innovation research analysis.,Threat Briefs,synergy development solutions synergy deployment innovation optimization development.,28572405,OPP-251896,Configurable value-added system engine Project,VWDUSH65P3UT,Wayne Enterprises,Initial,DTRA,DSO,In Progress,4/21/2023 23:20,,Complete,FAR-based Contract,Pending,,5/10/2022 17:20,,3/14/2021 21:04,proposal_28572405.pdf,,review_28572405.docx
2025,SSA-optimization,5749-8762-3111-8896,Michael,,Brown,PI,VWDUSH65P3UT,Wayne Enterprises,Mitigation Measures Required,Prohibited Factors,No Mitigation Needed,No Mitigation Needed,Mitigation Measures Required,,development development synergy integration development analysis innovation optimization optimization analysis.,Threat Briefs,analysis solutions integration deployment strategy solutions integration.,46417889,OPP-728828,Cross-platform multimedia project Project,S16GSAX4CIDY,Globex Inc,Mitigation Annual Review,DARPA,TTO,Canceled,12/12/2025 21:00,,Complete,FAR-based Contract,Awarded,FAIN6158639,3/19/2022 1:28,,10/4/2021 21:55,proposal_46417889.pdf,person_Brown.pdf,
2025,SSA-optimization,9818-6881-1670-7498,Linda,,Davis,Consultant,4K0AW4066EK0,Virtucon,Prohibited Factors,Prohibited Factors,Prohibited Factors,Prohibited Factors,Mitigation Measures Required,"Cessation, Increased Reporting",solutions development optimization strategy research analysis deployment synergy integration synergy integration strategy integration optimization.,Threat Briefs,analysis solutions integration deployment strategy solutions integration.,46417889,OPP-728828,Cross-platform multimedia project Project,S16GSAX4CIDY,Globex Inc,Mitigation Annual Review,DARPA,TTO,Canceled,12/12/2025 21:00,,Complete,FAR-based Contract,Awarded,FAIN6158639,3/19/2022 1:28,,10/4/2021 21:55,proposal_46417889.pdf,,
2025,SSA-optimization,8891-4867-3529-7308,Patricia,,Miller,Student,P0BJREZAN0YF,Stark Industries,Prohibited Factors,Prohibited Factors,Mitigation Measures Required,No Mitigation Needed,Prohibited Factors,,development deployment development solutions strategy optimization strategy development solutions optimization deployment optimization deployment.,Threat Briefs,analysis solutions integration deployment strategy solutions integration.,46417889,OPP-728828,Cross-platform multimedia project Project,S16GSAX4CIDY,Globex Inc,Mitigation Annual Review,DARPA,TTO,Canceled,12/12/2025 21:00,,Complete,FAR-based Contract,Awarded,FAIN6158639,3/19/2022 1:28,,10/4/2021 21:55,proposal_46417889.pdf,person_Miller.pdf,
2025,SSA-optimization,1990-7633-2513-1879,Mary,,Williams,Collaborator,P0BJREZAN0YF,Stark Industries,Prohibited Factors,Prohibited Factors,No Mitigation Needed,Mitigation Measures Required,Mitigation Measures Required,,optimization strategy integration development deployment analysis research integration.,Threat Briefs,analysis solutions integration deployment strategy solutions integration.,46417889,OPP-728828,Cross-platform multimedia project Project,S16GSAX4CIDY,Globex Inc,Mitigation Annual Review,DARPA,TTO,Canceled,12/12/2025 21:00,,Complete,FAR-based Contract,Awarded,FAIN6158639,3/19/2022 1:28,,10/4/2021 21:55,proposal_46417889.pdf,,
2025,SSA-optimization,6743-4763-9778-8814,Robert,,Taylor,PI,S16GSAX4CIDY,Globex Inc,No Mitigation Needed,Prohibited Factors,Mitigation Measures Required,Mitigation Measures Required,Mitigation Measures Required,"Cessation, Increased Reporting",development integration synergy integration innovation optimization.,Threat Briefs,analysis solutions integration deployment strategy solutions integration.,46417889,OPP-728828,Cross-platform multimedia project Project,S16GSAX4CIDY,Globex Inc,Mitigation Annual Review,DARPA,TTO,Canceled,12/12/2025 21:00,,Complete,FAR-based Contract,Awarded,FAIN6158639,3/19/2022 1:28,,10/4/2021 21:55,proposal_46417889.pdf,,
2024,SSA-research,2412-4462-3155-5799,Patricia,Jane,Davis,Consultant,S16GSAX4CIDY,Globex Inc,Mitigation Measures Required,Mitigation Measures Required,Prohibited Factors,No Mitigation Needed,No Mitigation Needed,,deployment development development synergy innovation.,"Cessation, Increased Reporting",deployment synergy analysis innovation synergy development.,35489969,OPP-009573,Compatible demand-driven workforce Project,S16GSAX4CIDY,Globex Inc,Mitigation Annual Review,DHA,CDMRP,Draft,4/21/2022 20:15,,Complete,Other,In Negotiation,,,,7/23/2023 23:10,proposal_35489969.pdf,person_Davis.pdf,review_35489969.docx
2023,SSA-strategy,7368-9539-7504-1401,John,,Davis,Consultant,S16GSAX4CIDY,Globex Inc,No Mitigation Needed,Mitigation Measures Required,Prohibited Factors,No Mitigation Needed,No Mitigation Needed,"Cessation, Increased Reporting",synergy optimization research research innovation analysis analysis research optimization optimization synergy optimization deployment.,"Cessation, Increased Reporting",deployment strategy development innovation research.,67977964,OPP-486008,Cross-platform multimedia project Project,VWDUSH65P3UT,Wayne Enterprises,Initial,DTRA,CDMRP,In Progress,1/21/2022 22:01,MTHHJ KBQRLuTryRCrZYK A,Complete,Other,Declined,,7/17/2024 6:01,,12/7/2020 16:32,proposal_67977964.pdf,person_Davis.pdf,review_67977964.docx
2023,SSA-strategy,4607-7811-9415-6646,Mary,,Davis,Co-PI,8JK40Q30BVHV,Cyberdyne Systems,No Mitigation Needed,No Mitigation Needed,Mitigation Measures Required,Prohibited Factors,Prohibited Factors,Threat Briefs,analysis synergy innovation analysis deployment innovation solutions development innovation synergy research research deployment.,"Cessation, Increased Reporting",deployment strategy development innovation research.,67977964,OPP-486008,Cross-platform multimedia project Project,VWDUSH65P3UT,Wayne Enterprises,Initial,DTRA,CDMRP,In Progress,1/21/2022 22:01,MTHHJ KBQRLuTryRCrZYK A,Complete,Other,Declined,,7/17/2024 6:01,,12/7/2020 16:32,proposal_67977964.pdf,person_Davis.pdf,review_67977964.docx
2023,SSA-strategy,5260-7018-8099-8748,Susan,,Smith,Collaborator,8JK40Q30BVHV,Cyberdyne Systems,No Mitigation Needed,Prohibited Factors,No Mitigation Needed,No Mitigation Needed,No Mitigation Needed,"Cessation, Increased Reporting",,"Cessation, Increased Reporting",deployment strategy development innovation research.,67977964,OPP-486008,Cross-platform multimedia project Project,VWDUSH65P3UT,Wayne Enterprises,Initial,DTRA,CDMRP,In Progress,1/21/2022 22:01,MTHHJ KBQRLuTryRCrZYK A,Complete,Other,Declined,,7/17/2024 6:01,,12/7/2020 16:32,proposal_67977964.pdf,,review_67977964.docx
2023,SSA-deployment,8746-3273-1269-8861,Susan,,Wilson,PI,2GM2D03Z4F45,Omni Consumer Products,Mitigation Measures Required,No Mitigation Needed,Prohibited Factors,Prohibited Factors,Prohibited Factors,Threat Briefs,,,,54607805,OPP-498412,Assimilated tangible parallelism Project,CZ5TQAGRDPFT,Tyrell Corp,Initial,DHA,CDMRP,Canceled,10/17/2024 13:53,,Not Needed,Other Transaction Authority,Declined,,10/27/2024 6:08,12/1/2022 11:03,5/5/2021 16:47,proposal_54607805.pdf,person_Wilson.pdf,review_54607805.docx
2023,SSA-deployment,9283-9306-5786-5335,Linda,Robert,Brown,Collaborator,VWDUSH65P3UT,Wayne Enterprises,No Mitigation Needed,Mitigation Measures Required,Mitigation Measures Required,Prohibited Factors,Mitigation Measures Required,Threat Briefs,synergy innovation synergy solutions strategy integration.,,,54607805,OPP-498412,Assimilated tangible parallelism Project,CZ5TQAGRDPFT,Tyrell Corp,Initial,DHA,CDMRP,Canceled,10/17/2024 13:53,,Not Needed,Other Transaction Authority,Declined,,10/27/2024 6:08,12/1/2022 11:03,5/5/2021 16:47,proposal_54607805.pdf,person_Brown.pdf,review_54607805.docx
2023,SSA-synergy,1320-9747-9272-5744,Michael,,Wilson,Consultant,P0BJREZAN0YF,Stark Industries,Prohibited Factors,Mitigation Measures Required,No Mitigation Needed,Prohibited Factors,No Mitigation Needed,Threat Briefs,analysis integration deployment innovation research strategy analysis strategy research innovation deployment development solutions synergy.,Threat Briefs,integration solutions optimization synergy deployment analysis deployment deployment solutions integration analysis development innovation analysis.,77595824,OPP-725927,Ameliorated didactic strategy Project,EB3Q82NDH2ZA,MomCorp,Initial,DTRA,DSO,Draft,3/16/2022 11:45,,Not Needed,Other Transaction Authority,Declined,,7/6/2024 21:49,2/21/2025 13:51,,proposal_77595824.pdf,,
2023,SSA-synergy,8397-4644-6998-9181,Michael,,Davis,Collaborator,4K0AW4066EK0,Virtucon,Mitigation Measures Required,No Mitigation Needed,No Mitigation Needed,Prohibited Factors,Mitigation Measures Required,Threat Briefs,deployment integration development research integration research synergy integration development strategy analysis research integration development.,Threat Briefs,integration solutions optimization synergy deployment analysis deployment deployment solutions integration analysis development innovation analysis.,77595824,OPP-725927,Ameliorated didactic strategy Project,EB3Q82NDH2ZA,MomCorp,Initial,DTRA,DSO,Draft,3/16/2022 11:45,,Not Needed,Other Transaction Authority,Declined,,7/6/2024 21:49,2/21/2025 13:51,,proposal_77595824.pdf,,
2023,SSA-synergy,8746-3273-1269-8861,Susan,,Wilson,Consultant,1317BRU1K5HM,Blue Sun Corp,No Mitigation Needed,No Mitigation Needed,Prohibited Factors,Prohibited Factors,No Mitigation Needed,Threat Briefs,solutions development solutions deployment development solutions research synergy innovation optimization deployment development integration development.,Threat Briefs,integration solutions optimization synergy deployment analysis deployment deployment solutions integration analysis development innovation analysis.,77595824,OPP-725927,Ameliorated didactic strategy Project,EB3Q82NDH2ZA,MomCorp,Initial,DTRA,DSO,Draft,3/16/2022 11:45,,Not Needed,Other Transaction Authority,Declined,,7/6/2024 21:49,2/21/2025 13:51,,proposal_77595824.pdf,person_Wilson.pdf,
2025,SSA-optimization,9431-6654-7020-4261,Peter,Mary,Wilson,Collaborator,CZ5TQAGRDPFT,Tyrell Corp,Mitigation Measures Required,No Mitigation Needed,No Mitigation Needed,Mitigation Measures Required,No Mitigation Needed,Threat Briefs,optimization analysis synergy innovation research solutions solutions development research development synergy.,"Cessation, Increased Reporting",development synergy integration optimization optimization optimization synergy research.,48560594,OPP-533800,Cloned scalable matrix Project,4K0AW4066EK0,Virtucon,Initial,USA,I2O,Draft,6/14/2025 8:54,,Pending,Other,Awarded,FAIN5111145,4/16/2022 19:47,3/22/2025 18:23,6/3/2021 20:49,proposal_48560594.pdf,,review_48560594.docx
2025,SSA-optimization,1946-3590-5529-1334,John,Susan,Taylor,Student,CZ5TQAGRDPFT,Tyrell Corp,No Mitigation Needed,Prohibited Factors,Mitigation Measures Required,No Mitigation Needed,Mitigation Measures Required,Threat Briefs,analysis deployment analysis analysis research innovation synergy strategy development analysis analysis deployment innovation.,"Cessation, Increased Reporting",development synergy integration optimization optimization optimization synergy research.,48560594,OPP-533800,Cloned scalable matrix Project,4K0AW4066EK0,Virtucon,Initial,USA,I2O,Draft,6/14/2025 8:54,,Pending,Other,Awarded,FAIN5111145,4/16/2022 19:47,3/22/2025 18:23,6/3/2021 20:49,proposal_48560594.pdf,,review_48560594.docx
2025,SSA-optimization,7274-7939-3479-9584,John,Mary,Smith,Co-PI,CZ5TQAGRDPFT,Tyrell Corp,No Mitigation Needed,Mitigation Measures Required,Mitigation Measures Required,No Mitigation Needed,No Mitigation Needed,,,"Cessation, Increased Reporting",development synergy integration optimization optimization optimization synergy research.,48560594,OPP-533800,Cloned scalable matrix Project,4K0AW4066EK0,Virtucon,Initial,USA,I2O,Draft,6/14/2025 8:54,,Pending,Other,Awarded,FAIN5111145,4/16/2022 19:47,3/22/2025 18:23,6/3/2021 20:49,proposal_48560594.pdf,person_Smith.pdf,review_48560594.docx
2025,SSA-optimization,1990-7633-2513-1879,Mary,,Williams,Collaborator,1317BRU1K5HM,Blue Sun Corp,No Mitigation Needed,Mitigation Measures Required,Mitigation Measures Required,Prohibited Factors,Mitigation Measures Required,,innovation innovation development optimization synergy.,"Cessation, Increased Reporting",development synergy integration optimization optimization optimization synergy research.,48560594,OPP-533800,Cloned scalable matrix Project,4K0AW4066EK0,Virtucon,Initial,USA,I2O,Draft,6/14/2025 8:54,,Pending,Other,Awarded,FAIN5111145,4/16/2022 19:47,3/22/2025 18:23,6/3/2021 20:49,proposal_48560594.pdf,person_Williams.pdf,review_48560594.docx
2024,SSA-deployment,4712-9564-9492-1032,Peter,,Moore,PI,95C7CBF2RFOV,Acme Corp,Prohibited Factors,Prohibited Factors,No Mitigation Needed,No Mitigation Needed,Prohibited Factors,Threat Briefs,,,,15329059,OPP-875888,Configurable value-added system engine Project,4K0AW4066EK0,Virtucon,Initial,USA,DSO,Canceled,9/24/2021 20:56,,Complete,CRADA,Pending,,4/12/2025 20:28,5/24/2021 4:25,,proposal_15329059.pdf,,review_15329059.docx
2024,SSA-deployment,9818-6881-1670-7498,Linda,Robert,Davis,Collaborator,4K0AW4066EK0,Virtucon,Prohibited Factors,Mitigation Measures Required,Mitigation Measures Required,Prohibited Factors,Mitigation Measures Required,,solutions analysis analysis innovation solutions.,,,15329059,OPP-875888,Configurable value-added system engine Project,4K0AW4066EK0,Virtucon,Initial,USA,DSO,Canceled,9/24/2021 20:56,,Complete,CRADA,Pending,,4/12/2025 20:28,5/24/2021 4:25,,proposal_15329059.pdf,,review_15329059.docx
2024,SSA-deployment,9950-1762-8322-8866,Linda,,Williams,Collaborator,VWDUSH65P3UT,Wayne Enterprises,Prohibited Factors,No Mitigation Needed,Mitigation Measures Required,No Mitigation Needed,No Mitigation Needed,"Cessation, Increased Reporting",integration development innovation solutions innovation strategy analysis integration synergy strategy analysis deployment optimization innovation integration.,,,15329059,OPP-875888,Configurable value-added system engine Project,4K0AW4066EK0,Virtucon,Initial,USA,DSO,Canceled,9/24/2021 20:56,,Complete,CRADA,Pending,,4/12/2025 20:28,5/24/2021 4:25,,proposal_15329059.pdf,,review_15329059.docx
2024,SSA-deployment,6090-8727-9692-9539,Robert,,Davis,Student,S16GSAX4CIDY,Globex Inc,Mitigation Measures Required,Mitigation Measures Required,Mitigation Measures Required,Prohibited Factors,Mitigation Measures Required,Threat Briefs,optimization research integration synergy synergy.,,,15329059,OPP-875888,Configurable value-added system engine Project,4K0AW4066EK0,Virtucon,Initial,USA,DSO,Canceled,9/24/2021 20:56,,Complete,CRADA,Pending,,4/12/2025 20:28,5/24/2021 4:25,,proposal_15329059.pdf,,review_15329059.docx
2024,SSA-deployment,8305-6338-1273-4359,Jane,,Taylor,Collaborator,S16GSAX4CIDY,Globex Inc,No Mitigation Needed,Prohibited Factors,Mitigation Measures Required,No Mitigation Needed,Mitigation Measures Required,,synergy research research strategy strategy.,,,15329059,OPP-875888,Configurable value-added system engine Project,4K0AW4066EK0,Virtucon,Initial,USA,DSO,Canceled,9/24/2021 20:56,,Complete,CRADA,Pending,,4/12/2025 20:28,5/24/2021 4:25,,proposal_15329059.pdf,,review_15329059.docx
2024,SSA-research,8746-3273-1269-8861,Susan,,Wilson,PI,4K0AW4066EK0,Virtucon,No Mitigation Needed,Mitigation Measures Required,Mitigation Measures Required,Prohibited Factors,Mitigation Measures Required,,optimization solutions analysis synergy strategy innovation integration development development analysis innovation strategy solutions synergy solutions.,Threat Briefs,,4321209,OPP-384867,Advanced cohesive hardware Project,VWDUSH65P3UT,Wayne Enterprises,Initial,INSCOM,CDMRP,Canceled,12/7/2025 2:05,,Pending,CRADA,Pending,,,,,proposal_04321209.pdf,,review_04321209.docx
2024,SSA-research,9367-4896-5805-7010,Linda,,Miller,Consultant,8JK40Q30BVHV,Cyberdyne Systems,No Mitigation Needed,No Mitigation Needed,Prohibited Factors,Prohibited Factors,Prohibited Factors,"Cessation, Increased Reporting",,Threat Briefs,,4321209,OPP-384867,Advanced cohesive hardware Project,VWDUSH65P3UT,Wayne Enterprises,Initial,INSCOM,CDMRP,Canceled,12/7/2025 2:05,,Pending,CRADA,Pending,,,,,proposal_04321209.pdf,,review_04321209.docx
2024,SSA-research,6089-1576-5011-7603,Michael,,Miller,Consultant,EB3Q82NDH2ZA,MomCorp,Prohibited Factors,Mitigation Measures Required,No Mitigation Needed,Mitigation Measures Required,No Mitigation Needed,,research development deployment integration innovation development development analysis deployment deployment innovation strategy deployment optimization.,Threat Briefs,,4321209,OPP-384867,Advanced cohesive hardware Project,VWDUSH65P3UT,Wayne Enterprises,Initial,INSCOM,CDMRP,Canceled,12/7/2025 2:05,,Pending,CRADA,Pending,,,,,proposal_04321209.pdf,person_Miller.pdf,review_04321209.docx
2024,SSA-research,8300-2363-5827-8407,Jane,Mary,Williams,PI,VWDUSH65P3UT,Wayne Enterprises,No Mitigation Needed,Prohibited Factors,Prohibited Factors,Mitigation Measures Required,Prohibited Factors,"Cessation, Increased Reporting",analysis integration optimization innovation deployment research development development innovation research innovation development synergy analysis strategy.,Threat Briefs,,4321209,OPP-384867,Advanced cohesive hardware Project,VWDUSH65P3UT,Wayne Enterprises,Initial,INSCOM,CDMRP,Canceled,12/7/2025 2:05,,Pending,CRADA,Pending,,,,,proposal_04321209.pdf,,review_04321209.docx
2025,SSA-solutions,6066-9462-5085-9762,Jane,,Jones,Student,S16GSAX4CIDY,Globex Inc,Mitigation Measures Required,Mitigation Measures Required,Mitigation Measures Required,Prohibited Factors,Prohibited Factors,"Cessation, Increased Reporting",integration development innovation optimization research research.,,,6454265,OPP-255103,Ameliorated didactic strategy Project,95C7CBF2RFOV,Acme Corp,Mitigation Annual Review,NGA,I2O,Canceled,10/27/2022 9:33,,Pending,Other Transaction Authority,In Negotiation,,,,8/4/2021 11:28,proposal_06454265.pdf,,review_06454265.docx
2025,SSA-solutions,8936-7468-4916-2583,David,,Anderson,Consultant,1317BRU1K5HM,Blue Sun Corp,Prohibited Factors,Prohibited Factors,Mitigation Measures Required,Mitigation Measures Required,Prohibited Factors,Threat Briefs,development strategy solutions solutions research analysis optimization development development analysis synergy integration integration.,,,6454265,OPP-255103,Ameliorated didactic strategy Project,95C7CBF2RFOV,Acme Corp,Mitigation Annual Review,NGA,I2O,Canceled,10/27/2022 9:33,,Pending,Other Transaction Authority,In Negotiation,,,,8/4/2021 11:28,proposal_06454265.pdf,,review_06454265.docx
2025,SSA-solutions,6189-1769-2614-2033,Susan,,Brown,Co-PI,VWDUSH65P3UT,Wayne Enterprises,No Mitigation Needed,Prohibited Factors,No Mitigation Needed,Prohibited Factors,No Mitigation Needed,Threat Briefs,,,,6454265,OPP-255103,Ameliorated didactic strategy Project,95C7CBF2RFOV,Acme Corp,Mitigation Annual Review,NGA,I2O,Canceled,10/27/2022 9:33,,Pending,Other Transaction Authority,In Negotiation,,,,8/4/2021 11:28,proposal_06454265.pdf,,review_06454265.docx
2025,SSA-development,8603-5590-1153-5798,David,,Wilson,PI,VWDUSH65P3UT,Wayne Enterprises,Prohibited Factors,Prohibited Factors,Prohibited Factors,No Mitigation Needed,Prohibited Factors,Threat Briefs,strategy integration innovation development integration deployment strategy deployment.,Threat Briefs,strategy analysis development innovation deployment research synergy research.,78438803,OPP-645868,Compatible demand-driven workforce Project,95C7CBF2RFOV,Acme Corp,Mitigation Annual Review,DHA,CDMRP,Draft,8/16/2021 6:04,,Not Needed,CRADA,Awarded,FAIN9842800,,7/12/2020 6:11,,proposal_78438803.pdf,,review_78438803.docx
2025,SSA-development,8291-2539-5590-1671,Jane,Jane,Moore,Collaborator,S16GSAX4CIDY,Globex Inc,Prohibited Factors,Mitigation Measures Required,Mitigation Measures Required,Prohibited Factors,Mitigation Measures Required,,,Threat Briefs,strategy analysis development innovation deployment research synergy research.,78438803,OPP-645868,Compatible demand-driven workforce Project,95C7CBF2RFOV,Acme Corp,Mitigation Annual Review,DHA,CDMRP,Draft,8/16/2021 6:04,,Not Needed,CRADA,Awarded,FAIN9842800,,7/12/2020 6:11,,proposal_78438803.pdf,person_Moore.pdf,review_78438803.docx
2025,SSA-development,7077-4353-8590-5084,Linda,,Jones,Co-PI,VWDUSH65P3UT,Wayne Enterprises,Prohibited Factors,Mitigation Measures Required,Prohibited Factors,Prohibited Factors,Prohibited Factors,,,Threat Briefs,strategy analysis development innovation deployment research synergy research.,78438803,OPP-645868,Compatible demand-driven workforce Project,95C7CBF2RFOV,Acme Corp,Mitigation Annual Review,DHA,CDMRP,Draft,8/16/2021 6:04,,Not Needed,CRADA,Awarded,FAIN9842800,,7/12/2020 6:11,,proposal_78438803.pdf,,review_78438803.docx
2024,SSA-research,4018-3350-8748-8348,Peter,,Taylor,Collaborator,VWDUSH65P3UT,Wayne Enterprises,Prohibited Factors,Prohibited Factors,Prohibited Factors,Prohibited Factors,Mitigation Measures Required,Threat Briefs,strategy development research analysis deployment analysis deployment solutions deployment deployment development synergy optimization innovation.,Threat Briefs,,10158872,OPP-587414,Cross-platform multimedia project Project,EB3Q82NDH2ZA,MomCorp,Mitigation Annual Review,DARPA,MSO,In Progress,12/3/2020 13:18,Ebp XBSBKujMTkwyIiRAwybwyYRLavlmTGFrjlQlQzG,Pending,CRADA,Declined,,1/22/2022 23:50,,8/20/2022 10:04,proposal_10158872.pdf,person_Taylor.pdf,review_10158872.docx
2024,SSA-research,7405-9354-2947-4642,Patricia,,Wilson,Co-PI,8JK40Q30BVHV,Cyberdyne Systems,Mitigation Measures Required,Mitigation Measures Required,Prohibited Factors,Prohibited Factors,Prohibited Factors,,solutions deployment research optimization analysis development solutions development integration development analysis development solutions.,Threat Briefs,,10158872,OPP-587414,Cross-platform multimedia project Project,EB3Q82NDH2ZA,MomCorp,Mitigation Annual Review,DARPA,MSO,In Progress,12/3/2020 13:18,Ebp XBSBKujMTkwyIiRAwybwyYRLavlmTGFrjlQlQzG,Pending,CRADA,Declined,,1/22/2022 23:50,,8/20/2022 10:04,proposal_10158872.pdf,,review_10158872.docx
2024,SSA-research,7274-7939-3479-9584,John,,Smith,Consultant,2GM2D03Z4F45,Omni Consumer Products,No Mitigation Needed,Mitigation Measures Required,Mitigation Measures Required,Mitigation Measures Required,Mitigation Measures Required,Threat Briefs,solutions synergy synergy optimization research deployment innovation strategy synergy.,Threat Briefs,,10158872,OPP-587414,Cross-platform multimedia project Project,EB3Q82NDH2ZA,MomCorp,Mitigation Annual Review,DARPA,MSO,In Progress,12/3/2020 13:18,Ebp XBSBKujMTkwyIiRAwybwyYRLavlmTGFrjlQlQzG,Pending,CRADA,Declined,,1/22/2022 23:50,,8/20/2022 10:04,proposal_10158872.pdf,person_Smith.pdf,review_10158872.docx
2024,SSA-analysis,1946-3590-5529-1334,John,,Taylor,Student,8JK40Q30BVHV,Cyberdyne Systems,No Mitigation Needed,No Mitigation Needed,Prohibited Factors,Prohibited Factors,No Mitigation Needed,Threat Briefs,,"Cessation, Increased Reporting",optimization synergy deployment integration strategy synergy synergy.,27534443,OPP-913992,Assimilated tangible parallelism Project,S16GSAX4CIDY,Globex Inc,Initial,INSCOM,I2O,Canceled,12/12/2021 19:56,qyNDwCUlNZMkFJkvXW nx tLaKtYZRDACc bgJtCqGrPgJIOTfqsUdgYgSxaIZJXTvpCzrAfEWg QtCCuQvEIuolMiIcJsVVhTADjoUsUwttMjUaYPuDaurpeeuZiedBbukG kxHlunDoVyfyMyIJAxbboDAkNRhnZPrEV,Pending,FAR-based Contract,Pending,,4/12/2023 14:50,3/28/2023 14:22,3/28/2022 10:55,proposal_27534443.pdf,,review_27534443.docx
2025,SSA-research,6426-6062-5484-2188,Jane,,Wilson,Co-PI,S16GSAX4CIDY,Globex Inc,Prohibited Factors,Prohibited Factors,No Mitigation Needed,Mitigation Measures Required,No Mitigation Needed,,development innovation research optimization optimization innovation research development analysis.,Threat Briefs,deployment innovation deployment innovation innovation strategy deployment innovation research.,85866406,OPP-231782,Advanced cohesive hardware Project,CZ5TQAGRDPFT,Tyrell Corp,Mitigation Annual Review,DHA,DSO,In Progress,5/13/2024 2:04,,Not Needed,Other Transaction Authority,Declined,,6/13/2024 3:22,,4/12/2022 3:46,proposal_85866406.pdf,,review_85866406.docx
2025,SSA-research,7751-3047-7207-7844,John,Peter,Brown,Student,1317BRU1K5HM,Blue Sun Corp,Mitigation Measures Required,Mitigation Measures Required,Prohibited Factors,Prohibited Factors,Prohibited Factors,"Cessation, Increased Reporting",,Threat Briefs,deployment innovation deployment innovation innovation strategy deployment innovation research.,85866406,OPP-231782,Advanced cohesive hardware Project,CZ5TQAGRDPFT,Tyrell Corp,Mitigation Annual Review,DHA,DSO,In Progress,5/13/2024 2:04,,Not Needed,Other Transaction Authority,Declined,,6/13/2024 3:22,,4/12/2022 3:46,proposal_85866406.pdf,person_Brown.pdf,review_85866406.docx
2024,SSA-optimization,1532-1355-6668-6924,Patricia,,Williams,Student,VWDUSH65P3UT,Wayne Enterprises,Mitigation Measures Required,Prohibited Factors,Prohibited Factors,No Mitigation Needed,No Mitigation Needed,,innovation development optimization deployment optimization synergy development strategy optimization solutions optimization integration deployment analysis strategy.,"Cessation, Increased Reporting",innovation innovation strategy strategy solutions integration integration integration strategy.,19023847,OPP-878443,Compatible demand-driven workforce Project,P0BJREZAN0YF,Stark Industries,Initial,DTRA,MSO,Canceled,1/23/2025 7:55,,Not Needed,Other,In Negotiation,,11/10/2024 22:50,,11/17/2024 5:29,proposal_19023847.pdf,,
2024,SSA-optimization,3658-7489-4481-2249,Robert,,Williams,Student,4K0AW4066EK0,Virtucon,Mitigation Measures Required,Mitigation Measures Required,Prohibited Factors,Mitigation Measures Required,Prohibited Factors,Threat Briefs,,"Cessation, Increased Reporting",innovation innovation strategy strategy solutions integration integration integration strategy.,19023847,OPP-878443,Compatible demand-driven workforce Project,P0BJREZAN0YF,Stark Industries,Initial,DTRA,MSO,Canceled,1/23/2025 7:55,,Not Needed,Other,In Negotiation,,11/10/2024 22:50,,11/17/2024 5:29,proposal_19023847.pdf,,
2024,SSA-optimization,7026-3615-3405-5343,Mary,John,Jones,Student,8JK40Q30BVHV,Cyberdyne Systems,Prohibited Factors,No Mitigation Needed,Prohibited Factors,Prohibited Factors,Mitigation Measures Required,Threat Briefs,innovation deployment deployment strategy integration synergy strategy integration integration innovation analysis synergy research.,"Cessation, Increased Reporting",innovation innovation strategy strategy solutions integration integration integration strategy.,19023847,OPP-878443,Compatible demand-driven workforce Project,P0BJREZAN0YF,Stark Industries,Initial,DTRA,MSO,Canceled,1/23/2025 7:55,,Not Needed,Other,In Negotiation,,11/10/2024 22:50,,11/17/2024 5:29,proposal_19023847.pdf,,
2024,SSA-optimization,4162-7428-4491-5919,Peter,,Brown,Consultant,P0BJREZAN0YF,Stark Industries,Mitigation Measures Required,No Mitigation Needed,Prohibited Factors,Mitigation Measures Required,Prohibited Factors,Threat Briefs,development optimization optimization innovation strategy deployment analysis.,"Cessation, Increased Reporting",innovation innovation strategy strategy solutions integration integration integration strategy.,19023847,OPP-878443,Compatible demand-driven workforce Project,P0BJREZAN0YF,Stark Industries,Initial,DTRA,MSO,Canceled,1/23/2025 7:55,,Not Needed,Other,In Negotiation,,11/10/2024 22:50,,11/17/2024 5:29,proposal_19023847.pdf,,
2024,SSA-synergy,2782-3604-1777-7406,Patricia,,Taylor,Student,8JK40Q30BVHV,Cyberdyne Systems,Mitigation Measures Required,No Mitigation Needed,No Mitigation Needed,No Mitigation Needed,No Mitigation Needed,,,Threat Briefs,development synergy solutions innovation development optimization strategy strategy integration strategy deployment optimization.,57710590,OPP-721784,Advanced cohesive hardware Project,8JK40Q30BVHV,Cyberdyne Systems,Mitigation Annual Review,USA,DSO,Draft,9/1/2021 18:16,,Not Needed,FAR-based Contract,Awarded,FAIN5567918,,6/18/2024 22:21,5/6/2021 19:05,proposal_57710590.pdf,,
